0,1,2,3,4,5,6,7,8,9,10,11,12,13,14,15,16,17,18,19,20,21,22,23,24,25,26,27,28,target
0.420390771,-0.069346825,-0.570505018,0.19268677,-0.010419242,0.425124076,-0.355231144,0.096610951,0.077398548,-0.674742111,0.587399226,-0.751654014,-1.034041189,-0.887327171,0.54290595,-1.075651847,-0.666262126,-1.150407548,-0.168280571,0.236054402,0.134049841,0.071304563,0.046813397,-0.851860476,0.10299926,-0.375712498,0.820494047,0.666879997,-0.49258508,1
-0.239510611,0.252434292,-0.375572016,0.153964674,-0.105935395,-0.04050012,-0.29198292,0.134254843,-0.592495665,-0.652959392,0.355513717,-0.745484743,0.331258652,-0.732068343,0.603241932,-1.053706097,-0.788713853,-1.093675528,0.895596335,0.333097277,0.191476182,0.290352521,-0.25698738,-0.817678369,0.308659979,1.58255702,0.57426283,0.4790626,0.037205015,1
-0.118272788,-0.147273675,2.130266599,-0.32457647,0.325206165,0.269674608,0.765698048,-0.244009585,1.240398471,0.413786637,-0.309533195,-0.126707146,2.950455554,1.21135963,-0.859404607,0.054492752,0.779307377,0.092994145,0.514388469,0.111613515,-0.272591304,-0.403867615,-0.122662655,0.858509507,0.542583895,0.756341629,-0.237841396,-0.403985377,-0.986386031,0
-0.856339584,0.138286386,-0.629378794,0.614607328,-0.645146425,-0.665344037,-0.874640049,0.467202386,-1.046682456,-1.236294171,1.134528282,-1.178101454,0.349228227,-1.254949718,-1.23846029,-1.410171403,-1.627755403,-1.45993267,1.08515113,0.553302697,0.404541425,0.168449724,0.446415592,-0.20580322,0.493185545,0.658419181,1.608331733,-0.025888285,1.046309946,1
0.257487962,0.036310545,-0.204209257,0.507654361,-0.243326508,-0.193978914,-0.288303052,0.044935925,-0.396852756,-0.371330184,0.875170025,-0.731092767,-2.111478916,-0.634714885,0.439712293,-0.596384717,-0.736344168,-0.46415102,-0.325437847,0.125250149,0.161267721,0.166801209,-0.183595776,0.331965518,1.04437737,0.029552545,0.643068485,0.737741564,1.021931368,1
-0.414053547,-0.450309142,1.184439612,-0.376931942,1.009991062,1.38356278,0.520716282,-0.025854149,0.42866073,0.614011342,0.07418222,1.28862016,-0.602819108,0.744318807,-0.011614611,-0.189422654,0.734449182,-0.498855367,-0.94711822,-0.954016129,-0.140163032,0.634759885,0.35597368,-2.139832704,-0.093896207,-0.7218959,-0.664236217,-1.519287325,0.083865477,0
-0.906170657,1.093792714,-1.188981974,1.927837715,-1.211945399,-1.472381162,-1.470255444,0.821719449,-1.749467913,-1.675775286,1.845316521,-1.921139294,0.156636597,-1.716990138,0.393800758,-2.021289817,-2.174220172,-2.034387157,1.907957711,0.860144675,0.755996713,0.583960348,0.269596941,0.963677527,-0.862016287,0.885680561,1.625994828,1.398315512,1.383439771,1
0.517424232,-0.015548601,-0.226927891,0.43843938,0.045175421,0.110405082,-0.120821582,-0.010674328,-0.382384846,-0.150932458,0.483527645,-0.581315961,-1.199868955,-0.604419366,0.081258976,0.010766944,-0.446996691,0.138874255,-0.260331979,0.132605035,0.070803501,-0.06003877,-0.283603022,-1.004202809,1.06070073,0.416599939,0.365244245,0.538354076,-1.376212079,1
-0.330648912,-0.161175582,1.287777124,-0.590603226,0.288755101,-0.284954403,0.617563418,-0.083675916,0.080196031,0.396135549,-0.932213078,0.612319417,-0.104145593,1.097426518,0.94339879,0.603569979,0.404696977,-0.036621289,0.048536367,-0.15933913,-0.287466884,-1.276036089,0.293728943,0.688712163,0.151664963,-0.168317056,-0.218446456,-0.033030812,1.32662819,0
-2.000170298,2.5699611,-1.92451408,2.221063864,-2.318591986,0.161845304,-2.769028441,-1.133685854,-2.499857992,-2.325013384,1.275155945,-1.697907367,-0.191460997,-0.99397904,-1.319306429,-1.630120435,-1.790681081,-1.799661272,0.874096685,2.071375261,-2.120327147,2.569504882,1.581771707,0.802914883,-1.069802639,0.383744215,-2.779048226,-1.374658418,-0.14920708,1
-0.240132238,-0.915493061,2.236124872,-0.151930295,0.14316842,0.636063691,0.426315013,-0.1601898,-0.180551607,0.905193772,-0.952978179,0.544566077,1.004834705,0.474770205,1.673086683,-0.500386968,0.724665656,1.503671538,0.070742072,0.400874466,-0.100611496,0.204237257,0.361767716,0.172592802,0.37221853,0.13885852,-0.335764059,-0.325829429,-1.277634247,0
-1.154414548,0.40024138,-1.031192641,0.889554287,-0.889640456,-0.133270944,-0.982884808,-0.051486764,-0.978788991,-1.193751313,1.266979255,-1.218548957,-1.536328518,-1.231086533,0.195089539,-1.364293281,-1.393299733,-1.291109882,1.461787901,-0.226668979,-0.145846388,0.413808861,0.738004208,-0.850024861,0.206122258,-0.166482162,1.12659688,-0.046779276,-0.234213481,1
-2.399817055,2.901478106,-2.313373982,1.24598774,-2.913279734,-2.6585325,-2.224470692,4.797214413,-1.12218554,-1.248847746,1.091807867,-1.01196666,0.921051621,-0.870774,-0.111884488,-1.194373806,-1.403302597,-1.440147477,0.523970737,1.434856636,0.561770871,-1.586566764,-1.150495081,0.342199153,3.001291925,-0.511495079,1.773456187,0.903670247,0.787623336,1
1.048437008,-0.559240305,0.614548873,-0.475641302,0.07719129,0.553928964,0.26978088,-0.12179521,-0.120282502,1.118912529,-0.168305001,0.710265356,-0.396551008,1.034507106,0.469062043,-0.124782187,0.357658881,1.669500231,-1.292445149,-0.782948897,-0.200908616,-0.240976604,-0.073420293,-0.604085791,0.710794391,-0.573989447,-0.179690364,-0.077152428,-0.890893272,0
-0.247896464,-0.210488486,1.249900853,-0.402802139,0.372271304,0.884248969,0.366302036,0.072022804,0.174425209,0.484126346,-0.601358166,0.321703274,-1.6130859,1.409238615,1.475258956,0.77426948,0.329645167,0.927121341,0.488596584,0.002937461,-0.147234554,-0.598055224,-0.163341901,-1.999567845,0.262801731,-0.928097235,0.008795066,-0.090435941,1.235980513,0
1.776500437,-0.35801097,-0.100697575,-0.116682352,0.441167807,-0.472773074,0.731411333,-0.258844364,0.495770958,0.782257485,-1.288029945,0.404084775,-1.102444404,1.41974841,0.291521611,0.265348677,0.325775682,0.134977191,-0.553387524,-0.495564425,-0.05636658,0.313623045,-0.039314259,0.073368155,0.634748311,-1.197985278,-0.284686372,-0.252546457,-0.658540324,0
-0.348624095,0.353160257,-0.666833955,0.921207018,-0.496249541,-0.70044129,-0.753177592,0.200294088,-1.117766252,-1.108435168,1.10921921,-1.221099126,0.981956781,-1.392939786,-0.103745729,-1.310570544,-1.540809253,-1.382066739,0.311987057,0.817295746,0.356101937,0.034955776,-0.160732472,-0.342312866,1.488101897,0.608406066,1.726474106,1.14528586,-0.55741207,1
-1.435336647,1.416955459,-1.481437183,1.76150384,-1.726597287,-1.397722899,-1.772209614,1.05819254,-1.728673158,-1.862953919,1.554646925,-1.86009862,0.181912693,-1.316828062,-1.489999665,-1.945600583,-2.152354698,-2.208537188,1.2511776,-0.147736207,0.461208843,-0.139292299,0.479638638,1.227114614,-0.66669533,-0.842541505,-1.003900019,-0.219546268,0.51762094,1
-0.294828969,-0.973850162,1.972255177,-1.437784081,-0.307727658,1.357657018,0.793491144,-0.042624456,0.022231893,0.339087746,-0.098825437,0.512507913,-0.744215626,0.413717869,-1.372329711,0.910732818,0.743743072,-0.469895696,-0.312146258,0.736729839,0.056029594,0.419853912,0.800314906,-0.553584761,0.536570353,-0.708920581,-0.300404722,0.091378093,0.502733115,0
0.016162194,-0.158960463,0.607019977,-1.124573954,0.870237361,0.275648452,1.228504003,-0.341581873,1.031317361,0.302347832,-1.116177933,0.231398146,-0.579528425,-0.110305206,-0.374370389,0.391529109,0.684718897,0.536548327,-0.08611264,-0.155022236,-0.244948102,-0.392845023,-0.332175562,0.721878694,-0.319982353,-0.590036999,-0.972332254,-1.320290838,0.600011892,0
-0.002739119,-0.693907429,2.084482171,-1.634087312,-0.22721716,0.697227203,0.255083944,-0.088190119,-0.684960917,1.178673871,-0.045801956,0.087505378,-0.571483022,0.649583459,0.84675678,0.175061592,0.730517684,0.935269939,0.097107616,-0.187227201,-0.057314397,0.442890681,-0.045702243,0.012797032,0.028065311,0.113009443,-0.140931717,0.073162681,1.046567156,0
-0.598222684,0.24593839,-0.070159134,0.231644733,-0.070430988,-0.058003334,-0.07947506,-0.553571467,1.07827022,0.462570587,0.650272201,-0.826538546,0.863692171,-0.390951323,0.99721722,-0.810739604,-0.627498397,-0.538946055,0.973695443,-0.346091883,0.460994271,-0.057839529,-0.486739575,0.459839452,-4.94E-05,-1.125198545,-2.248618099,-0.93887633,-1.508462721,1
-1.835700912,1.632521769,-2.072326984,2.354572865,-1.592942414,-0.988979371,-2.033952619,-0.075192801,-1.933517692,-1.925370489,2.168361735,-1.729536086,0.777968215,-1.694821824,-0.385663142,-1.514899539,-1.397284789,-1.443181869,0.363834467,0.815291888,-1.136290947,1.019685008,1.121322777,-1.69194334,-0.424272306,1.346969674,3.07069524,-3.540012839,-1.330490866,1
-0.560296759,-0.274201273,-0.476364064,0.427867662,-0.335067268,-0.61635941,-0.08063026,0.110098666,-0.576646058,-0.728759253,0.779623217,-0.82140353,-1.316592946,-0.854876165,0.825981442,-0.674084463,-0.651804809,-0.240392337,0.52643644,1.465474093,0.271979513,-0.169868978,0.836207962,0.057365633,0.28477444,0.274754515,0.605333438,0.37843792,-1.512419129,1
1.042442663,-0.320077354,0.622733317,-0.337020518,0.137278059,-0.152649534,0.466358696,-0.201064692,0.48602923,0.480699291,-0.642796107,0.906115333,0.65675618,0.528385347,1.253718457,0.800696579,0.425698856,0.120770752,-0.369794844,-0.220728619,-0.22117772,-0.751873373,0.096016584,0.633032287,0.302967185,0.232258234,-0.261318197,-0.02545027,0.961797735,0
-0.35133163,-0.635228977,-0.214691615,-2.69425282,-0.260555586,0.839712345,1.253260091,-0.561813416,0.206476435,0.366987255,-0.401866304,1.518066976,1.141892457,0.971555043,-0.339172687,-0.24743464,0.337312179,1.927046765,0.16597597,-2.576899248,0.253041254,-0.28079583,0.817251123,0.548455082,0.530547088,-0.281103888,0.383881878,-1.336198854,-0.075854596,0
-1.873360284,2.21586377,-1.928295618,1.79764815,-2.191596274,-0.533767818,-2.626403375,-1.03367637,-2.027572931,-2.357431714,1.323091036,-1.677339877,-0.398411781,-1.048986362,-2.067538438,-1.717747732,-1.876932326,-1.987187076,0.605980361,1.591641464,-1.919349591,1.490378905,1.714878778,0.783296403,-2.64750212,-2.487148187,-2.498627102,-1.228224518,-1.282687409,1
0.413345703,0.655661852,-0.759181104,1.197372404,1.088429587,-1.341249364,0.242057412,-0.177103761,-0.67038541,-0.714339627,1.053497866,-1.14420995,1.474363572,-1.247571545,-0.786183948,0.121982653,0.79574556,1.121089844,-2.062979585,0.281972586,-0.042795093,-0.559682199,-0.606115112,-0.686225138,2.537132874,1.106295473,0.429487788,0.878162959,-1.684321989,1
0.75383788,0.399837932,-0.486339182,0.850389149,1.925652695,-0.678360786,1.047721599,-0.304431158,-0.772810798,-0.04731144,0.747426875,-0.059583649,-1.470356775,-0.923560607,-0.298781544,3.052427316,4.341350716,3.396720537,-2.938757998,-0.11485231,-0.226628575,-0.256691386,-0.670996109,-0.713018507,2.133888515,1.079678388,-0.205779747,0.36876919,0.688768065,1
1.798664873,-0.45030034,0.024070004,-0.471964717,0.261041127,-0.236683823,0.49491958,-0.222408881,0.894205751,0.60489317,-0.90157378,0.766586601,-0.204813644,1.051261234,0.901917919,0.308056032,0.32501014,0.245306981,-0.525357299,-0.418325155,-0.001475216,0.79492803,0.061605658,2.651286742,0.292688478,-0.379277397,-0.266900183,-0.218460141,-1.658580777,0
1.722965877,-0.301664621,-0.439952622,-0.495497439,1.374876294,0.746266861,0.58496244,-0.114234596,0.440819774,0.243251058,0.150309804,0.624228256,-0.890560528,-0.025036185,0.170342797,0.397359901,1.649169924,0.323243401,-0.950862599,-0.403523122,-0.10023378,0.214096879,-0.072429339,-1.832590144,0.285477407,1.626371592,-0.283981992,-0.202745669,-0.122964453,0
0.927141154,0.181625508,-0.48994851,1.04009039,0.296393639,-0.150808593,-0.047801492,-0.031965853,-0.487401149,-0.223417027,0.685173037,-0.520757581,-0.881487737,-1.000272248,-1.722890414,0.141334112,-0.070386592,0.447102616,-1.291348234,0.006501656,0.007808505,-0.218354389,-0.04954763,-0.680548959,0.242608062,0.266446087,0.388401823,0.527460229,0.984764549,1
-1.402976125,1.411350019,-1.438814095,0.752832794,-1.415002696,-1.710693377,-1.092316392,1.63582466,-0.629329375,-0.89496237,0.536738913,-0.950461866,-0.526479677,-0.948655571,1.074829839,-0.860541762,-0.835330763,-0.799549492,0.266934118,0.670051586,0.253180397,-0.766598407,-0.098205858,-0.042681237,0.79924879,-0.623400661,1.315088549,0.460146564,1.538080673,1
-0.444472948,0.581253888,-0.585288699,0.340945184,-0.380112428,-1.017275977,-0.519144483,0.264870636,-0.17493612,-0.997290923,1.45135349,-1.22935916,0.522950309,-0.989356624,-0.50647895,-0.762377054,-0.730813155,-0.332901453,0.087484843,0.327797511,0.147360551,-0.490292387,-0.026437506,0.175502365,0.061815422,0.682729498,0.444878638,0.604041926,-1.201050746,1
-0.449389778,-0.274960335,-0.696028113,-0.108639903,-0.391291724,0.89418173,0.894017442,-0.051638779,-0.120815322,-0.53989633,-0.100525137,-0.573423096,-0.781642001,-0.503453344,0.007009624,-0.666529862,-0.349090162,-0.709254686,-0.240448986,-0.632239381,0.111100697,0.980251169,0.564360515,-1.021404631,-2.292274304,-0.105527578,1.080445174,0.863255147,-1.03818491,1
-0.317954517,-0.401929271,1.090786732,-2.126072421,0.14299958,-0.171120304,0.577216719,-0.153181408,1.804594415,0.363087808,-1.583538154,0.476564018,-0.804652829,0.468657686,-0.345552047,0.781667717,0.196261283,0.389677717,-1.248678815,-0.280737375,-0.060796921,0.809877054,-0.049882143,0.233980693,-0.173709033,1.243647569,0.337471099,0.886630721,-1.263619202,0
-1.126663521,0.342779745,-1.072854172,0.990452507,-0.720683585,-1.104079804,-0.922648826,0.707464667,-1.280784027,-1.246736191,1.419183056,-1.251688237,-0.355161687,-1.403995417,-0.169215388,-1.249433037,-1.402070013,-1.196491772,1.008812385,0.075165984,0.311655331,-0.306064695,0.225520391,-0.739350604,0.64721145,1.33100526,1.433985905,-0.371161355,0.260805604,1
-0.10943293,0.94420561,-1.052581028,1.512452478,0.206824574,-1.117848312,-0.359727129,0.238798361,-1.34990599,-0.803820666,1.126762582,-1.017432478,0.319794157,-1.555741607,0.889464491,-0.469790129,-0.139497396,0.442335069,0.372615283,0.647207433,0.118491901,-0.535870312,0.018965758,-1.514973402,-0.044285202,1.131902749,0.541005949,0.294629212,1.099932413,1
-0.22210375,0.365165602,-0.704122713,1.20303294,1.531816018,-1.256866562,0.277462733,-0.161635596,-1.097406868,-0.55958336,1.115371165,-0.882268349,-1.615061823,-1.398079992,0.34375447,-0.047955913,0.634504996,0.811718384,-1.586402225,-0.101424785,-0.029003704,-0.073809058,0.243173541,-0.677917263,2.095231382,1.291557764,0.39038629,-0.164057367,-1.411199839,1
-0.36920326,-0.080164134,-0.720214023,0.233702714,-0.543456886,1.051728416,0.405678678,0.109887805,-0.363991898,-0.739347071,0.270132513,-0.705126531,-0.72946226,-0.808365191,-0.195966935,-0.691144052,-0.435209376,-0.862054633,-1.106804762,0.246329143,0.186009357,0.310005351,0.718760207,-0.759887919,-2.348698809,0.103277158,0.938509987,0.775067691,-1.039508529,1
0.711627908,0.407293779,-0.768499108,1.188148749,0.318244306,-1.05604041,-0.097817501,-0.065541554,-0.836021911,-0.55949209,0.625123431,-0.961653338,-1.652861365,-1.237335215,-0.713238319,-0.404396234,-0.319989298,-0.262524313,-1.559549464,0.145539032,0.071891815,-0.391805111,-0.125976463,-0.403008169,0.753509547,0.493887596,0.66601599,0.824022115,0.190379243,1
-0.024193325,0.012621209,-0.075382039,0.342188863,0.209233012,0.335515139,-0.066574735,0.014637034,-0.349481205,-0.217021587,0.509323679,-0.238270165,0.68408078,-0.603682488,-0.517699113,-0.142877283,-0.381677113,-0.052941285,-0.508542841,0.049199916,0.061724303,0.096810321,-0.468172189,-1.2270167,0.90867587,0.051640317,0.249459738,0.434651908,-0.896901578,1
-0.246768548,-0.153549268,1.673480657,-0.643038129,0.182528376,0.35448299,0.916061404,-0.266157634,0.801793231,1.024213004,0.008468261,1.067429693,-0.450448369,0.43469015,-1.023609853,0.220076637,0.328210286,0.195912511,0.28643482,-0.042894784,-0.208184138,-0.149563579,-0.289826225,1.211100119,-0.298452581,0.264894685,-0.652600203,-0.503029322,-1.714740662,0
-0.307616989,-0.188834564,0.020939777,0.252292279,-0.424506471,0.324092679,0.084487182,0.010794213,-0.203174092,-0.375569516,-0.038856468,-0.273061113,1.400044956,-0.581238837,-0.161499161,-0.707467152,-0.307364051,-0.37905754,1.186852435,0.702414396,0.105939267,0.270013279,0.424601502,0.48007612,-0.027046707,1.341819489,0.204730897,0.478578161,0.153910359,1
-1.706172663,2.605520601,-1.206877681,0.504437798,-0.951615117,3.222381817,-2.306932261,-6.029695999,0.273115441,-0.700372881,0.991239146,-0.708464989,-1.892818778,-1.183637183,-0.288478921,-1.231559796,-0.723495519,-0.991872219,-0.169494249,-4.118386154,8.084852631,-6.450657575,6.359710144,-1.075428962,0.350308278,-0.240527356,1.533694826,2.15756577,1.488124167,1
-0.393933471,0.425757003,-0.722345695,0.417567953,-0.188265962,-0.023918932,0.279523071,-0.347380624,-0.4246706,-0.71385452,0.369063423,-0.76283644,-1.147068175,-1.040924235,0.700602425,-0.404326743,-0.054308532,0.21364027,0.181880253,0.01802835,-0.28747605,-0.009395415,0.126680577,-0.299222269,0.39333167,-0.921415964,0.303896275,-0.388690108,0.505303768,1
-0.022463392,-0.389006986,2.215999465,-0.255890071,-0.032698846,0.466493844,0.45446853,-0.115661811,0.647279185,0.413070575,-1.261664015,0.52526889,-0.256895946,0.538616318,0.617730054,0.299896399,0.515293862,0.4202075,0.657274313,0.125796351,-0.073752562,0.157599373,0.127035456,0.8935232,-0.839235745,0.862659946,-0.098414022,0.276530802,0.02255706,0
-0.250348706,0.119997663,-0.016561864,-0.06697536,0.072021319,-0.337487864,-0.057693963,0.025634161,-0.359966532,-0.440313469,0.585483157,-0.589196544,-1.448398474,-0.536959178,-0.118594479,-0.393606685,-0.625870325,-0.105068215,-0.115357182,0.086835252,0.111013889,-0.014432214,-0.268783415,-0.362624344,0.371088569,-1.052316322,0.429595257,0.574529443,0.56786789,1
0.10006515,-0.302195281,1.050812625,-1.001693616,0.15695006,0.628705413,0.45988142,-0.13160201,-0.289188986,0.663925966,0.086253878,0.562915945,0.519875676,0.184542813,-0.164386669,0.89824578,1.097580206,-0.152081327,1.234382361,0.097171509,-0.059659301,0.30096563,-0.131729723,-0.615757969,-0.783781245,-0.509370733,-0.153127672,0.240473989,-0.454461672,0
-0.251407348,-0.611823723,0.154170343,-0.935533885,1.515445443,0.915275667,0.556605857,-0.048104853,0.520082148,0.40786756,0.013107494,0.919742449,-0.480334119,0.362903004,0.051896529,0.345835658,0.75933873,-0.199812111,-0.929100158,-0.703970143,-0.252945577,-0.364283326,1.21590411,-1.551076744,-0.71114765,0.556962473,-0.009894819,-0.109344734,0.168775063,0
0.159688274,0.71962734,-0.815734132,1.307675039,0.60596908,-1.711709254,-0.014299788,-0.111535127,-0.794232907,-0.915930764,1.319065841,-1.359309962,-0.241204393,-1.369656789,-0.783874504,-0.359254659,0.102581721,0.395452431,-2.04288772,0.331570415,0.044787503,-0.569379403,-0.565655108,0.24338392,2.465953299,1.062023277,0.730448465,1.145301632,1.316332572,1
0.016173607,-0.038214523,0.013036964,-1.484140149,0.978100418,-0.05862237,1.093590221,-0.2054473,0.43386187,0.748068864,-0.764861994,0.536757556,-0.807405539,1.277805425,-0.760407797,0.370524823,0.158391699,0.699154139,0.207653733,0.016110576,-0.041617448,0.67256408,-0.383119374,-1.738892904,-0.266713804,0.342887821,0.519431163,0.810551618,-0.652909163,0
0.924798168,-0.290382152,0.655828187,0.072859742,0.289359592,0.503845653,0.432202301,-0.12409964,0.173760574,0.676165822,0.121909265,1.50989396,0.172307751,0.521646288,-0.613686402,0.597674848,0.545220051,0.114507556,-0.748847665,-0.308072539,-0.153543352,-0.25709772,-0.006682297,0.131739284,0.579206852,0.182413929,-0.230554493,-0.055984791,-1.444041776,1
-0.186500125,-0.212129216,0.851178224,-0.116035422,0.036653398,0.969717451,0.750582564,-0.029232224,0.115428381,0.453837359,-0.313170595,0.988353169,-0.67269973,1.109997457,-0.453947861,0.11320903,0.596814543,0.361157449,0.716283681,-0.261093245,-0.068387435,0.205219778,-0.065214763,-0.513914357,-0.29022235,-0.573434189,-0.236205223,-0.098567538,1.345223882,0
-0.517724644,-0.284807081,-1.008492208,1.589821329,1.793039925,-1.784838936,-0.089174441,-0.023915735,-0.9039178,-0.305798553,1.313326418,-0.733384162,-0.750721002,-1.366619538,0.70172241,-0.061031696,0.791602382,1.249020929,-0.175297328,-0.795903524,-0.042654348,0.605521443,2.781762623,-0.851286597,-0.600778061,1.243800678,0.387901591,1.291637834,0.583671844,1
-0.592073277,0.42508,-0.25089784,-1.019759766,-0.01686825,-0.075238434,0.207537922,0.289657929,0.60049162,0.965221922,-0.70064616,1.736611592,0.280752072,1.917836249,-0.287216212,0.620900677,0.389070008,0.945620429,0.026582513,-0.082348434,0.061856718,1.1998407,0.147881716,-0.914565748,-0.761232841,-0.50908166,-0.252651361,0.077241309,1.630677653,0
-0.060367804,0.197618222,-0.371696624,-0.451591039,0.640266423,-0.298105763,0.27134302,-0.026331013,-0.393592299,-0.392810994,0.392697955,-0.184749454,0.254501144,-0.527874684,-1.149866746,-0.123861,-0.140832765,0.21240896,0.027669344,-0.013069241,0.049618894,0.119412594,-0.377788616,-0.005737872,0.499000683,1.006081771,0.043698792,0.250634333,0.712778169,1
-0.393746499,-1.08293681,1.449030392,-2.115052587,0.539911688,1.045511572,0.317272363,0.023715546,0.002906767,0.499497858,-0.237890752,0.209630747,-1.06957207,0.677912899,0.27655578,1.439687649,0.507566642,-0.472291394,-0.828893341,0.594172048,0.008154388,0.06455608,0.396024739,-2.658450461,0.510805012,-0.615498745,-0.003522749,0.198825272,-0.695672464,0
1.803395133,-0.488706294,-0.088545551,-0.717297186,0.514316466,0.263913968,0.516358266,-0.189465987,0.742853164,0.613829199,-0.327405762,1.608660951,0.352703254,1.030834304,-0.623825985,0.388918348,0.241583587,0.291882016,0.421831806,-0.307559023,-0.153024283,-0.270095589,0.111026684,0.458990431,0.072926507,-0.222149083,-0.30502964,-0.267072883,-1.693363347,0
-0.766492524,-0.041856639,-0.65356005,0.937289091,0.083066721,-1.252168316,-1.005634031,0.254156804,-0.924580048,-1.049174326,1.375768248,-1.297569342,-1.43574162,-1.336042561,0.247451669,-1.552683862,-1.533409988,-1.447928554,1.831534868,-0.001692263,0.292630173,0.038586848,-0.891611143,-0.737550617,-0.599749576,-0.233257907,2.467070965,1.171981269,-1.25229908,1
0.906079225,-0.55065728,0.289730609,-1.031947972,0.11262954,-0.392924798,0.615508829,-0.220453589,1.108544271,0.254329784,-0.477968156,0.827325226,-1.013869086,1.308229453,2.103441999,-0.100689839,0.579595553,-0.054513068,-0.091886894,-0.205373491,-0.058409326,0.191670459,-0.218756081,0.895459063,1.23928799,-1.421133288,-0.226139053,-0.043917992,0.454491824,0
-1.122410672,0.937801754,-1.083026299,0.730486819,-1.061893442,-1.165636552,-0.865227965,0.908097824,-0.739817424,-0.917680436,0.705997289,-1.035559941,-0.070224043,-1.058387806,1.38190223,-1.062419963,-1.06873884,-0.970135558,0.781920003,0.384135245,0.29158073,-0.281401212,-0.108483396,0.129347328,0.597446502,-0.50141393,0.573111763,1.015724833,1.187970422,1
0.943279948,-0.077128859,-0.012388449,0.143209201,0.607108274,-0.129931407,0.529186924,-0.152024954,0.628821805,-0.068614153,-0.190241007,0.207250658,-1.1511634,-0.579080233,0.53149093,1.161502203,2.67153233,1.41163692,-1.21374995,-0.276097668,-0.26185557,-0.781442208,-0.15006356,-0.594831086,0.996218403,-0.73081933,-0.126356118,0.193564863,-0.637745344,1
1.07280014,-0.235528231,0.164058315,-0.243263432,0.697451328,0.527741652,0.517035869,-0.166768672,0.424052111,0.35870416,-1.219117047,0.633288333,1.147148147,0.190220961,1.599459516,0.881645869,0.58099442,0.58111714,-0.583817955,-0.199855006,-0.147069618,-0.179969623,-0.297357271,-2.234029005,1.331885343,-0.496364219,-0.177340985,-0.014583573,0.546766569,0
1.970070091,-1.025956148,0.194524462,-1.448713074,-0.237488854,-0.041495473,0.093607146,-0.194809896,-0.028180011,1.454854085,-1.476277179,0.099386613,-0.13097964,0.527614376,-0.044897816,0.197754619,0.639348592,0.294950497,-0.421993437,-0.6064232,-0.16318513,-0.023595196,0.215927727,-0.186882563,-0.550330669,-0.392037925,-0.221079027,-0.206597649,1.11889947,0
-0.238013301,0.021208322,1.422444365,-0.732151787,0.265821341,0.287857079,0.627418172,-0.035264139,-0.143555773,0.42270802,0.209569153,1.957685685,0.817775205,1.112736954,0.186609809,0.456056033,0.419954763,-0.120065438,-0.100022169,-0.129194561,-0.240098635,-0.997715379,0.015007979,0.423484605,-0.126576254,-0.20125876,-0.231065258,0.000362792,-0.476986316,0
-0.225880978,-0.050607503,1.565375667,-1.01184229,0.249353037,0.814856825,0.379037446,-0.445436261,0.589230807,0.120358973,-1.05050295,0.666393447,0.810781829,0.066681499,0.69283121,1.236821718,0.561148214,0.787456697,-0.6844621,-0.467496883,0.448813287,-0.596448799,-0.256509375,1.121456268,0.361960748,0.999423151,-0.057923823,0.134792421,-1.60403351,0
-1.236665875,0.978195432,-1.06491526,1.607821958,-1.452284999,-1.043468715,-1.567703257,1.150700895,-2.067951124,-1.712448928,1.503202278,-1.669116091,0.874393777,-1.569277421,0.622843449,-2.066392149,-2.337127888,-2.283175618,2.51185101,0.502885202,0.792494942,0.592419552,-0.005806657,1.364893124,0.308460547,0.790922424,1.412675238,0.476225285,0.500072872,1
0.813417142,-0.766739351,0.943549189,-0.423317896,-0.054726554,0.961747425,0.172844819,-0.068195063,0.102804465,0.955714844,-0.008847101,1.371325485,0.254816717,0.707368586,0.098549705,-0.29076838,0.528075073,1.162000556,-1.683107717,-0.575411168,-0.134493322,0.179676548,-0.116545043,-0.490435638,0.431896648,-0.440715137,-0.134266503,-0.017145497,0.738613306,0
-0.212688841,-0.018669093,-0.002035612,-1.518582495,0.967635806,0.02835201,1.202057693,-0.249809784,0.784332926,1.262745262,-0.302944553,0.640437405,-0.828182646,0.987059958,-0.630451573,0.202912849,0.18908055,0.423751336,-0.080651886,0.207456328,-0.082105036,0.752741858,-0.27217894,0.629502264,-0.268422279,0.12593712,0.411298537,0.854610197,1.010170521,0
-0.75073775,0.221627457,-0.289689342,-0.484966226,-0.18929585,-0.786959576,-0.204465526,-0.286600418,0.539976354,-0.436242537,0.618333284,-0.779291651,-1.027721267,-0.928911393,1.624886745,-0.798220391,-0.740229683,-0.750347004,-0.169704874,-0.332623045,0.312480239,-0.417788625,-0.778921297,0.444391443,-0.167712996,-1.10528055,-0.906793855,-0.875573878,0.179544641,1
0.469513603,0.207123084,-0.343732099,-0.067965099,1.921747219,-0.605267206,1.198572153,-0.299097806,1.171792316,-0.335469884,0.418176171,-0.598563548,0.60889456,-0.729198777,-1.148344736,2.037267729,3.849602203,3.487738816,-2.086426282,-0.225005845,-0.327648034,-0.840821988,-0.340597642,0.007753677,0.809959346,-1.776235886,-0.592830915,-0.71690082,1.529094224,1
-0.091439588,-0.185908284,0.819078221,-0.653317801,0.039837525,0.050733936,0.618534443,-0.116487035,0.333386469,0.155600523,0.108614596,0.232957187,-1.536511828,0.146389792,0.259026607,1.285342593,0.398425195,1.264372644,-0.916425115,-0.336106203,-0.028642012,0.230153452,-0.106397791,0.853411622,-0.477021669,0.689657473,-0.263720781,-0.022161953,-1.161743883,1
1.625463103,0.095339256,-0.384881967,0.798629824,1.211950233,-0.321052745,0.821323119,-0.209029969,-0.366048617,0.428826911,0.297936542,0.283908851,-0.705711808,-0.53303541,-1.457604178,2.505018993,2.125056199,2.246214419,-1.958129008,-0.342594145,-0.163282909,-0.330800131,-0.095269073,-0.641078032,0.464771636,0.276785086,-0.25631,-0.006952496,-0.764137961,1
-1.07031995,0.79092817,-1.041940818,1.349634473,-1.285973407,-0.670372778,-1.073972226,0.747671042,-1.261482935,-1.343727751,1.2083792,-1.572042384,0.182725554,-1.230439353,-0.85358563,-1.703114504,-1.839162539,-1.90768393,1.416469128,-0.282434673,0.44520442,-0.388173689,0.033671703,0.953993659,-0.621330032,-0.736239672,0.400343165,0.676673913,-0.652338389,1
-0.500687319,0.300301198,-0.588416141,-0.166429618,-0.37725129,-0.918150527,-0.262212154,-0.348551404,0.258577674,-0.683637197,0.742501506,-0.927575125,-1.154524554,-1.063951374,1.98309411,-1.00890833,-0.841485354,-0.705241289,0.828054533,-0.088041126,0.518216542,-0.336179972,-0.143161293,0.216121873,-0.045987248,-1.465133692,-1.042493471,-1.922643609,0.330198791,1
0.198492237,-0.204439508,0.616319402,-0.318575884,0.915424709,0.962274928,0.780520221,-0.129878588,0.24623574,0.692172572,-0.300237345,0.919867818,0.260357934,0.912420514,2.210191786,-0.316872842,0.807684039,-0.65950548,-1.284467503,-0.097520464,-0.015477892,1.090645677,0.13513497,-1.544401971,-1.677243596,-0.756164114,0.177075859,-0.109094884,1.3198786,0
0.058322537,0.339599876,-0.391454223,0.805648985,2.258574244,-1.070787871,1.264023525,-0.227103833,-0.762407829,-0.08822405,0.501967566,-0.227212185,-1.714206539,-0.954257253,-0.098232599,2.849112797,4.441951519,3.120680699,-3.215758551,-0.233674298,-0.135439072,-0.242657128,-0.320114395,-0.365975828,1.674564599,0.95619553,-0.331751362,0.332795366,0.207444681,1
-0.047255291,0.055065453,0.527497993,-0.347049546,1.031940686,-0.216615892,1.364603305,-0.285792025,-0.321489441,0.481067858,-1.082244206,0.842795856,1.076685693,1.062710259,-0.247532491,-0.144265755,0.468477103,0.043916908,0.225466646,-0.159551094,0.030550482,1.089759679,-0.795038657,0.206458981,2.700675215,0.144116737,-0.365599347,-0.047594874,1.718022062,0
0.275435747,-0.379426485,-0.047615537,-0.061315712,-0.167001112,0.096343525,0.487738126,-0.147438644,0.523369594,-0.055251383,-0.186925955,0.262466045,0.666478281,-0.229114385,1.491456033,0.17784844,0.352282579,0.369949227,-0.399811574,0.173198144,0.00691527,0.171069131,-0.065974569,0.134709636,-0.298824663,-1.089404787,-0.045171676,0.0304731,-1.60373006,1
-1.669283836,0.13212627,-0.897808269,-1.842111258,-1.684981249,0.14093759,-0.583860859,1.65294152,-0.180216999,1.246120127,-3.583888862,2.007413796,2.086277495,3.763051243,0.562016247,3.521219495,1.435078493,1.321244201,-2.061793773,-0.44682747,-0.093984754,-0.54307876,-1.967572746,0.116318904,1.583571801,-0.200076887,-0.203827568,-0.89955937,-1.067993794,0
-0.380914242,0.300797506,-0.11322725,-0.708601787,0.031472135,-0.522081308,0.308282833,0.184548658,0.265988534,0.180623726,-1.503799734,0.701412804,-0.155270352,0.945012086,0.65202932,0.758302255,0.899200791,1.026010333,-0.354778746,-0.498903081,0.07477864,0.924259392,-0.044018587,-0.025878918,-0.58671233,-0.355975396,-0.452042062,0.165126928,-0.601692619,0
1.743704981,-0.955878517,0.139206412,-1.173944987,-0.022655401,0.493589786,0.137556644,-0.158946525,0.581465967,0.944078115,-1.727980223,0.231143301,0.666667601,0.455205204,0.75583404,1.930839107,0.341667286,-0.060833436,0.231031702,0.108105621,0.057663502,0.892808376,-0.046674245,0.187078801,-0.279502914,-0.144013906,-0.249116391,-0.161745793,0.96133389,0
1.490919821,-0.690890107,0.536525288,-0.227171926,-0.129975262,0.49185715,0.110090744,-0.110415297,2.161439768,0.259944394,-1.221779669,1.502040919,1.015445147,-0.090977137,-0.337966123,0.671933873,0.696841464,0.821086003,-0.525023549,-0.167141905,-0.042205801,0.740076351,0.050635724,-0.063578249,-0.509549127,-0.489666651,-0.112797256,-0.059603951,-1.612741074,0
-1.457013769,1.222126521,-1.397738421,1.491429372,-1.674895292,-1.745825566,-1.71351824,1.606644691,-2.060471472,-1.932985864,1.591662392,-1.62990137,1.156084648,-1.656916709,1.620007407,-1.935537106,-2.13898035,-2.093915568,2.515160323,-0.059278622,0.769870765,-0.219623867,-0.327234779,1.034143637,-0.027788847,0.859894514,-0.001705122,-0.463027992,-0.906276732,1
-0.229503768,-0.427330105,2.351847285,-0.145801109,0.530233028,1.78224537,0.298696191,0.017840423,1.091194527,0.572612579,-0.066049703,1.201345861,-1.918601874,0.458976201,-1.191369892,-0.435078519,1.167744757,-0.606704996,-0.070501064,-0.520413693,-0.202349546,-0.118147004,-0.122786751,-1.685362287,-0.900796107,-1.026186312,-0.555251669,-0.270168066,-0.573426994,0
-0.506658474,0.146531119,-0.430772494,-0.336673017,-0.410270569,-0.115011248,0.306869981,-0.200199961,0.256403425,-0.357471453,0.542470435,-0.575705687,-0.548552922,-0.621629186,1.838372908,-0.875225946,-0.560602858,-0.749539546,1.095472686,-0.529916944,0.039166633,-0.188938564,0.571939737,0.388052576,-1.384189951,-2.44448308,-0.59590784,0.550806315,0.512845218,1
-0.429545307,0.496784392,-0.482492671,0.661316779,-0.252033565,-0.094013364,-0.527431661,0.102249143,-0.920405273,-0.871376116,0.979725922,-1.026311292,-0.381312537,-1.12593603,-0.050762917,-1.196813335,-1.10622059,-0.931025341,1.537922085,0.524489777,0.376909062,-0.06658726,-0.349724174,-1.069893156,0.300863456,0.052113364,1.105583227,1.050708948,1.429127749,1
-0.283663768,-0.60764002,0.149514984,0.327098504,-0.171583007,1.826588298,3.413826392,-0.502423099,-0.042257389,1.299501145,-0.194641401,0.142655274,-0.029975386,0.148123616,-1.432734404,0.954540076,-0.094571465,0.196112471,-0.736234078,-1.375270915,-0.412865746,-0.028992509,0.702824467,0.488625637,0.226014101,-0.760973651,-0.661037829,-3.35175586,1.26255549,1
1.930704939,-0.427829696,-0.221984306,-0.560774743,0.691774927,0.018721539,0.661869521,-0.239555683,0.657815544,0.676274875,-1.899038579,0.478251573,-0.297369911,1.086337731,-0.261791871,0.253830345,0.329741258,0.0475838,0.140330285,-0.387767,-0.088553563,0.214541543,-0.107565084,0.240896611,0.724112299,1.492159485,-0.372323754,-0.310466916,-0.376025682,0
-0.807637186,0.763477252,-1.142828343,1.03526556,-1.111947555,-2.105394501,-1.372606154,0.582982307,-1.534770705,-1.936906786,1.919094613,-1.719540155,0.279348174,-1.932125253,1.949511413,-2.076705088,-2.20044493,-2.097764672,2.400340306,1.227512389,0.619131,-0.193431852,-0.15212013,0.730998072,0.878821428,0.184187311,2.870480158,1.619653357,-1.655940763,1
-0.078148761,0.823150211,-0.972394099,1.496955855,0.300448975,-1.273464509,-0.22367921,0.15371015,-1.252021109,-0.736327295,0.886655078,-0.990717176,-0.295964378,-1.47587143,1.35628564,-0.321185569,0.181661629,0.638872644,0.115778711,0.401123811,0.085037196,-0.503872236,0.092226417,-0.959847111,-0.393972002,1.055916552,0.330615459,0.092631835,-1.464411927,1
-0.151543252,0.108716956,-0.159342946,0.388456185,-0.240034905,0.06462638,-0.166425024,0.134970779,-0.190922735,-0.427938102,0.620640952,-0.57794968,-1.842037057,-0.643730048,0.418858859,-0.482395635,-0.321214718,0.413547789,0.946293215,0.273491465,0.193144382,0.716632721,0.061844671,0.68628245,-0.768256591,-0.377238566,0.462753019,0.603453332,0.439929124,1
0.220585648,-0.187185392,0.531452639,-1.059127459,0.557700712,0.159573192,0.780332585,-0.157991617,0.343882678,0.501409915,-0.416562805,1.120037566,0.021129361,0.873894778,-1.107277935,0.625492928,0.205461787,0.257893446,0.109864285,-0.182077666,-0.202363617,-0.530656339,-0.029280322,-0.849833054,-0.810114074,0.350053611,0.053040342,0.098339137,-0.986069576,0
0.873220512,-0.520697196,0.596165746,-0.413600335,0.163092316,0.598102366,0.342697279,-0.083765187,0.556882653,0.635563249,0.092556527,0.626948561,-1.933979964,1.336614808,1.191726636,0.401049259,0.452748943,0.073563184,-0.827490866,-0.362954331,-0.042873523,0.271583733,-0.068762884,-0.496355037,0.349474881,1.013625499,-0.267802267,-0.107196567,1.129339588,0
-0.504533189,0.005919507,-0.825450322,0.06783653,-0.632346206,1.187040622,0.27592006,0.200653568,-0.433635044,-0.964647785,0.512877168,-0.864739385,-1.07151695,-0.95119158,-0.013795356,-0.938787084,-0.629134728,-1.029179603,-0.744040951,0.327959473,0.25801069,0.592895359,1.076539241,-1.36552402,-2.229002227,0.278268092,1.221462368,0.839524479,0.23837055,1
-0.261238989,0.504600889,-0.651751816,0.502955137,-0.395478036,-1.003791425,-0.543579369,0.222800112,-0.079942757,-0.927931296,1.474034597,-1.226110184,0.630765724,-0.997625332,-0.156339448,-0.817392634,-0.711141229,-0.311098764,0.561884422,0.358687682,0.158760198,-0.328347509,0.202369424,0.182881722,-0.968081621,0.692510845,0.490502462,0.532105717,-0.993306131,1
-2.60427381,3.308791817,-2.489212943,1.280426902,-3.246323093,-2.873935153,-2.428286686,5.781066384,-1.06178772,-1.171706258,0.878916484,-0.849944409,1.443216673,-0.606989076,-0.189112898,-1.050537611,-1.29266122,-1.407389597,0.299636082,1.495541212,0.573142291,-1.869161464,-1.350285076,0.385944453,3.71886272,-0.485475781,1.520891962,0.784433077,-0.41457681,1
0.175080882,0.085582014,-0.474250407,0.562586649,-0.036377097,0.330190244,-0.158735444,0.134584676,0.081901926,-0.462240782,0.543482304,-0.507858653,-1.492797881,-0.902337386,-0.468775087,-0.459460433,0.112815325,0.999346911,1.374582885,0.307607936,0.14435789,0.73860843,0.118011299,0.53158707,-0.757570305,0.236837466,0.286359793,0.198777414,0.788149316,1
-0.689479021,-0.895196976,-0.343968941,-0.202048125,0.231060051,0.205555547,0.005917639,0.111685659,-0.014954474,-0.394532113,-0.018060775,-0.165173535,0.368970311,-0.190402893,-0.144795921,-0.52663864,-0.388184449,-0.518604426,0.089338694,0.126278496,0.165287455,0.475358846,-0.584573633,-1.044857058,-0.611677606,-0.112856444,0.384834316,-0.824183713,1.163577394,1
-0.422605051,0.018978824,-0.261428147,0.250779259,-0.153001344,-0.182838834,0.158720836,-0.18432012,0.372716465,-0.193160441,0.462532388,-0.526996154,0.75909037,-0.729514302,0.647340172,-0.482684279,-0.333650785,-0.199198319,0.244515974,-0.484161792,-0.007785784,0.161008447,0.097832843,0.154160019,0.258963891,-1.539084209,-1.177149068,0.857665171,-0.26361921,1
1.733832209,-0.680423472,0.115485286,-0.352284088,0.046349269,0.164340789,0.303520415,-0.175388421,0.127997192,1.251863792,-0.365644395,0.822622827,-0.552159696,0.996378895,-0.790591887,-0.213948788,0.344519505,2.03225278,-1.212812909,-0.85810287,-0.092772756,0.58119006,-0.032798596,0.012917885,0.251895281,-0.799280761,-0.204039528,-0.228273717,0.795023176,0
1.612423369,-0.56931323,0.035172877,-0.13480716,0.510604353,0.979714217,0.400526572,-0.119255301,1.063177991,0.647927135,-1.066713571,1.84975218,0.438020529,0.593991751,-2.247528114,0.286989241,0.283543638,0.271526563,0.584695001,-0.236294984,-0.234354109,-0.660973091,0.039334273,-0.623872316,0.221073769,-2.121685715,-0.213969907,-0.210362505,0.464426192,0
-1.908276301,2.13719986,-1.908476303,1.209542792,-2.185729767,-2.2237411,-1.816165816,2.93829957,-0.818246251,-1.442008017,1.650909732,-1.498677119,1.4407629,-1.131930679,-0.69896497,-1.450781575,-1.541653005,-1.438255428,0.805046105,1.296250597,0.493423265,-1.141762972,-0.626553054,0.124821519,1.656222758,-0.638201257,2.224432378,1.1642837,0.676680649,1
0.849297884,-0.597907698,1.677100488,0.07026096,-0.174222808,0.820874024,0.137281787,-0.045297917,1.803529427,0.444289473,-1.480343717,0.815294107,-1.640823181,0.400763019,-1.350868114,0.011750854,0.7679119,-0.134982361,-0.376844541,-0.464541244,-0.163877002,-0.02571599,0.007559408,0.827894756,0.536890974,-0.73432171,-0.114692953,-0.016859861,-0.82226449,0
1.908652288,-0.746533407,-0.410610261,-1.469947818,1.504451273,1.976177927,0.323892302,-0.027383997,-0.041392652,1.090282642,-0.799038501,0.577807206,0.015269265,1.116438352,-0.10383248,-0.402133658,0.47457625,0.627728612,-0.87127105,-0.696867849,-0.20669464,-0.255953642,0.046618559,1.627128061,0.355772797,1.713678195,-0.330100405,-0.30294836,-1.441541928,0
1.474238853,-0.787777534,-0.221482006,-0.847709145,1.285267032,2.270629868,0.250499577,0.04936117,0.890542038,0.616464478,-0.655806664,0.872143244,-0.028870472,0.913785083,0.779520621,0.479923764,0.291096393,0.029893051,-0.482752843,-0.010850474,-0.084380958,-0.171423733,0.113893409,1.581296112,-0.432861633,0.523910093,-0.291020479,-0.185094261,1.717185408,0
-0.390830197,-0.021782079,0.074999067,-0.506578156,1.296457476,2.311544126,0.110092936,0.087010708,0.279908696,0.635875773,-1.255067611,0.83668839,-0.013028319,1.159724256,0.092753895,0.270703927,0.524025089,0.498770757,0.919450676,-0.281270278,0.157826798,-0.488348249,-0.284664319,2.278299525,0.221869828,-0.550021603,0.122147923,-0.121583757,-0.21334914,0
-0.681117697,-0.174696339,-0.231514293,0.487926873,-0.20417999,-0.304580877,-0.068394092,0.042116856,-0.20279373,-0.36369025,0.719867653,-0.867109207,-0.696400898,-0.49204511,0.292690479,-0.577349667,-0.636886046,-0.503932953,-0.07227844,0.247495328,0.032287639,-0.481483365,-0.211123377,0.300011127,-0.324895143,-0.89987573,0.733479669,-0.441317491,-1.30930429,1
-0.687886528,0.690057779,-0.309397362,0.148479687,0.465235542,1.234795221,-0.37281391,-1.887813941,2.58422352,0.635391013,0.092019341,-0.516752288,1.031661872,-0.288219341,-1.005456336,0.370922514,1.221942087,1.641515535,-0.89907633,-2.285452112,2.895551179,-1.980314323,1.313963529,0.268441111,-1.706430841,-1.246201263,-0.292861057,0.622829731,-1.71141861,1
-1.350656864,-2.774831648,-0.459611626,-1.236857516,-0.293823456,1.675153899,1.487569364,-0.195350868,1.906204467,2.539991865,-0.06753608,0.653564223,0.351729936,0.192977518,-0.070946192,1.886720832,0.441978384,-0.880038579,-0.38978444,-3.232032458,-0.867651138,-0.397872702,-1.400518822,-1.163328854,-1.067179211,-1.868445358,-0.210476153,8.072159036,-0.971592131,0
-0.982318774,1.123279402,-1.168557494,1.649577466,-1.128990043,-1.554415378,-1.296745941,0.721988871,-1.82015913,-1.783100279,1.804346806,-1.909206665,-0.244871919,-1.76161702,-1.202308324,-1.994879546,-2.208655848,-2.133503036,0.803475049,0.739388761,0.692067986,0.244323829,-0.057617935,0.913490864,0.546891028,0.536635549,2.124932387,1.606897689,0.233356403,1
-1.939774754,1.91561445,-2.147362174,2.343892016,-1.756872585,-1.116519923,-2.143812457,0.240696398,-1.913779915,-1.893397667,2.102811994,-1.692423996,0.959146308,-1.629932684,-0.458479821,-1.473009024,-1.350369738,-1.428940319,0.284461057,0.818732871,-1.126883705,0.923891235,1.293890211,-1.70835859,-0.079615131,1.387871777,2.997010849,-3.574768783,-0.408477469,1
-1.696897909,1.457386103,-1.838853874,2.121335462,-2.051691859,-1.943335791,-1.908848132,2.3049232,-1.656635333,-1.924417586,1.454014233,-1.817315389,0.747274888,-1.439936781,-2.285698348,-1.742795217,-1.943778507,-1.997394544,0.314062644,-1.639171141,0.903220689,-0.282248026,-0.43165044,1.108553039,-1.241662033,-0.375501523,-2.321637584,-1.825655633,0.58908481,1
-0.499350393,-1.897238205,1.591458092,-1.946344224,-0.616704959,1.540236492,1.154845753,-0.070904854,-0.220769489,0.364186858,-0.800661251,0.364790767,-0.618004336,0.193867573,-3.221263547,0.162124544,0.709007322,0.351979044,-1.190061518,1.149103895,-0.047427262,-0.486195955,1.894796295,-0.760255737,1.239190535,-1.087829107,-0.468021397,0.162167342,-0.121900934,0
1.328716251,-0.054898468,-0.092309828,0.585958839,0.823112354,0.108946084,0.638984215,-0.163866799,-0.195136855,0.603399346,0.136684465,0.412068722,-0.850808964,-0.150713376,-0.98319636,1.830735568,1.267846992,1.304571753,-1.548454062,-0.360549523,-0.167977223,-0.420501022,-0.042806089,-0.645213334,0.425629978,0.049712874,-0.249185481,-0.032471974,0.0511507,1
-0.439480688,-0.012077187,0.244971984,-0.185262864,-0.122626674,0.044954487,-0.088443281,-0.021714575,-0.015615411,-0.146090245,0.466905619,-0.510437067,-0.960870814,-0.344725063,-0.121528195,-0.476703698,-0.826348611,-0.35004145,-0.195776103,-0.124938223,0.162345566,0.665036248,-0.178678811,-0.069132495,0.323607651,-1.045563761,-0.681911616,-0.486163451,1.274884221,1
0.927885378,-0.418047,0.525732185,-0.224225799,0.186166335,0.205929467,0.471871808,-0.159575719,0.413284527,0.679145901,-0.157433674,0.862341025,-0.774343704,1.189883437,0.343406498,0.728461487,0.22574603,0.737034627,-0.18721281,-0.229901578,-0.071925358,0.036053952,-0.214446646,0.030131318,1.017406815,-0.785708532,-0.244118143,-0.065735907,-1.683824909,0
-0.861932243,0.477301015,-0.592082368,0.687088495,-0.421748464,-0.25137923,-0.684388904,-0.042684783,-0.555953499,-0.776222935,0.86996836,-1.121477591,-0.754191999,-0.980982646,0.685346818,-1.326709502,-1.075552363,-1.367209637,0.559780103,-0.400350334,0.719815682,-0.072893791,-0.196256966,-0.187455638,-0.617440942,-0.525424523,-0.420342749,0.48005251,-1.402946005,1
0.863189159,-0.423392263,0.739451221,-0.037236852,0.126225633,0.268366178,0.484286132,-0.166091335,0.641559732,0.534092216,-0.741790483,1.219401014,0.082820859,0.734917457,-0.189196569,0.062077571,0.573506568,-0.261062995,-0.665204714,-0.246824988,-0.122669104,-0.049296992,-0.096505504,0.88339465,0.934040438,-0.811936693,-0.201128794,-0.030831668,-0.286668389,0
-0.068367175,0.058147867,-0.177793282,0.293061807,-0.210322939,-0.043992186,-0.180005094,0.091912639,-0.148757807,-0.474101703,0.684352879,-0.550844401,-1.367706267,-0.700272988,-0.066151975,-0.464511908,-0.447912517,0.168968463,0.318281306,0.249445179,0.190656557,0.643895295,-0.074624816,0.715046498,-0.26217679,-0.638377713,0.57460023,0.790922659,-1.167698724,1
1.002645919,-0.331950939,0.728061906,-0.173694094,0.127889648,-0.053644107,0.484016514,-0.200988515,0.480166894,0.588050392,-0.787597859,0.9928851,0.642548186,0.835110803,1.128915348,0.561140157,0.289835843,0.174988418,-0.547824869,-0.249054195,-0.12079739,-0.125911954,-0.060259981,0.83633636,0.846810958,-1.082232887,-0.21027856,-0.03111202,1.343913268,0
0.729574917,0.701171001,-0.957011824,1.473244704,0.705909519,-1.299159224,0.021972825,-0.030286097,-0.597585811,-0.488709555,1.406507678,-1.087443025,0.95208982,-1.187104913,-0.644427343,-0.043239574,1.094300653,1.950835099,-0.311236442,0.327707414,0.040796075,0.0831195,0.219581581,-0.431277609,-1.621334898,0.94749261,0.552401417,0.261241777,-1.5886067,1
0.70436233,-0.586871638,0.522514452,-0.097036126,0.204895253,0.687061559,0.479811832,-0.121455371,0.55423543,0.589818246,-0.190902474,1.380249512,-0.480185616,0.918834446,-0.769658736,0.253493965,0.415060531,0.137992685,-0.216748681,-0.023194206,-0.095176073,-0.155382466,-0.278173418,-0.491719363,0.928700127,-0.779025583,-0.2350332,-0.027881104,-1.513400283,0
0.916525943,-0.435391042,0.256778404,-0.089516889,0.343275248,0.522564889,0.440813206,-0.130573193,0.896487642,0.297721808,-1.287541846,0.40003626,-0.747828179,0.140415972,0.335739659,0.633684437,0.888101202,0.37548256,-0.422511713,-0.128920429,-0.234068735,-0.868079638,-0.128961655,-1.302598796,0.583018803,-1.004582434,-0.193200734,0.038761756,1.078011779,1
0.138140972,-0.443897383,0.04558582,-0.646082741,0.920498246,-0.104898405,0.491713524,-0.25525372,0.676989176,0.610986964,-0.22579926,0.683584483,-1.390880665,0.822225468,-0.536675616,0.233733662,0.513401107,0.730793915,0.404464136,-0.671971471,0.11156033,0.664900694,0.139795069,1.485877784,-1.239560028,0.08168729,0.035711907,-0.048370108,1.296958026,1
1.515803805,-0.970204151,-0.046944704,-1.129951928,0.075967163,0.174794727,0.356412449,-0.203783218,0.032993891,1.061330239,-0.015445932,0.845906669,0.747619961,0.779639033,-0.342748257,1.336394903,0.408219028,-0.146616207,0.243655652,0.292319623,0.141493409,1.281890209,-0.193382108,1.722060032,0.08001961,0.018087143,-0.323951301,-0.175309649,1.150228493,0
-1.567201835,1.538690159,-1.634224079,1.474334574,-1.716235227,-1.741060208,-1.924121103,0.58415642,-1.512710086,-2.217133853,1.659402487,-1.787921223,-0.036134505,-1.689795634,-1.04668425,-1.917169802,-1.870017003,-1.78371328,1.72345605,0.381610576,0.182665432,1.245582887,-0.582272789,0.85827487,-1.538246996,-0.620162883,-0.2616679,0.548913282,1.703793157,1
0.21973989,-0.079449955,-0.175061932,0.153214669,-0.089770787,0.077905117,-0.254957993,-0.023993307,-0.164431755,-0.323738356,0.545679877,-0.431511057,0.284315658,-0.529709396,0.506029194,-0.40447116,-0.723993654,-0.147205884,0.263536228,0.172400624,0.098235713,0.31752524,-0.382150984,-0.970133834,1.274410572,-0.444423426,0.523017246,0.528424436,0.328025512,1
-0.196245893,0.109667673,-0.19264358,-1.506893035,0.792602903,0.14096179,0.742403696,0.010017282,0.209909327,0.540987926,-0.939390462,0.87706032,-0.254753675,1.755418513,-0.834390646,0.52106769,0.230245876,0.751587882,0.205663139,-0.147935922,-0.00858016,0.622960997,-0.263622992,-0.53159254,-0.146543927,0.2740285,0.187435598,0.488806685,-0.491403071,0
-0.580397766,0.080377191,-0.324942837,0.367981731,-0.671143114,0.803987399,-0.048355302,0.138587038,-0.551064972,-0.700425666,0.526512945,-0.769886612,0.489132484,-0.81965283,0.184096701,-0.83268104,-0.978649046,-0.951830322,-0.324952793,-0.17197142,0.175887848,0.564758994,0.534165758,-0.862336468,-0.218372005,-0.635651849,0.783068118,-0.249442156,-0.058323868,1
0.859826211,-0.413453928,0.588182261,-0.215679604,0.232822727,0.39396696,0.480711628,-0.149001988,0.296737008,0.640795539,0.133309403,1.689510033,0.379478694,1.048691893,0.46045615,0.431245184,0.313263827,0.22752414,-0.62201847,-0.172161051,-0.044507611,0.289450808,-0.16873578,0.122519892,0.880073831,-0.77447413,-0.218091673,-0.055309376,0.258437251,0
-0.415383626,0.347425749,-0.142810549,0.115377376,-0.242246568,0.203629969,-0.435461547,-0.737033502,-0.160641592,-0.417536105,0.648009282,-0.552049524,-0.179341792,-0.374471369,0.788450241,-0.654492042,-0.584566104,-0.226367265,0.969070925,0.774953794,-0.192966725,0.671567588,0.172228335,0.150555038,-0.271450482,-1.017465059,-0.333496628,-0.545684798,-1.471006902,1
-1.945887664,1.933228405,-2.151896282,2.343157658,-1.766969405,-1.123608954,-2.150382087,0.260843951,-1.912526614,-1.891402578,2.098768436,-1.690114848,0.970271711,-1.625891533,-0.462824737,-1.470365534,-1.347467328,-1.428144949,0.279692966,0.81650843,-1.126690186,0.918144676,1.302221629,-1.709095635,-0.058632152,1.390499314,2.994262906,-3.577905475,-0.911283653,1
1.026734389,-0.696994852,0.944578964,-1.050079537,-0.099733167,0.448121507,0.16350682,-0.123763819,-0.001699373,0.933974653,0.207620874,1.04822993,0.905559559,0.594384467,0.490233252,1.529308292,0.480770579,-0.344031819,0.086897371,0.0058571,-0.029406003,0.34437561,0.019423705,0.128248355,0.189856563,-0.783449293,-0.194794427,-0.053021581,-1.566964951,0
-0.31792798,-0.703403787,1.065014772,-0.42194372,0.445654066,-0.186190761,0.248881028,-0.025136589,0.517525854,0.315828296,-1.566225103,0.621475924,-0.490972452,0.943410131,0.209730531,0.298016998,0.584497505,0.038723747,0.759146978,0.180998049,-0.170476203,-0.939441458,0.183340443,-0.009832841,-1.375254862,0.647289,-0.215698294,-0.414743787,-1.349544622,0
-0.677998944,0.850406236,-1.098288492,1.098358606,-0.982680085,-2.207741854,-1.287238011,0.408565738,-0.998293002,-1.903236765,2.04270187,-1.98802613,-0.561659805,-1.800067892,0.303687143,-2.107148297,-2.176973101,-1.986283873,1.590043281,1.222525739,0.68634248,0.518917006,-0.201816097,0.918020359,0.386123815,-0.534739914,2.725661847,2.286415118,-1.354141164,1
0.318878616,-0.335236414,0.770014204,-1.108718302,0.512052501,0.930463049,0.430333992,-0.077857841,0.880950742,0.35102716,-0.895290027,1.06447218,0.448451171,0.572780514,-0.640471354,0.932962541,0.094337238,1.304135025,-0.00363874,-0.288882992,-0.012303064,0.74762292,-0.276823029,-0.555961985,-0.367455182,-0.645029205,-0.148148644,-0.098293738,-0.484874566,0
0.049571751,0.070450796,0.998244413,0.258669503,1.021532115,0.618123294,0.972509116,-0.169759721,-0.551698444,0.920095416,-1.558493806,0.461143971,1.139454631,0.75378839,-0.844254808,1.10473871,0.142629109,0.185818452,-1.986725362,-0.284858799,0.019911431,0.790035995,-0.359848101,1.339331403,0.0395371,0.155745723,-0.114465532,0.287569504,-0.273650393,0
-0.167403076,-1.546709093,-0.755241982,0.433263839,-0.068124941,-0.56898844,0.875973792,-0.268855124,-0.097503995,-0.345423899,0.121353982,-0.218949993,0.484156189,-0.411603887,-0.128026323,-0.449308919,-0.171593037,-0.122848877,-0.508077909,2.405804846,0.3807146,-0.001160107,-1.344262857,-0.240773203,0.628053113,-1.072291889,-0.065824144,0.812484633,0.578059468,1
1.01428417,-0.369689864,0.844240942,-0.340063307,-0.001096418,-0.335650036,0.454489027,-0.211546653,0.502684799,0.569200329,-0.464610224,1.053947165,0.436950644,0.835112616,1.132471742,0.521711696,0.372056015,-0.021065583,-0.541185661,-0.255265373,-0.123048435,-0.140226181,0.057580188,2.111161922,0.412423424,0.785371055,-0.280599309,-0.053617461,-0.562073637,0
-0.105002035,-0.11876878,1.008363355,-1.177582068,0.192909422,-0.274169886,0.701822528,-0.116392392,0.110057382,0.218339195,-0.979857687,1.030738779,1.025061023,0.868547402,0.038313694,0.784984316,0.295375875,0.0437896,-0.851319037,-0.282169727,-0.041920063,0.208536319,-0.08892645,1.01234724,-0.429998342,1.641473007,-0.363325737,0.036764718,1.452580082,0
0.112025214,-0.114727696,-0.11506283,0.423034902,-0.090185093,-0.018676904,-0.194751104,-0.029832997,-0.025174339,-0.213110944,0.345729921,-0.57348424,-0.87878752,-0.596427195,-0.738065082,-0.641677094,-0.695362608,-0.536144433,0.331866887,0.095458762,0.060177759,0.102229444,0.013983518,-0.263747584,0.582164589,-0.249129302,0.450563622,0.142948849,0.630567841,1
-0.21980743,-1.063041177,0.227608261,0.961897267,0.550744812,0.718119802,1.402965981,-0.374194071,0.390192549,1.571518672,-0.258266647,-0.32487047,2.041860297,1.546052327,-0.281270964,0.212241534,0.675271181,0.153790707,0.416289466,-0.193227848,-0.268708741,-0.153234384,0.35008958,2.354658854,-1.067746813,0.015879806,-0.137082286,-1.931206898,-0.631247184,1
0.032692606,0.077848647,0.383611654,-0.205899022,0.626025731,0.575585831,0.47992442,-0.024689485,0.753194855,0.206181295,0.287086685,-0.202693957,2.037614386,0.963541372,-0.033427791,0.822440366,1.183932707,1.5692132,-0.120677161,-0.147438145,-0.143888811,0.003276106,-0.202558407,-1.693173645,-0.204316938,-0.668664259,0.011828877,0.025873922,1.100982928,0
-0.549574825,0.495978242,-0.020157888,-0.54229967,0.321868736,0.77111,-0.022510862,-1.591058494,0.5165742,0.627255859,-1.823408503,1.140056083,-0.624787561,1.429904422,-1.193099708,0.193455164,0.642078185,0.132806672,-0.708857934,-2.349267713,2.538889331,-1.797764526,0.984227828,-0.398446168,0.627124928,-1.224498108,0.082035768,0.029872074,0.730183181,0
-0.454694719,0.569250456,-0.534957759,0.822790161,-0.41752365,-0.241004358,-0.620234044,0.27512029,-1.192060081,-0.915432916,0.944859016,-1.072050158,0.581725469,-1.093611816,0.270999719,-1.315818917,-1.306752135,-1.160439526,2.121797338,0.741593393,0.271362494,-0.21526496,-0.206403532,-0.839231222,-0.105657786,-0.044298208,1.271209339,1.262877702,-0.090238116,1
-0.778195827,-0.127017088,0.198319804,-1.060785023,0.01347434,0.126461776,0.269161568,0.304911815,0.134629813,0.385745568,-0.341263952,1.276402788,-0.504334202,1.952891286,0.03954422,1.421189096,0.395119844,0.296653411,-0.07513077,-0.562978373,-0.332013125,-1.375686982,0.416328382,1.424485683,0.599827503,0.375357571,0.307952869,-1.497236513,-1.652732866,0
-0.185214217,0.512229812,-0.835274134,0.918018317,-0.384612367,-1.000590606,-0.768078994,0.174642349,-1.286937878,-1.208749209,1.620549982,-1.315648877,-0.315089789,-1.583179846,-0.176001761,-1.27146553,-1.454717476,-1.202267724,0.662537714,0.897708747,0.303271872,-0.478395346,-0.37373023,-0.695743482,1.363017631,2.169666689,1.743530003,1.63297587,1.061248345,1
-0.216135683,0.585594359,-0.727398618,1.102440111,1.188875632,-1.051756066,0.127354423,-0.126354475,-1.125549439,-0.553901231,0.983258786,-0.718552418,-0.905927877,-1.294077252,-0.387266183,0.475812258,0.677425984,1.695842835,-1.263735574,0.141801366,-0.090403882,-0.275621888,-0.006451091,-1.003290744,-0.736290048,0.364715363,0.433282371,0.392450801,0.71843823,1
1.789762336,-0.467085343,0.094483748,-0.444047684,0.208499931,-0.214201987,0.488141122,-0.220384392,0.852312399,0.626112896,-1.099879989,0.943803383,0.101126658,0.871277492,0.057028306,0.371446454,0.368325279,-0.197157273,-0.150310537,-0.400929495,-0.219415079,-0.639238109,0.33451472,0.010387383,-0.586659019,0.458443301,-0.313967511,-0.246880916,-1.40283474,0
-0.664208238,-0.755059962,1.157278941,-0.547775988,-0.265738077,1.294267999,0.794129077,0.148085877,0.473048242,0.002583947,-0.372469445,1.183702073,-1.404775625,0.970832164,-1.59416038,0.820487278,0.444544905,0.055096597,-2.095872193,-0.623135045,-0.083550209,-0.145224122,0.353752504,-0.556307523,0.753264036,-1.619406793,-0.242327102,-1.380551174,0.700112752,0
-0.466386528,0.461238946,-0.813561945,0.52230571,-0.134316579,-0.400705738,0.36344817,-0.180034028,-0.392112002,-0.797834193,0.572065941,-0.860349518,-1.123873694,-1.278579288,0.665765706,-0.429650164,0.032552143,0.359612409,0.208162796,-0.284582061,-0.177269289,-0.275544463,0.133092296,-0.892080756,0.589955501,-0.866954559,0.289125247,-0.717277297,1.129278898,1
-0.085261807,-0.161588067,1.083289103,-0.606734981,0.045187557,0.054397793,0.582448713,-0.049236142,0.079818849,0.400260068,-0.107669195,0.724829099,-1.128560979,1.364144223,0.04511999,0.728808924,0.337017295,0.751840193,-0.119731768,-0.279402802,0.013410378,0.491405755,0.033208512,1.147775682,-0.760435226,0.645239781,-0.288869043,0.103086579,1.145162327,0
1.768006215,-0.366268394,-0.246615535,-0.301354577,0.575642696,-0.096053246,0.514912788,-0.211051645,1.016319182,0.216642039,-1.292830297,0.4205926,-0.06332145,-0.17748439,-0.352214279,0.818616443,1.241466385,0.933180369,-0.269680841,-0.255157178,-0.124036117,0.103137434,-0.176194822,-1.502487627,0.384225911,1.582973474,-0.280934498,-0.14087166,-1.0157513,0
1.005287862,-0.384182141,0.735108653,-0.142308821,0.160792003,0.318300238,0.428386519,-0.170498014,0.785557873,0.523297849,-1.428535529,1.070095804,0.538420409,0.616061712,-0.243374538,0.369917949,0.355628957,0.0581262,-0.017653791,-0.258819252,-0.217457711,-0.583565555,-0.07175886,-0.189537555,0.922273949,-1.230396925,-0.192239205,-0.041481456,-0.828095061,0
-2.394358827,2.892141678,-2.308775937,1.244879811,-2.904653908,-2.653830896,-2.219554664,4.773521633,-1.123682909,-1.250653368,1.096782618,-1.015690564,0.907840891,-0.876732046,-0.110424347,-1.197841501,-1.405952545,-1.440930848,0.529544819,1.433421156,0.561549699,-1.579111772,-1.143161083,0.340692601,2.984883296,-0.511728389,1.779961804,0.906863636,0.433393394,1
-1.982467973,2.485701952,-1.953634111,2.16584505,-2.41048706,0.175720645,-2.770373497,-1.059409583,-2.505932401,-2.191181374,1.025203923,-1.626622005,-0.064706334,-0.43927283,-2.068382465,-1.808813398,-1.951911165,-2.184402564,1.616975664,1.660991445,-2.051722688,2.372491357,2.193940328,1.303202508,-1.797644401,-0.340677391,-3.110067459,-1.98971669,-1.398774293,1
-0.193481621,0.880481431,-1.042386532,1.530175133,0.208569701,-1.302255136,-0.32273544,0.223904685,-1.330078395,-0.801029115,0.926792851,-0.983595955,0.648837976,-1.524749064,1.210807839,-0.403647855,0.001639557,0.421171112,0.232453911,0.460087492,0.107890172,-0.523132201,0.138083745,-1.178206731,-0.108487284,1.092730811,0.295247768,-0.106898705,-1.694595931,1
-0.48621537,-0.565735539,-0.614916747,0.419851125,0.066157414,-0.406517402,-0.384526551,0.116001392,-0.11566112,-0.484008542,0.699098126,-0.608333864,1.581333833,-0.553737563,-0.658498933,-0.779879433,-0.882537284,-0.549618161,0.98411006,-0.253046271,0.159442556,0.551531046,0.704490156,0.020262118,-1.422040614,-1.856459686,0.965566545,0.256966052,1.540087776,1
0.901848831,-0.089763824,0.016369499,0.130849975,0.5700668,-0.048234008,0.497174973,-0.126686314,0.495518379,-0.032298326,0.409741599,0.476745876,-1.372257929,-0.545371555,-0.141412796,1.256805728,2.5890365,1.784794306,-1.067488325,-0.281612692,-0.238435148,-0.675411032,-0.131732229,-0.299879373,0.89476581,-0.80135266,-0.130446507,0.178033747,1.333769375,1
-1.402511147,1.208473319,-1.385005089,1.429371104,-1.620266277,-1.835715902,-1.684426639,1.510282792,-2.000563909,-1.938473871,1.63912014,-1.64065001,1.065233461,-1.701021799,1.723214375,-1.948030471,-2.130670706,-2.083317688,2.561177658,0.100488167,0.746246808,-0.248895012,-0.211152109,0.96678414,-0.060687846,0.9557945,0.285597393,-0.263515679,1.587408603,1
-0.71597629,-0.732944345,0.706990611,-1.371912393,-0.457540141,0.471114506,0.173006586,0.20944458,0.071798595,0.563283967,-0.562311056,0.396148008,-0.850935334,0.92735089,-0.738649658,2.654579497,0.524792695,0.264139889,0.018214048,-0.153273209,0.017981173,0.659784085,-0.527104911,0.148252572,0.968892466,-0.20993233,0.345553914,-1.107412356,-1.653576745,0
0.894441004,0.39490393,-0.524303509,0.860146708,1.892657123,-0.607147765,1.101219928,-0.268934998,-0.729600705,0.010303552,0.78175942,-0.01581265,-1.178242399,-0.940888038,-0.406216643,3.175420241,4.223398207,3.666590573,-2.673339184,-0.248957836,-0.054725386,-0.336745305,-0.408625471,-0.949190492,1.443389008,0.943771566,-0.198828619,0.253702661,-0.110465212,1
-0.23458207,-0.304410935,2.095264803,-0.75537724,0.445642144,0.845037895,0.571011791,-0.229705177,0.669305441,0.818021707,-0.055540941,1.237685176,0.920649365,0.323391707,0.1459773,0.323569053,0.272384744,0.704055871,0.70637158,-0.011917197,-0.036630153,0.7767202,-0.41397256,1.752783036,0.404574977,1.449807286,-1.239125222,-0.492640636,-1.446096565,0
-0.336912721,-0.569373646,1.650631986,-1.150512824,-0.014889052,0.937874137,0.288185792,-0.139264529,0.008959941,1.192551668,-0.123002713,0.226485533,-0.019952091,0.482788078,1.582762739,1.379597285,0.508217741,0.136214403,1.10673437,-0.264188023,0.070435391,1.208969946,-0.427786918,-1.010961181,0.194041959,0.271672131,-1.054966278,1.30980383,-1.254427564,0
0.22870441,-0.239461698,0.074648808,-1.520471569,0.308820245,-0.595219427,0.770182484,-0.19518124,-0.445250357,0.678620116,-1.274821858,0.286665124,0.521548818,1.073506248,-0.519575422,0.675511704,0.637442305,-0.422096836,0.553391781,-0.179392801,0.121511878,1.498145389,-0.102947659,0.277444543,-1.058744229,-0.103076935,-0.148488964,0.327362459,-1.31638912,0
-1.610711071,1.483213232,-1.802593964,1.274594919,-1.916424135,-2.284568684,-2.008194828,0.764751313,-1.554829758,-2.169192042,1.522997658,-1.713748387,0.299730832,-1.278502452,-0.823202688,-1.978727395,-2.002005176,-2.056365734,1.817310863,-0.216373426,0.24804694,1.203492918,0.117650307,1.250057887,-0.280563777,-1.212014892,-1.74907667,-1.557634316,0.766282146,1
0.967939066,-0.256739833,0.281649412,-0.258975187,0.356267151,0.022320709,0.50362822,-0.157241348,0.239993197,0.384251451,0.368474659,1.044475877,-0.378537793,0.254131782,0.556541392,0.788600581,0.915367694,0.539458837,-0.728065831,-0.277671033,-0.128118707,-0.160626439,-0.065531503,0.229828258,0.636775693,0.769028637,-0.255602809,-0.020555606,-0.896015794,1
1.712468537,-0.1570224,0.012735338,0.609269132,0.686232266,-0.038501897,0.80047193,-0.255513921,-0.329949657,1.45426445,-1.247446529,0.710342167,0.958995802,1.035525967,-0.832117514,0.802624321,0.215012351,-0.108474443,-1.627579633,-0.403854907,-0.061006888,0.274382443,0.015180775,0.141872417,0.428095872,0.168252008,-0.322356845,-0.247206846,-1.00828499,0
-1.073732393,0.455655701,-0.833928846,0.766535963,-0.960892628,-0.677150081,-0.806045373,0.60120656,-0.844844071,-0.918390222,0.596092837,-1.00248886,0.564927339,-0.906745825,0.811955563,-1.242563725,-1.279899397,-1.279637724,1.443477773,-0.367169567,0.362403484,-0.001719714,-0.644362173,0.582906195,-0.77758702,-1.025634999,-0.605320334,1.158564807,-0.518365307,1
-0.541320027,0.210473947,-0.654545352,1.265593376,2.027189882,-1.493403183,0.332081898,-0.275768666,-1.087682139,-0.518917616,0.98084424,-0.890529172,-0.711416176,-1.450365467,0.932019198,-0.164528699,0.684213636,0.59836672,-1.210116501,-0.312546162,-0.133904441,0.200851859,0.975455064,-0.487527831,1.840987778,1.363436321,0.358617474,-1.048561897,0.383666643,1
-0.00693468,0.09825266,-0.3784506,-0.156979043,0.26905164,-0.189261075,0.057280054,-0.052523988,-0.655087032,-0.238637231,0.222178748,-0.385462544,0.972144303,-0.679346165,-0.402408552,-0.53380493,-0.219753313,0.189095122,-0.84567518,-0.207299893,-0.023632882,-0.304382858,-0.34319566,-0.236476532,0.999563626,1.226123774,-0.162759417,0.224707203,1.184670044,1
-0.753711628,0.410262498,-0.73259158,1.321008372,-0.660220215,-0.240607465,-1.006795529,0.518489985,-0.786418937,-0.740334059,1.164229107,-1.284057395,2.675835265,-0.851529312,-1.613920968,-1.280359898,-1.547460021,-1.328345604,0.462339931,-0.169323639,0.49681418,1.402995501,-0.524233863,-0.055440418,-2.4112918,0.023020039,0.161701898,-1.098502928,-1.432519354,1
0.856523519,-0.424499164,0.986426492,-0.125361523,0.079929381,0.441515041,0.311961116,-0.122275447,1.495226924,0.494184814,0.43773844,-0.189592085,0.454957757,2.55260863,0.03628243,0.59491413,0.571673543,0.545363546,-0.906482067,-0.36029524,-0.153399993,-0.263658453,0.03608784,0.238248126,0.25833802,-1.329906644,-0.231329353,-0.055349902,-1.221169467,0
0.852499471,0.451655462,-0.801402802,1.064814041,1.051007205,-0.712959433,0.139088322,-0.066000472,-0.859316614,-0.471945002,1.016753195,-0.743244559,-1.669826982,-1.288128384,-0.513754476,0.855877884,0.517740442,1.826211237,-1.835540443,0.102221626,-0.053254813,-0.816741167,-0.090841425,-0.085144227,0.342992393,0.161858313,0.357962083,0.674700496,-1.6605243,1
1.514417807,-0.210295904,0.345107347,0.649044599,0.452844753,0.429198293,0.469729374,-0.189824324,0.668149959,1.143793622,-0.994873322,-0.299356966,1.60623355,1.783202698,-1.494679908,1.118888693,0.379152442,0.211020605,-1.766039625,-0.511827566,-0.162330233,-0.161819002,0.182984265,-0.243731744,-0.403543285,-0.309751048,-0.277111955,-0.186830325,0.526816913,1
0.95867703,-0.221656585,1.035793534,0.285973598,0.143949566,0.053239548,0.499174362,-0.191854497,0.014387721,0.907375078,-0.622147858,1.063421223,1.043870806,0.765811484,0.452795101,0.927226432,0.268293675,-0.07599179,-1.171866791,-0.26289373,-0.19154873,-0.620909116,0.151989705,1.466868034,0.3055578,-0.685574468,-0.237800581,-0.017389147,0.91894629,0
1.607872603,0.006738093,-0.197873155,0.745034641,0.919689936,-0.050190341,0.681649563,-0.187710528,-0.300151106,0.628386142,0.20869383,0.604114472,0.018781751,-0.317794974,-1.390516798,2.320849689,1.383661327,1.452069368,-1.76441966,-0.337700005,-0.214895739,-0.678035458,0.128738173,-0.493850075,-0.123258343,-0.384258024,-0.246522645,-0.04494961,1.400865013,1
-2.423941566,2.943041129,-2.333745559,1.250919198,-2.951574574,-2.679465442,-2.246315415,4.902976192,-1.11550324,-1.240785426,1.069526153,-0.995229896,0.97991981,-0.843946623,-0.118383017,-1.178829789,-1.39146068,-1.436656065,0.49909316,1.441159497,0.562744818,-1.619745369,-1.183215161,0.348933509,3.074492595,-0.510448891,1.744575359,0.889395853,0.032648933,1
-1.397293273,1.424735062,-1.434912647,0.748009537,-1.404954134,-1.728562041,-1.099064159,1.635183088,-0.628475362,-0.892990913,0.536921374,-0.950777294,-0.534896081,-0.949666892,1.067695794,-0.862912378,-0.835531919,-0.800461644,0.271176798,0.654838977,0.252433133,-0.75937386,-0.085010991,-0.045256637,0.801130604,-0.615846503,1.336626018,0.448341694,0.8397011,1
-0.267149717,0.076689037,0.050023846,-0.02409541,0.124931301,-0.368186028,-0.054695706,0.006655263,-0.320455732,-0.433438256,0.474115826,-0.615872431,-1.577353913,-0.566652067,-0.487109461,-0.380814862,-0.634634493,-0.208852041,-0.477860765,0.051367387,0.094494179,-0.09244564,-0.329437881,-0.237030387,0.486447127,-0.975877619,0.471501696,0.578529448,-0.252853968,1
-0.228434363,0.219596772,-0.098247361,-0.046597028,-0.122447191,-0.543912327,-0.072384546,0.055225705,-0.463361281,-0.488552341,0.410979285,-0.507245531,-0.119712469,-0.506047434,0.841688452,-0.682742516,-0.495000886,-0.816789829,-0.287412244,0.050327726,0.12445724,0.159715881,-0.04992594,0.937526986,-0.400707103,0.718279293,0.352368178,0.498975044,1.456396325,1
0.129253771,0.170349298,-0.244082212,0.500617987,0.027966531,-0.217276029,-0.109621551,0.011201633,-0.548974784,-0.317826009,0.706263579,-0.58888426,-0.990799527,-0.674955427,0.08006769,-0.288851104,-0.499984294,-0.048855478,-0.02615435,0.136097092,0.050063138,-0.354931197,-0.175535984,-0.485310392,0.766177973,-0.08704565,0.396371265,0.607921161,-1.345267425,1
0.973175754,0.459072278,-0.805511366,1.058161219,1.137077814,-0.606384508,0.155787366,-0.084897848,-0.905706513,-0.474610823,1.084239723,-0.631262409,-0.407535574,-1.317187645,-0.6040611,0.785854627,0.496868806,1.547270925,-1.971785466,0.170264022,-0.052632633,-0.744279303,-0.100023785,-0.017089767,0.540143823,0.16314977,0.372070056,0.686524066,-1.443575042,1
-0.872751283,1.104565131,-1.229630013,1.657503236,-1.003930717,-1.857928558,-1.234425025,0.580835155,-1.568567255,-1.821880287,1.901727261,-2.002616871,-0.758200374,-1.79516748,-2.057070892,-2.00196006,-2.143421297,-2.097493171,0.312791455,0.727420464,0.659714303,0.040796198,-0.20398614,0.83206833,0.416914402,0.201777956,1.857436511,1.896476974,-1.55320278,1
0.205199472,-0.221482162,0.552019152,-1.026394607,0.481933858,0.077477718,0.739401384,-0.144466471,0.441372259,0.515592387,-0.450372661,0.652743093,-1.231589558,1.041642371,-0.995477918,0.632391154,0.237212017,0.31966695,0.068005486,-0.256854879,-0.20266513,-0.590805164,0.01213111,-0.641606877,-0.902223479,0.33763178,0.042020587,0.097431696,1.014376913,0
0.587817898,-0.817606926,1.009936843,-0.33898696,-0.056415478,0.967807462,0.231578239,-0.050382235,0.904396328,0.519469608,0.074945575,1.399934135,-0.423120991,0.751730892,0.585775945,0.458678172,0.449779617,0.135876408,-0.864960631,0.092035543,0.022648999,0.554422333,-0.208601889,-0.382642481,0.008013152,1.247823079,-0.246827749,0.000937714,-0.737506629,0
-0.289262034,0.146826162,0.094733581,0.366513152,0.27714157,-0.004337216,0.084367317,0.006386461,-0.196439756,-0.266599654,-0.430429514,-0.465650319,-0.427411621,-0.691621581,-1.327128348,-0.00167025,-0.198072838,-0.057856354,-1.04773559,-0.112958051,-0.033436493,-0.286875633,-0.062394368,-0.671330068,0.177348358,-0.227259505,-0.142882795,-0.18996097,0.057979766,1
-0.949488689,0.519459247,-0.666998218,0.007747953,-0.384419315,-0.701152999,-0.392175163,-0.23262199,-0.0154398,-0.562671158,0.755817705,-0.966706622,-0.366220755,-1.173872961,0.958717055,-0.874426812,-0.936255796,-0.85210909,-0.04949932,-0.511212527,0.535434807,-0.345450724,0.008993159,1.104589011,-0.083606684,0.426475208,-1.488939827,1.185378444,-1.650224347,1
-0.107393533,-0.556223401,3.027339862,-1.415476144,-0.1950801,0.809266858,0.164387715,-0.008638252,0.783360939,0.471548097,-1.799561693,0.002709125,-2.142526686,0.231122156,-1.479814532,0.818391908,0.866662215,-0.42131983,-0.112537188,-0.139741645,-0.046196915,0.667796803,-0.371195154,0.208698166,0.600840149,-0.163675385,0.188748107,0.195268975,-1.312876328,0
0.085446601,-0.456995502,0.708212767,-2.039521455,0.527996971,1.073367571,0.588334286,-0.041703927,0.748074823,0.123061034,0.335105003,1.993417912,0.158148073,1.0528419,2.199690498,-0.195832809,0.683111821,-0.440269832,-0.469549445,-0.176510903,-0.051550918,0.382187298,0.282792122,-2.105496985,-1.458189411,-0.351399844,-0.072526594,0.066809341,0.990466515,0
0.396100428,-0.160188233,-0.051978352,0.088148877,-0.360537585,-0.177817919,-0.283268908,0.018754182,0.209850036,-0.369449908,0.424848497,-0.544909535,-0.807454748,-0.562511667,1.982658552,-0.571386598,-0.529421607,-0.570525797,-0.202543037,0.152601169,0.144000575,0.443804623,0.004364813,0.554801707,0.052722649,1.045568317,0.46474383,0.537515134,0.970873773,1
-1.946913016,2.170549784,-1.942566488,1.190726793,-2.24119307,-2.272914273,-1.839248924,3.068625736,-1.06880964,-1.402421784,1.516288819,-1.354317016,0.573453357,-1.201738395,-0.281090727,-1.432445353,-1.567846838,-1.472973469,0.865451702,1.316794555,0.523775044,-1.098532023,-0.688773831,0.20329312,1.754776871,-0.581876761,2.229950438,1.135641627,0.920362389,1
-0.642366255,0.51869685,-0.311760982,0.648474567,-0.144230247,0.039343137,-0.51947504,-0.274209294,-0.796659754,-0.746702772,0.834755252,-1.101234187,-1.477963823,-1.113603522,-0.424418681,-1.229362581,-1.133338754,-1.443637732,-0.946093523,-0.095280582,0.800087525,-0.299084664,-0.198805864,-0.269360393,-0.038091438,-0.036096728,0.736577671,0.826225761,-1.278582167,1
1.777853664,-0.375012406,-0.044452102,-0.077784086,0.411481455,-0.237632733,0.654145299,-0.237129131,0.679535896,0.723593371,-1.417736266,0.621518174,-0.804167359,1.122431325,-0.522957681,0.107100716,0.410371853,-0.022037736,-0.403545664,-0.528629884,-0.088251434,0.267394567,-0.014264442,-0.008700841,0.649167511,-1.202463257,-0.257274994,-0.256489518,0.061777223,0
1.734771846,-0.49659664,0.251693236,-0.194847379,0.173467318,0.254189171,0.349815234,-0.190499706,2.456792422,0.402031414,-0.654494312,-0.059438137,1.61349784,1.48853438,-2.279182644,0.027219713,0.886192579,-0.196105535,0.005891478,-0.462162018,-0.313677438,-0.775669703,0.362887196,2.486412687,-0.379100922,0.018407373,-0.304412314,-0.231587242,1.485419129,0
0.225476837,-0.195784954,0.200735273,-1.056058104,0.975184043,0.426629514,0.70199433,-0.11824408,0.388576471,0.353956825,-0.445243314,0.70162257,-0.273057244,0.360587037,-0.846988358,0.996668879,0.411380988,0.688268596,0.03147949,-0.099435466,-0.238330094,-0.812800811,1.88E-05,-0.549011855,-0.669337725,0.349327039,0.015754971,0.06334124,1.303141177,0
-0.41460087,0.169942959,0.124739645,-1.199549983,0.207949946,-0.388848347,0.575693248,0.019508432,0.553460167,0.463599798,-1.718165654,0.909973097,0.00615267,1.267579779,-0.440295325,0.320551998,0.44490517,0.044692045,-0.114715052,-0.30558565,-0.139482958,-0.164414423,0.035370877,-0.175161938,0.023868889,-0.324797441,-0.476033397,-0.32340894,-1.08819777,0
0.787487953,-0.764033928,1.017531998,-0.31374532,-0.164805347,0.442553817,0.258495288,-0.1539961,0.156637511,0.863136072,-0.777954915,1.153993143,1.171106395,0.530671164,0.492733666,-0.298920358,0.542273067,0.937604051,-1.751392017,-0.398018396,-0.141752536,0.060878982,-0.150314678,0.871593849,0.551452241,-0.539956734,-0.153660848,0.049265775,1.370543155,0
-0.92638289,1.599924997,-1.42474688,1.724680091,-0.549754366,-1.567270862,-1.216904761,0.866795861,-1.925395519,-1.917781766,2.399754582,-1.933002199,-0.144339602,-2.035393058,-1.364329742,-1.73758893,-1.653066795,-1.554937679,-0.708481099,1.126930551,0.577380561,-0.265968436,-0.382295037,-1.927510172,2.182712158,1.273172243,2.170523328,1.884843472,-0.407971719,1
-0.478909814,-0.157130929,-0.714028222,0.097795221,0.06338951,0.304508307,-0.458089913,-0.106804358,-0.402300234,-0.756152969,0.389125325,-0.777607138,-1.202012953,-0.614627579,0.520382399,-1.115120265,-0.775065822,-1.351360737,-0.421513121,-0.084216278,-0.045727674,0.710490228,-0.082582841,-0.71957412,0.770354225,0.773413921,0.890622453,-0.842941328,-0.483608747,1
-0.73168836,0.178311469,-0.336093809,0.378101217,-0.147644514,0.536923602,-0.15316647,-0.49027548,0.282915432,0.100984988,0.501948368,-0.644016642,0.225428477,-0.933289156,1.58459796,-0.586823962,-0.460638156,-0.372357067,0.878200956,-0.591592064,0.603927394,-0.065955803,0.531525885,-0.522788241,-0.243214956,1.925327083,-0.970940457,2.341355876,0.962439314,1
-0.689207301,-0.594658388,-0.598156845,0.426411959,0.029976641,-0.249502882,-0.442285733,0.167712248,-0.373787591,-0.479276922,0.589141315,-0.542927923,1.515419492,-0.632665504,-0.536690804,-0.873496037,-1.058100446,-0.718734139,1.263059038,-0.420994987,0.204898265,0.886813251,0.860528843,0.051364361,-1.791529532,-1.651521833,0.961087841,0.127737603,1.184605019,1
-0.073116682,0.19411216,-0.450949125,-0.588232911,0.887239882,-0.714157914,0.959603648,-0.145779966,0.520698178,0.378214293,-1.141578013,0.192108567,-1.366053475,0.272434379,0.125897728,0.179674812,1.36649493,1.199274003,0.090833121,-0.405007972,0.041847126,1.335810269,0.071848658,1.20930883,-1.618467187,-1.180895631,-0.281250628,0.216068598,-0.410827037,0
-0.653408426,0.166207337,-0.316432869,-0.71362614,0.014272605,-0.086156234,-0.190714222,-0.404362713,0.419786883,-0.526816257,0.352292169,-0.43787124,-0.954646042,-0.623771502,0.532212795,-0.583712801,-0.388746505,-0.207532605,0.387339998,-0.267383959,-0.007815481,0.184603544,-0.614951342,-0.111745829,0.184982765,-1.922210528,-0.65581133,-0.067014907,-0.496553048,1
0.801392781,-0.819644144,0.49321238,-1.325750399,-0.080828757,-0.013052951,0.403750234,-0.194901688,1.76350493,0.168207005,-1.179021798,1.074824413,0.15473429,0.696098651,1.405795006,0.202949274,0.39823784,0.364812444,0.59017968,0.15376522,-0.08175937,-0.065747444,-0.329278522,-0.048158834,0.816145718,0.042508523,-0.251589041,0.00912755,1.208259653,0
-0.524525256,0.303398829,0.497833927,0.345677399,0.147028847,1.375780328,-0.127926428,-1.003828444,-0.70379112,0.296887378,-1.653931196,1.002804175,0.77223108,1.979736927,1.524198145,0.732368429,0.664743197,0.191708338,0.240442375,0.969967383,-1.217481002,0.452630243,0.091356166,-1.301734993,0.049283319,0.462570776,-0.53180411,-0.336585828,1.450661124,0
0.454216076,0.531667739,-0.764683912,1.094820567,1.033657719,-1.008066471,0.181508645,-0.074743613,-0.954351635,-0.523048885,0.836531806,-0.695172934,-0.36306279,-1.315946093,-0.235495841,0.615801768,0.628906196,1.364614803,-1.856298021,0.185279989,-0.02905415,-0.650413102,-0.075075502,-0.011310412,-0.140249248,0.154974244,0.375163834,0.674606886,-1.572117817,1
0.18522075,-0.215815687,1.230671695,-0.737794769,0.188713305,0.010632227,0.42983281,-0.321798028,0.290807725,0.371366956,0.112035226,0.976869941,-0.898052815,0.770246465,-0.092306447,1.196792556,0.332695989,0.439922029,-0.917432333,-0.499809546,0.099897041,-1.034782495,-0.204220105,0.9878951,1.13211524,0.058680726,-0.152432473,0.364371028,1.156894274,0
-2.543558673,3.19857082,-2.437141581,1.266283341,-3.149294055,-2.800606626,-2.366969772,5.485532249,-1.081947531,-1.195397232,0.943941447,-0.901647111,1.28246167,-0.691489004,-0.172608971,-1.095913716,-1.326394833,-1.416262218,0.370112652,1.480745162,0.570387075,-1.77358659,-1.212540956,0.36161019,3.539527729,-0.485262868,1.594053061,0.819627783,0.506777667,1
-1.132292373,1.105320869,-0.371773523,-2.004893371,-0.527260227,-0.298759358,-0.085735769,0.601602714,2.626347175,3.196055905,-1.943657179,1.761284271,1.215321509,0.960116761,0.587412117,1.484280511,0.402111172,0.172316789,-1.178853118,1.628973646,-0.292466674,-0.76757994,0.448567159,-0.824201357,1.622370928,1.713427615,1.304940807,1.201928037,-1.233304568,0
-1.926229064,1.878822112,-2.137542075,2.345230895,-1.735708017,-1.098589381,-2.129223341,0.196965533,-1.91637246,-1.897651132,2.111640412,-1.697431513,0.935011533,-1.63872125,-0.448716737,-1.478605036,-1.35667651,-1.430934824,0.295228705,0.815565136,-1.128564901,0.936751467,1.268199946,-1.705870873,-0.126619556,1.382566419,3.008778184,-3.571248075,-0.840669442,1
-0.929748971,1.803951064,-1.678490316,2.058994397,-0.912045923,-1.737912465,-1.475469207,1.275556561,-1.733884229,-1.723824313,2.355922121,-1.879851819,0.426792646,-1.963105032,-0.497919045,-1.78100308,-1.543507356,-1.489094704,0.706855443,1.242585942,0.639539463,0.145873712,0.607675549,-1.940556888,-0.71772648,1.346572849,2.06817718,1.634168592,-1.232655764,1
1.016481241,-0.316308048,0.848295689,-0.18213883,0.108596056,-0.019116275,0.45524537,-0.19108468,0.500590813,0.577077627,-0.745862347,1.087495752,0.731241837,0.804304099,1.187108927,0.641226461,0.280884472,0.067226721,-0.461462201,-0.272935853,-0.215820847,-0.715215695,0.122392545,0.737786929,0.426581584,-1.776949855,-0.198136096,-0.019476582,0.007065226,0
0.491828204,-1.088943599,0.400146623,-1.741394382,-0.183262259,-0.20615141,0.517150397,-0.197467825,1.698726307,0.084073996,0.167991564,2.004690301,-0.237732097,1.140417913,1.977112277,0.214322246,0.326754789,0.790841357,0.78492939,0.530618811,-0.057328849,-0.45872233,-0.335805199,0.696525104,0.380322499,-2.865686135,-0.245475098,0.112960487,-0.346739887,0
-0.265232345,-0.225255582,0.653864571,-0.275984431,0.656726561,-0.476465116,0.474604507,-0.074595815,-0.210777934,0.224180897,0.260196467,1.3918064,0.765281107,0.30921053,0.321491682,0.73620985,0.962546658,1.061189003,0.33540096,0.148695554,-0.04570082,-0.037946314,-0.236990016,0.978014616,-0.195962154,0.831308641,-0.258663079,-0.270473487,-0.302002718,0
-1.10050142,0.57598939,-0.808637033,1.239051238,-0.934136508,0.033818137,-1.131984818,0.422281188,-1.42758175,-1.084405329,0.914771541,-1.171694038,0.161701961,-1.029764982,0.129028618,-1.411854142,-1.513244313,-1.463234083,1.854493171,-0.048290098,0.184943648,0.549311455,-0.069380417,-0.358788537,0.168798805,0.805951422,0.104604272,0.26863279,-0.560744238,1
1.777393352,-0.367703011,-0.013282499,-0.394727458,0.348684764,-0.232193735,0.518030719,-0.221976694,0.710198159,0.439944669,-0.588566029,1.219142932,0.855755607,0.291068122,0.044554165,0.546529692,0.669474195,-0.014054988,-0.341178722,-0.287596993,-0.235349076,-0.728208284,0.385151515,2.402496064,-0.56312817,0.320513624,-0.301539087,-0.157515983,1.050208553,0
1.66426278,-0.599976517,0.552784156,-0.468994339,0.017380179,0.627486823,0.117654945,-0.119569874,2.291327183,0.497016465,0.244854868,0.09018598,2.541916007,1.541320315,-0.769111307,1.085085092,0.376615909,0.887577973,-0.417329903,-0.289302382,-0.126896354,0.129604325,0.333771551,1.625098103,-1.053943495,0.836917441,-0.28765988,-0.207886225,-1.230212271,0
-0.153361158,-1.069894624,0.39121744,-0.153181822,-0.457057824,0.948917941,1.789337844,-0.223237572,1.127120379,-0.021644051,-0.510329614,0.348798705,-1.128232502,-0.001158434,1.33780992,-0.12342628,1.594246506,0.917603202,0.8932472,1.521272681,0.065720136,0.46328762,1.759632042,0.439417885,0.274886102,-0.518972309,-0.570899259,-0.533279969,-0.175608656,1
-0.269331257,-0.013573917,0.84303098,-0.651381355,0.250014679,-0.227101485,0.717963071,-0.185397201,0.405300452,0.737548824,-1.032288522,0.415981238,-0.515964967,0.908871953,0.725954953,0.396160852,0.371819758,0.151634633,-0.165941338,-0.274373233,-0.079331501,0.041562857,-0.238691064,0.845696709,-0.417970386,0.47629361,-0.899302966,-0.291958917,-0.620044106,0
-0.287051915,0.022496229,0.692958397,-1.702094239,0.261874694,0.367729818,0.509040674,-0.056127625,0.905743677,0.951079903,-0.447430361,1.045067883,0.523259369,0.607253148,-0.132897213,1.384555435,0.082084218,0.617826423,-0.349070196,0.389180005,-0.208603904,-0.409514862,-0.153585554,-1.338461472,0.052760036,1.572320497,0.127655578,-0.080649845,0.522757911,0
-0.060375008,-0.39869376,1.30721775,-1.206433493,0.455824877,0.037123521,0.816379618,-0.198434104,0.263078919,0.443458459,-0.177864756,0.574794723,-0.84048504,0.884552709,-0.257257855,0.861887126,0.177180692,0.555349848,-0.28340746,0.007769257,-0.060560722,0.117904701,-0.088891189,0.11992933,-0.389201396,1.691899417,-0.458752008,-0.390336124,-1.578834172,0
-0.966706055,1.025367647,-1.158443296,1.627291009,-0.863882191,-0.448403048,-0.910299805,0.770029659,-1.122865639,-1.003059821,1.545157733,-1.363932406,2.725090341,-1.260886858,-0.325530795,-1.057561915,-1.032537678,-0.688653429,1.052183154,-0.205720118,0.324698704,0.187139264,0.279415308,-0.817712457,-0.296315768,0.804889364,-0.495247941,-2.124824231,-0.44238148,1
-0.562001693,-0.086245948,0.227189092,-0.736739435,-0.032470915,0.335066454,0.310886255,0.218622339,0.876991449,0.472969124,-1.223917033,0.862535667,-2.204775825,1.329256275,-2.344218672,0.408126872,0.603199648,0.286345396,0.486855967,-0.307224723,-0.245715996,-0.792695583,-0.232526066,-0.603119171,0.019645595,0.314701802,0.242270473,-0.119659935,-0.676906262,0
-1.882575495,1.991707516,-1.862085847,1.340018298,-2.18758923,-2.059095857,-1.852012252,2.85016394,-1.139591531,-1.541198548,1.569181618,-1.508530225,1.628934954,-1.131272719,-0.507980064,-1.536910953,-1.674898975,-1.605192192,1.087296018,0.709230372,0.597776455,-0.879092082,-0.714460609,0.404072624,1.210065065,-0.44337647,0.936664758,0.371529873,0.51069506,1
0.432208896,-0.244585216,0.856765703,0.083031772,0.574952321,1.219072489,0.574527446,-0.131880702,0.376326142,0.798389281,-0.710453008,0.783104871,0.538148386,0.737321409,2.686653257,-0.363661417,0.887482376,-0.25567091,0.622553633,-0.005216454,0.006714515,1.323931593,0.166723292,-1.659382434,-2.594677362,-0.842996571,0.096147359,0.071281047,-1.424015535,0
-0.49072362,0.031879524,-0.294621424,0.113034408,0.513612974,-0.860022586,0.089300109,-0.366536159,0.205394669,-0.082998121,0.272002429,-0.365424831,0.447619999,-0.743325042,0.421640151,-0.344262259,-0.283750703,-0.31165739,-0.546163303,-0.135130215,-0.232644483,-0.213298671,0.119272717,-0.019902786,-0.37194083,-2.416494241,-0.757090783,1.382184058,-0.233784316,1
1.533010717,-0.7022541,0.734088954,-0.029724428,-0.070887594,0.954519286,0.079264988,-0.071782274,1.950255862,0.560683173,-1.967281697,1.234375999,0.664159107,0.279711292,-0.625855793,0.634355407,0.286100308,0.622512258,-0.550373813,-0.259038046,-0.028032318,0.785909525,0.092589855,1.283250185,-0.342789278,-1.380621545,-0.11242468,-0.106153363,0.332148094,0
1.544301278,-0.698291022,0.001624762,-0.673549375,0.456932851,1.039835041,0.323445929,-0.062736238,1.224516288,0.531212272,-0.278987932,1.147470722,-1.286151788,1.078557285,-0.083884392,0.014077866,0.552045502,-0.279161552,-0.383573498,-0.444830047,-0.126452092,-0.04994253,0.15488694,-2.557337709,-0.541018482,0.063656335,-0.234720225,-0.285115241,-1.350103837,0
-0.991029689,-1.179387661,-0.556729452,0.15883514,-0.092062677,0.257943856,-0.427765654,0.334666206,-0.393110377,-0.659313844,0.577397955,-0.579588795,-0.158884365,-0.372175544,0.271828769,-0.978100163,-0.910655404,-0.996527851,0.421890637,0.024724118,0.361027205,1.110764129,-1.20156827,-1.983840171,-0.472997242,0.461185415,0.864663062,-1.417683006,-1.540059069,1
-0.64165106,0.355634665,0.090276373,0.448913424,-0.326607792,0.590520999,0.119244093,-0.649951141,1.650968412,0.472095455,0.578546108,-0.873516771,0.927434821,-0.776309616,-0.676681549,-0.702624533,-0.52408826,-0.60706853,-0.357109056,-0.454205864,0.475485685,-0.012275853,0.117759985,1.040725973,-0.736707766,-0.866644349,-1.922993253,-1.098072831,-0.134342375,1
1.896800406,-0.925237468,0.504445672,-0.896577672,-0.150948218,0.787881163,-0.044551218,-0.113639942,2.448097545,0.659127892,-1.668590526,-0.464001013,1.4770906,0.860400976,-1.582012267,1.393912986,0.810536986,-0.084148412,0.541898486,-0.261581013,-0.135154677,0.250378056,0.103676441,-1.788840406,-0.504984871,-0.361601641,-0.200666335,-0.23194525,-1.134741187,0
-0.92447305,0.220732534,-0.593913183,0.861030364,-0.550984412,-0.171930921,-0.708699473,0.163496876,0.300114548,-0.705940166,0.875445831,-1.247708591,-0.704996742,-1.268192007,-0.12433666,-1.429697464,-1.147031328,-1.288030958,1.622073587,-0.372696196,0.156045182,0.301286523,0.396179974,-0.290849178,-0.903919554,-0.934362657,-1.476629328,1.70188424,0.734240739,1
-0.171524098,0.011197686,0.026330192,-0.7797477,0.455886758,-0.494698943,0.943873609,-0.17047771,0.580453554,0.685014219,-1.596273922,0.457827159,-0.947089444,1.260725499,-0.415027758,-0.021809973,0.472291317,0.15194153,0.140581455,-0.261665115,-0.021994226,0.898942309,-0.281667459,0.193561315,-0.665233263,-0.53002026,-0.528725362,-0.681079454,-0.076308326,0
-0.811206188,0.483763356,-0.637329331,0.603819427,-0.427129264,-0.312212469,-0.732836707,0.080257292,-0.676701186,-0.832490507,0.819162537,-0.981830128,-0.762594004,-0.988118157,0.39849493,-1.270940017,-1.056205331,-1.240221227,0.846339913,-0.189068922,0.705868939,-0.081532763,-0.405952606,-0.44493105,-0.642453967,-0.591104352,0.357715038,0.213911234,-0.818753143,1
-0.077600739,-0.093807676,-0.211437078,0.279187752,-0.219079647,0.068127104,0.159998357,0.00255495,-0.310506303,-0.276890274,0.411310966,-0.361571966,-0.43698931,-0.373105919,0.883497924,-0.413235095,-0.311156086,0.069968073,1.131235823,0.683293375,0.087440758,-0.222172257,0.406415958,-0.408602035,-0.211972909,-0.779795145,0.169996153,0.390922292,-1.259191725,1
2.070721812,-0.724488097,-0.213171443,-2.098372253,0.333446869,-0.103655497,0.469995339,-0.265820172,0.659743203,0.552206313,-1.662451122,1.460038027,1.80986685,0.705538135,-0.015068011,-0.528531824,0.450220982,0.982330715,0.272714313,-0.667935792,-0.268035735,-0.344778836,-0.011276049,0.213066497,0.654226874,-0.277119815,-0.249455904,-0.257555147,1.57831089,0
0.829473446,-0.486431554,0.572541159,-0.121469239,0.2393565,0.670999235,0.441094604,-0.117196512,0.554068392,0.606067995,-0.186165718,1.415488264,-0.425195107,0.897070278,-0.787444608,0.246392283,0.412996727,0.123169918,-0.19349655,-0.197695642,-0.115844931,-0.109024652,-0.203880299,-0.496154149,0.987511557,-0.756006158,-0.215843131,-0.063905404,-1.200855671,0
0.825726985,-0.404042291,2.120193278,0.375890393,-0.044250736,1.11812253,0.090920633,-0.046701344,1.514459985,0.680287921,0.295605409,0.079588729,2.313913568,1.263974999,-1.556291766,0.847532177,0.55923291,0.59375112,-1.477277434,-0.348436405,-0.062978083,0.731929066,-0.044995262,0.443743043,0.279348247,0.315001338,-0.169419483,-0.041811239,1.610959197,0
0.957373968,-0.364541224,0.603560465,-0.178942776,0.287362884,0.495926642,0.38653875,-0.138791496,1.35383499,0.516003474,0.270848182,-0.24892289,0.457155742,2.701492806,-0.161919987,0.513686984,0.540024629,0.62782752,-0.67074184,-0.419302933,-0.132745088,-0.042165342,-0.133643163,-0.662457533,0.852983997,-0.79413191,-0.250285872,-0.108419852,-1.490190709,0
-0.216086881,-0.197082009,1.54729682,-0.914824151,0.19138501,0.412415264,0.498136188,-0.071462836,0.447564409,0.441730692,-0.266459416,1.636436396,0.88703987,0.572162534,-0.972001132,0.87821454,0.1999715,0.659113001,-0.470918987,-0.130971615,-0.033432967,0.656973952,-0.380002898,0.221986072,-0.100580346,0.882687176,-0.297147916,-0.535377994,1.532914801,0
0.932364694,-0.394443917,0.199507802,-0.403380544,0.926302512,1.42501969,0.440451444,-0.032837191,0.293620131,0.61859423,-0.055696692,0.963061106,-0.713507909,1.37897898,1.500134989,0.027103443,0.531850185,-0.363103741,-1.187921381,-0.46623482,-0.068617474,0.329237007,-0.191396007,-3.268019978,0.985191801,-0.243869329,-0.176808882,-0.16687089,1.54919994,0
0.052304767,-0.119802362,1.093906117,-0.565007802,0.069601096,-0.094653717,0.488887487,-0.069611441,0.275131121,0.362694696,-1.069676485,0.587774676,-0.239213648,1.024402303,0.900849149,0.765279074,0.361525955,0.143416373,-0.237948116,-0.388060481,-0.173213682,-0.646922643,0.195810918,0.714619607,-1.118547915,-0.149456026,-0.348113979,-0.148259111,0.051932445,0
-1.266436219,0.268795676,-0.958040363,1.275161234,-0.91168792,0.015104993,-1.1930211,0.341450958,-1.280340236,-1.190350965,1.171276786,-1.220519173,-1.358417572,-1.132147296,-0.258667783,-1.41458197,-1.455580578,-1.41495185,1.919530537,-0.592214369,-0.010193738,0.225556637,0.185271175,-0.779765408,0.450645831,0.507237738,0.062368359,-0.262023654,1.652289058,1
0.970171718,-0.318262984,0.508083298,-0.102538574,0.20508172,-0.144582571,0.585819835,-0.193705553,0.367183875,0.634443125,-0.525584729,0.541128665,-1.154969536,1.268408456,1.141481806,0.169064299,0.511532299,-0.156621704,-0.991471055,-0.427515723,-0.080946765,0.122710158,-0.068040733,1.280742372,1.030666375,-0.66512131,-0.238726233,-0.070561742,0.463813512,0
0.145101616,-0.149524901,0.151914391,-1.070353292,0.478716342,0.055007935,1.351174563,-0.265510883,0.043717525,0.530315078,-0.279347129,0.89580732,-0.04334026,1.156463163,-0.878728249,0.465125657,0.205766022,0.340042668,-0.065385583,-0.435144035,-0.031852748,0.474819604,-0.272268274,-0.454396343,-0.111817243,1.103492022,-0.48676876,-0.20801415,0.426162619,0
-0.505654209,0.569660648,-0.485119741,1.074288636,-0.658722006,-0.233305042,-0.803506325,0.331292722,-1.372892817,-0.905425289,0.819159129,-1.186750484,1.64349203,-1.093136119,1.000511888,-1.46341858,-1.619947845,-1.514884516,1.665967251,0.872015718,0.465356158,0.751913695,-0.170744965,0.037399208,-0.115832611,0.833056544,1.409599998,1.228344294,-1.285379442,1
0.048695139,-0.229958052,1.468896347,-1.293349681,0.128187298,-0.204482521,0.60587229,-0.152232668,0.631979917,0.357598143,-1.014315199,0.387639561,-0.706522436,0.739930891,0.661036387,0.971067006,0.251269945,0.144476193,-0.892440657,-0.209055949,-0.15133288,-0.330708422,-0.04699041,0.861238903,-0.533755715,1.492927523,-0.034284291,0.057220832,0.436189467,0
-0.598084037,0.761210979,-1.086692442,0.904909264,-0.948019934,-2.061385215,-1.270030771,0.376696325,-0.840639883,-1.915449823,2.114223547,-1.957929992,-0.418423517,-1.795331604,0.486676776,-2.110452862,-2.154935532,-1.982032317,1.679072198,1.267194451,0.659609646,0.493661362,-0.174133038,0.455748417,0.139958843,-0.525532804,2.950976826,2.267641121,-0.88024074,1
-2.145548789,2.491144131,-2.103604095,1.197609805,-2.525855263,-2.454776685,-2.005988322,3.782069119,-1.186655147,-1.326208336,1.300054323,-1.164095517,0.34647586,-1.111381128,-0.048044767,-1.338799561,-1.516070602,-1.473966717,0.763244765,1.370914561,0.55197291,-1.259254681,-0.829933457,0.277415701,2.295750333,-0.521514907,2.060779606,1.041461272,0.035697881,1
-0.496395786,0.221327977,0.05834288,0.502042804,-0.158995412,0.295325227,-0.183830152,-0.263568122,0.163241003,0.338445441,0.441110771,-0.774122215,-0.043535704,-0.24799958,1.023514875,-0.687267051,-0.685336261,-0.403611904,1.224676695,-0.127757301,0.366042626,0.183903336,-0.266741217,-0.111853899,-0.809827788,-0.199466076,-1.432878057,-0.50001035,-0.262749321,1
-0.10647062,-0.048857963,2.231978187,-0.276646091,0.138756496,0.069923041,0.634672103,-0.158846272,0.216210117,0.549937357,-0.646602724,0.674311078,0.272038728,0.748530462,1.670417121,0.387733615,0.394061359,0.265366969,0.099336593,0.016167829,-0.162117627,-0.37339915,-0.156646844,1.477214782,0.141016074,-1.254422809,0.009273936,0.272209994,1.668337217,0
-0.970907585,1.250919181,-1.30469065,1.435812335,-1.614943923,-1.138679792,-1.394204042,0.9156084,-1.44392379,-1.842574913,1.811275514,-1.858267743,0.250060358,-1.678444924,0.744499659,-2.097867362,-2.142590367,-2.046533006,2.692515459,0.457574487,0.77524438,0.818455003,0.346278958,1.096934427,-0.186662434,0.704487406,0.843415623,1.125118276,-1.578387668,1
0.79876429,-1.007489645,1.005916882,-0.878740638,-0.298712945,0.40938413,0.134786766,-0.145951225,0.391079993,0.848859543,-1.435736983,0.382514285,0.597446074,0.528910227,1.97213256,0.236229666,0.281091746,2.055143837,-1.160935268,-0.16575554,-0.133077817,-0.206840198,-0.200429186,-0.141246957,-0.169739561,2.19776185,-0.287068004,0.041840317,-1.594654021,0
-0.209650554,-0.77587424,1.671341339,-1.761610773,0.411607831,0.207259903,0.301762648,-0.104999481,0.032578382,0.492471566,-1.651689715,-0.014153179,-0.677974251,0.526174708,0.103364501,1.639338396,0.453140687,-0.247098053,0.391094318,0.267061202,-0.096263972,-0.469848651,0.024291265,0.87698976,0.569122618,-0.914461133,-0.263312375,0.09867325,-0.851986674,0
0.082333039,-0.248939022,-0.605208131,0.250754047,0.077003357,-0.682552058,-0.16366781,-0.043176984,0.368307487,-0.546557944,0.966130259,-0.753821591,1.482471468,-0.556303732,-0.77416226,-0.607205459,-0.500262656,-0.128572221,0.370318744,0.131616833,0.092505642,0.118069325,0.104309279,-0.301714662,-0.193845123,-1.553781552,0.60662863,0.445583339,1.36224597,1
1.927170508,-0.716371746,-0.011129742,-1.220233612,0.138340078,0.00054865,0.307987731,-0.211709568,0.044891615,1.121086186,-0.167627424,0.766671541,0.759062114,0.7646598,-0.417849638,1.369422622,0.371824448,-0.137687081,0.430543111,-0.12423986,0.082493424,1.322582474,-0.109661874,-0.6641416,0.285833299,0.186598284,-0.281659672,-0.288157731,-0.973843439,0
-0.170829816,-0.086257377,2.448806165,-0.744070035,0.444606925,0.248743483,0.948598267,-0.328930174,1.993955617,0.591865908,-0.366678572,-0.208580403,2.371187802,0.765378478,-1.634587239,0.148209041,0.525012101,0.063282417,-0.65068204,0.190295016,-0.259791931,-0.076523715,-0.52109603,0.864201304,0.930602198,0.5261571,-0.693525484,-1.297690943,-1.15267218,0
-0.22460006,-0.250329377,1.572831665,0.146221163,1.541509351,2.102123804,0.493034491,0.093732755,-0.287874024,0.722236488,-0.736888958,0.67085271,-0.191074456,0.696837216,-1.187405975,0.651947007,0.337177381,-0.417724954,-2.484095531,-0.286573368,-0.14714013,-0.404378903,-0.101623083,-4.053558901,-0.110850542,-0.280720664,-0.124034208,0.074633016,0.811539515,0
0.279760453,-0.169271376,0.579935383,-0.209362637,0.557774693,0.398963796,0.550557051,-0.12574494,0.249577094,0.386816744,-0.242216005,0.409440164,-0.779663371,0.321441012,1.350796025,0.706887982,0.752714062,0.935159326,-0.29806241,-0.254796059,-0.093839934,0.041617489,-0.20685702,-1.036527278,0.585053088,-0.484649732,-0.270436305,-0.048705155,0.40996996,1
1.764356915,-0.503403472,-0.332557527,-0.921015157,1.659640527,2.057253006,0.300031214,0.032747767,0.724024711,0.45755234,-0.419616731,0.74175125,-0.201668459,0.429181551,0.642478382,0.580537781,0.612440853,0.025325374,-0.337175314,-0.271719508,-0.246359933,-0.907544439,0.346157151,1.299386554,-0.511254438,0.496389022,-0.283318197,-0.201287943,-0.565168825,0
-0.817432894,-2.871113744,2.130182834,-1.52590029,0.550265765,-0.029702713,0.381917204,-0.078421657,2.292615793,-0.152226599,-0.61357146,2.118295488,-0.164691482,0.243963458,-2.336864539,0.230880981,0.318058668,0.838535163,-0.103829288,1.887526819,0.131383543,0.144985653,1.752144517,0.036167753,1.781633557,-0.390243851,-0.698434658,-0.256251473,1.651657593,0
1.430253767,-0.381560951,0.043662462,0.60029376,0.566426322,0.469459513,0.657074228,-0.215071492,-0.141263033,1.383014736,-1.926704323,0.543421246,1.227974727,0.829171524,-0.412008151,1.358831842,0.107223492,0.276701333,-1.621057935,-0.038224346,0.009525576,0.457411723,-0.210013808,-1.160669341,0.242559841,0.362893277,-0.317832776,-0.171946483,0.880504982,0
-0.376177173,-0.058727834,-0.029632512,-0.205458014,-0.11672126,-0.095441144,-0.1673346,-0.070394855,-0.021051503,-0.286877791,0.628807359,-0.568259421,0.033172216,-0.566271458,-0.355474093,-0.772963094,-0.989630396,-0.634343757,0.513573064,0.022570083,0.186788867,0.827830021,-0.050286232,-0.3147002,0.058633301,-0.409873988,-0.438147595,-0.376127321,1.161739355,1
-0.687928602,-0.198786548,-0.081315694,-0.30633073,-0.135596652,0.207868703,-0.024505523,-0.13721194,0.491984881,-0.227236811,0.161488668,-0.534911569,0.726441826,-0.809121267,0.728547448,-0.523130419,-0.584365498,-0.673271685,-0.059391129,-0.596202455,0.032411918,0.363668384,-0.206271289,-0.845878853,-0.118132398,1.905538294,-1.556667903,1.678996486,-0.890627393,1
0.013977933,-0.460438803,1.58292922,-1.558812015,0.227025981,0.852605701,0.357881636,-0.091462845,-0.226549265,0.673701735,-0.394736543,0.379557191,0.423230465,0.532677982,-0.054847199,1.440904546,0.451190872,0.033792357,1.572830003,0.257672543,-0.106568621,-0.240541492,-0.214616761,0.190566335,0.322133141,-0.452473316,-0.180280915,0.058711765,0.523393711,0
-0.009593933,-0.538970549,1.4134611,-2.714779781,0.144812399,0.298914921,0.442420489,-0.157576169,-0.715136585,0.863415871,-0.415862167,0.414053386,0.794352624,0.486959919,-1.505432226,0.319668247,0.430971875,0.594269056,-0.508861579,-0.492451297,-0.156097809,-0.043474335,-0.477920372,-0.682170828,1.142285367,-0.259896642,-0.215387396,-0.026556779,-0.84355077,0
1.005052112,0.321244037,-0.684704376,1.019732984,0.827241644,-0.356140857,0.120562666,-0.096480992,-0.730036576,-0.311253701,0.524183227,-0.578860367,0.060257736,-1.097895364,-1.178140126,0.184752613,0.066068399,0.400388701,-1.423156429,0.110658988,-0.038243266,-0.54752627,-0.143010516,-0.843110202,0.723451468,0.305359856,0.354332529,0.562177774,-1.256011283,1
0.034169322,-0.333999399,1.676411043,-0.808816454,0.154928006,0.311857331,0.427677005,-0.086950006,0.336950172,0.487112073,0.079733868,0.511167195,-1.702273019,1.14043865,1.291900352,0.436091977,0.469401236,0.342345054,0.369986701,-0.18473809,-0.074831872,0.046937509,0.064286358,0.495990827,-1.518945209,1.842401695,-0.150973816,0.215843297,1.389328141,0
-0.229309289,0.15334233,-0.179862918,0.453219088,1.293972687,-0.915680733,-0.55572004,-0.464245377,-0.211151822,-0.305822355,-0.019539368,-0.556625988,-1.325955676,-0.63904617,-0.27178044,-0.578380194,-0.261175628,-0.3590048,0.216882525,0.31126724,-0.142450292,-0.326907572,-3.390729032,1.04684512,-1.662611017,-0.780222222,0.728143576,0.854717239,-1.524125065,1
-0.999850754,1.091542402,-1.027323135,1.358330457,-0.913145564,-0.560398756,-0.938840797,0.839172919,-1.497852853,-1.082883921,1.127719548,-1.227031076,2.211567352,-1.164256814,0.301967783,-1.217285671,-1.248225943,-1.178595476,1.508778813,0.002252108,0.326662306,-0.49741236,0.015449711,-0.531384456,-0.23770225,0.301442604,-0.148997398,-0.637071563,1.129514433,1
1.028031749,0.394632205,-0.739748494,1.044892487,0.971041013,-0.604441983,0.174277179,-0.127500047,-0.78341292,-0.387882576,0.429926544,-0.63402067,0.451889324,-1.192098431,-0.588052821,0.256673421,0.218563396,0.456408409,-1.813275945,0.161868238,-0.035288025,-0.539891917,-0.140209449,0.278825114,0.842336626,0.345419683,0.3555403,0.624358985,0.494532746,1
1.038042073,-1.430585784,0.016609745,-0.989341527,-0.073250284,0.716788252,0.310473085,-0.152115201,0.401145015,0.87612796,-0.438137411,0.847128014,0.528355343,0.548536054,-1.088764693,1.643962338,0.400924058,-0.241658406,0.832205085,0.807132019,-0.071775847,-0.758277502,-0.073698386,0.200706253,-0.986080208,-1.617378645,-0.336527672,-0.027431482,0.734109244,0
0.113452171,-0.147354076,0.561578788,-0.94803004,0.375161972,-0.258757307,0.782426439,-0.181991556,0.695136356,0.570991581,-1.425719499,0.37979649,-1.039175104,0.853777265,-0.331456042,0.425769932,0.33274145,-0.04509401,-0.307263543,-0.151189631,-0.228437235,-0.642537083,0.062224233,0.049963466,-0.840023514,0.340816309,0.190155321,0.27215108,-0.057203994,0
-0.98792193,0.853306715,-1.141849952,1.514891105,-0.711484297,-0.858313965,-0.959424293,0.755167545,-1.224974977,-1.086396695,1.574853602,-1.351621511,2.161017993,-1.343749713,-0.355242747,-1.069851174,-1.117635488,-0.767699227,0.889292998,0.059123478,0.340486918,-0.009429569,0.207133332,-0.842376508,-0.136931554,1.216111883,-0.154960881,-1.852771295,-1.538082311,1
1.741414815,-0.570091932,0.360027444,-0.412667693,0.004540873,0.158496503,0.246929462,-0.168109289,1.536083081,0.528201895,-1.41063671,1.090910365,0.538648268,0.566881836,0.475586927,0.5273544,0.272447054,0.456498725,-0.367982193,-0.386845745,-0.031815063,0.755558363,0.083418644,-0.107415347,-0.186153085,-0.476897672,-0.185090389,-0.194565314,1.277151425,0
-0.895182716,-5.487023469,-0.25514633,0.418365352,-0.835807279,1.117754943,2.045732296,-0.273704013,-0.14540558,0.421018934,0.008206504,0.755298176,-0.304537557,1.532786843,1.33186407,0.092960555,0.410944359,2.600166176,-2.632327291,4.987238888,0.546279944,-1.43292423,-2.471702412,0.681977383,-1.505852544,-1.564969902,-0.774715131,1.26733332,1.303905581,0
-1.957643521,2.469452616,-1.910240153,2.161075321,-2.238002329,0.000124871,-2.731397265,-1.217270083,-2.466300353,-2.294920281,1.291488682,-1.686999771,-0.324309139,-0.946586063,-1.728342877,-1.643342127,-1.85278374,-2.002255365,0.760971026,2.04479353,-2.371236897,0.992785874,1.763732334,0.72426549,-2.236210152,-1.247660687,-2.648381767,-1.246034747,-0.751919049,1
-0.252820881,0.228700591,-0.054617735,0.018490366,-0.118443122,-0.43116269,-0.07927181,-0.039865524,-0.398334441,-0.401924098,0.524087562,-0.498767934,-0.334199272,-0.516995685,0.75254856,-0.629330857,-0.513366323,-0.607061704,0.055209572,0.037618574,0.207763602,0.092493489,-0.040231944,0.779379331,-0.370705578,0.196616406,0.132346889,0.138032369,0.659527066,1
1.791344412,-0.409342316,-0.112456292,-0.538572132,0.581213067,0.319466316,0.467606844,-0.171373922,0.618806193,0.506547779,-0.203039747,1.397394483,0.5964862,0.364957038,-0.576524573,0.927293387,0.447371887,0.523106506,0.219067645,-0.250470183,-0.2410457,-0.815067549,0.239045881,0.054844443,-0.422685194,0.417712024,-0.31128516,-0.205565412,-0.39218366,0
-1.033993702,0.571112634,-0.830516356,0.12025408,-0.392356173,-0.752078089,-0.418617789,-0.090076458,0.024254726,-0.658550646,0.823307048,-1.008682624,0.52398219,-1.137009994,0.741298487,-0.847738022,-0.817642154,-0.718015449,-0.027975559,-1.096025558,0.489192892,0.05272511,0.34443666,1.634695894,-0.136074131,0.027897176,-1.889684295,3.251015103,-0.453453063,1
-0.715650162,0.508751093,-0.963890417,1.556868487,0.097958718,-0.768652663,-0.323229401,-0.217040391,-0.286793991,-0.163024338,1.038858398,-1.269302619,-1.231219706,-1.680804428,1.51286465,-0.924906409,-0.684757187,-0.336009761,0.712202828,-0.349593849,0.107242945,0.64883397,0.374008248,-1.039736886,-0.776273745,0.789420446,-2.43418556,0.917232802,1.429512118,1
-0.727618169,0.753203256,-0.511038565,1.058893172,-0.812471046,-0.148916664,-0.908238577,0.548191501,-1.458857523,-0.969171201,0.735498218,-1.159594454,1.785607862,-1.03491833,1.085812234,-1.423631891,-1.591986724,-1.468910519,1.712901913,0.660224825,0.509559641,0.778200587,-0.168681131,0.042849093,0.005766809,0.840201843,0.776055661,1.17619565,-0.040556161,1
1.790638128,-0.504354529,0.085871039,-0.438291686,0.15963851,-0.237535836,0.451056368,-0.201444714,1.018319975,0.646019394,-1.314441767,0.410297956,-1.459206263,1.07751691,0.248107521,0.41128229,0.394685685,-0.110506082,-0.141337183,-0.505192953,-0.226875677,-0.743250874,0.3547409,-0.067909754,-0.66630953,0.469481841,-0.324723684,-0.255204233,-0.760713313,0
0.614485762,0.041041219,0.112926004,0.549917338,0.758258505,0.223244665,0.543718296,-0.157465759,0.157413233,0.164456365,-0.236361829,0.473354519,0.629528899,-0.60934667,0.01758053,0.968185432,2.559883382,1.388161553,-0.579792344,-0.075593271,-0.195825826,-0.329781372,-0.179632596,0.361497633,0.415764822,0.070727602,-0.246695262,0.139794753,-1.114018457,1
-2.009846087,2.598274211,-1.909653608,2.243142104,-2.333044607,0.252934835,-2.755545006,-1.130640837,-2.551037632,-2.316428128,1.287049018,-1.698933915,-0.17422789,-0.970855455,-1.123514403,-1.655365771,-1.783522013,-1.830949626,1.249889721,2.167210567,-2.190659733,2.135679968,1.764689303,0.775888389,-0.756366183,0.370467317,-2.761678365,-1.354385979,1.422904138,1
-0.014068949,-0.739802039,1.211495125,-1.654866459,0.349469742,0.163157875,0.477153668,-0.152384962,1.061028082,0.310253215,-0.322160678,0.647720304,-0.905603398,0.702870092,0.320510509,0.800706668,0.171998108,0.997405747,-0.043303084,0.107312975,0.00567925,0.585598149,0.00400162,-0.626083573,-0.211839211,1.427135581,-0.52268062,-0.703703555,-1.085914671,0
0.906013176,-0.885821636,1.144637445,-0.882663528,-0.162742327,0.981187913,0.057469444,-0.038754323,0.454157776,0.806711986,0.00615974,0.88991695,-0.479857232,0.446375469,-0.87541699,0.719583657,0.851245012,-0.574390188,0.173169573,-0.073696503,-0.047927988,0.392487146,-0.017716276,-0.451501815,0.190221543,-0.479306162,-0.157712514,-0.05764567,-0.412741661,0
1.723207922,-0.284035507,-0.190388196,-0.066142041,0.626978965,-0.281128733,0.726319766,-0.230556344,0.334205939,0.589676593,-0.015775008,1.148326294,-0.485787318,0.542216291,-0.996817306,0.351065946,0.653627707,0.622865491,-0.406969604,-0.433468145,-0.048087311,0.51587823,-0.126364114,-0.094115736,0.836899553,-0.985473244,-0.257613701,-0.221199061,-0.4425202,0
-0.980132832,0.316848872,-0.851656746,0.548417459,-0.736351687,-0.887931907,-0.487095056,0.394711592,-0.88280901,-0.9251458,0.550103959,-0.958975831,0.002638852,-0.891867973,0.822435121,-1.021095776,-1.016619958,-1.003300487,0.93404903,-0.43824364,0.283157369,-0.096817549,-0.860009781,0.283492308,-0.193853213,0.054441764,-0.304956173,0.334502469,0.592811462,1
0.346295094,0.572400308,-0.760323849,1.132938717,1.005754219,-1.007667319,0.186977284,-0.08131765,-1.061659842,-0.623572481,1.28732979,-0.906827465,-2.189741414,-1.312478493,-0.463973142,0.124323631,0.609115716,1.155065566,-2.033042296,0.162602574,0.03256088,-0.356527287,-0.569844447,-0.807656072,2.330063974,1.170409708,0.453694917,0.870682452,1.037095187,1
0.948020018,-0.273186886,0.380645111,-0.116229466,0.28113197,0.13771082,0.438438585,-0.139009421,0.342125454,0.397808238,0.273802448,0.976334658,-0.60390025,0.173387283,-0.036806212,0.82998671,0.948285286,0.665988525,-0.698050094,-0.294256535,-0.128048616,-0.109212165,-0.085908516,0.355299664,0.671219254,0.726978391,-0.238642264,-0.008185678,0.452367675,1
-0.36388606,-0.392244244,1.240559579,-0.805587156,0.287176343,-0.246729309,0.540105435,-0.181828506,1.074132829,0.563599015,-0.737582562,0.935062345,0.723397151,0.373076189,1.244204116,0.480632029,0.384328423,0.320235963,0.033004652,-0.612245889,-0.265782263,0.063118161,0.619910757,0.842950645,0.470043994,-0.278010942,0.718072869,-0.077445592,-0.873473809,1
0.994757377,0.481598841,-0.790755106,1.100373465,1.019559572,-0.972905552,0.191897728,-0.130760932,-0.846141895,-0.506444599,0.751848512,-0.692374039,-0.025227384,-1.342483719,-0.05006328,0.616717054,0.595659722,1.038429181,-2.28627756,0.178363846,-0.063910813,-0.777693991,-0.061038332,0.8180475,0.561380044,0.142427365,0.376244048,0.719394176,1.683514041,1
-0.766989392,0.511743813,0.141455223,-1.85322779,0.006825076,-0.067076877,0.453009605,-0.083533711,2.171552802,2.423973157,-1.488958833,0.556799204,0.178720738,0.433702629,0.687751912,0.861586321,0.194691722,0.118230624,-0.76270076,0.654647688,-0.186133099,-0.447348588,0.033993919,-0.769614318,0.221349001,1.345530779,-1.398991764,-0.82921255,-1.129430816,0
-0.863286,0.134998935,-0.718846863,0.862363863,-0.626058755,-0.593331553,-0.944324242,0.501005341,-0.821388577,-1.082671885,1.232842119,-1.231614069,1.135254426,-1.118174609,-1.915237751,-1.340973036,-1.59321402,-1.39031691,0.621600883,0.141911089,0.430179802,0.607041986,0.114118167,-0.193814992,-0.851735621,0.313690244,0.970654933,-0.880335268,0.587720731,1
0.615991787,-0.935413111,0.334359292,-0.657310291,-0.026571877,0.164290948,0.546179063,-0.208734768,-0.266779653,0.963635002,-0.091793508,1.228217715,0.749442446,1.011023004,-0.06421484,-0.046060324,0.321216653,1.225222838,-0.519238491,0.074765352,-0.327199631,-1.652577631,-0.121538834,-0.01614684,-0.068499695,0.142676905,-0.350761673,0.053552531,-0.000849033,0
0.142619046,-0.082395528,0.303635982,-0.783308478,0.393868051,-0.260769564,0.759324299,-0.150150306,0.227907261,0.320757454,-1.319554173,1.152259258,1.282536955,1.049447058,0.287638514,0.275097732,0.32182703,0.379484756,-0.146414704,-0.342086436,0.082316286,1.386240243,-0.103634249,0.128158572,-1.299938455,-0.555660301,-0.067677905,0.386125921,-1.083689373,0
1.538791953,-0.597638502,-0.222548931,-0.516409433,0.494483499,-0.247339725,0.802787694,-0.268338709,0.460684718,0.654744178,-1.073123312,0.670504712,0.014182869,1.238982438,0.353118669,0.245699043,0.364193973,-0.074729763,-0.295576177,-0.008247629,-0.014510527,0.278753897,-0.150380123,1.653064818,0.326284861,1.542028737,-0.419357955,-0.220546742,1.489456457,0
1.579640884,-0.60516194,0.158435109,-0.345781189,0.09743212,-0.041208252,0.428514014,-0.205212894,0.990516087,0.614685669,-1.159199265,0.941617695,0.273044956,0.769295927,0.296359203,0.47936785,0.328215437,0.031387481,-0.421837159,-0.198350398,-0.093387774,0.002670274,0.126997047,0.067410544,-0.476503787,0.497434645,-0.296551891,-0.192225166,-1.43156421,0
1.526972728,-0.700727817,1.072642705,0.069653551,-0.114279744,1.225386871,-0.027997834,-0.026174158,3.413421192,0.443786163,-0.206894999,0.117533136,1.515990048,0.92552321,-2.736289144,0.441980347,0.596204833,1.113715848,-0.272034344,-0.443551226,-0.09640798,0.730664016,0.134688661,1.576892847,-0.362493028,-1.426057523,-0.123731035,-0.162354784,-0.9802838,0
-0.101162594,-0.263231897,1.905188802,0.150758586,0.448749593,0.419481598,0.491442535,-0.120487093,-0.222328892,0.81486835,-0.825162048,0.227830425,-0.38021481,0.940415287,2.129585231,0.290162664,0.612923087,0.080992331,0.394976986,0.165361418,-0.04184418,0.200014597,-0.123504498,0.297794019,-0.090715525,2.513397492,-0.247886095,0.086442348,0.344314986,0
1.427045321,-0.954001634,0.41036356,-0.713116163,-0.144921377,0.579981252,0.122191248,-0.112791733,1.779279,0.522269282,-1.552836374,0.598556892,0.085403186,0.491912617,1.314526045,1.265757028,0.224573812,0.610269708,-0.391282608,0.066169552,-0.002886071,0.411777701,0.108356365,1.188161541,-1.209566755,2.343539291,-0.331022502,-0.127950962,1.532862781,0
1.793625974,-0.47688815,0.09230071,-0.442812385,0.1933485,-0.222029871,0.475339607,-0.214275876,0.904379379,0.632771155,-1.166474458,0.741143343,-0.39303363,0.933516659,0.116833697,0.383810089,0.376600704,-0.170267348,-0.146971013,-0.437812999,-0.22223318,-0.671670079,0.342607054,-0.014816312,-0.611022209,0.46236145,-0.317022147,-0.250280428,-0.064043174,0
0.139911099,-0.176221826,0.235263304,-1.009088862,0.865186101,0.278223584,0.745861645,-0.145865435,0.376074466,0.38856418,-0.26790298,0.956713443,0.139206467,0.316836456,-0.950330188,0.939373261,0.421214602,0.617817792,-0.006116813,-0.157789195,-0.23220069,-0.727158227,0.178757631,0.207689403,-0.658489476,0.274657588,-0.113685407,0.018255924,-0.497856437,0
0.402973113,0.324389462,-0.764550201,0.813107496,-0.421358247,-1.015970891,-0.573381402,0.125655715,0.157814,-0.772799892,1.45252223,-1.214666146,0.814309091,-0.994373825,0.788634673,-0.903743981,-0.625509649,-0.259742694,1.414310381,0.378390349,0.172534391,0.006391548,0.698659013,0.31695827,-2.960071641,0.710585737,0.550086646,0.326138236,1.03383816,1
0.021227387,-0.121762188,1.372228241,-0.650825304,0.31052287,0.290445429,0.617785158,-0.101580584,0.155708049,0.449872832,0.21982872,1.058626284,-0.316729295,0.639188107,0.501274651,0.624878731,0.484687866,0.24266669,-0.41763056,-0.102780395,-0.17566943,-0.446720533,0.001913006,0.357067366,-0.569014181,0.179046974,0.070827826,0.107071432,0.163841837,0
-0.070506941,-0.775618996,1.59592694,-1.960192825,-0.129756728,0.561213858,0.535458277,-0.116960302,0.497443633,0.305664996,-1.633417034,0.420039757,0.050505008,0.198622465,-2.176290233,1.40472598,0.479798057,-0.443741784,-0.691170977,0.167010468,-0.007349458,0.392950715,0.476313087,2.539515953,-0.855382406,-1.592728249,-0.101896888,0.401914614,-1.27329636,0
-0.497519674,0.485751006,-0.552868665,0.961425373,0.108647929,-0.482530964,-0.368780574,0.272263875,-1.051424188,-0.780629937,0.838786109,-0.893732474,-1.124542056,-1.196549107,-2.182083751,-0.420538433,-0.663290137,-0.327785385,-1.591415332,0.033015068,0.164599207,-0.360364805,-0.461075113,-0.765228463,0.707606324,0.077155662,0.444845365,0.298117553,-1.729687732,1
-0.253819792,0.460898256,-0.821892035,0.918481207,-0.343484251,-1.030342904,-0.791633816,0.180363662,-1.25141402,-1.196795067,1.605373071,-1.315336893,-0.439279503,-1.566000123,-0.144764532,-1.297556508,-1.4607511,-1.221308302,0.763091243,0.816034562,0.302211509,-0.430605535,-0.428142385,-0.705555461,1.192209395,1.994307,1.813520084,1.590912614,-0.394900258,1
-1.946379144,2.420294183,-1.901527589,2.03246255,-2.267387251,-0.062575445,-2.669063144,-1.084847298,-2.336094043,-2.3255619,1.320700615,-1.687676124,-0.286157634,-0.982343727,-1.464021677,-1.716817796,-1.83130737,-1.967276202,1.319044919,1.970431984,-2.150169687,1.178814463,1.961093243,0.742103012,-1.551011725,-1.213618479,-2.591796047,-1.252773529,0.289864534,1
1.93610349,-1.035150646,0.105396903,-1.664852463,-0.067264072,0.556709237,0.07804093,-0.151839628,-0.227440731,1.532913231,-0.376322513,0.671041025,1.169183777,0.488146981,-0.828468725,0.335530499,0.458173348,0.663975765,-0.047722867,-0.432642438,-0.145461804,0.05172339,0.161672091,0.469550165,-0.426731412,-0.474241489,-0.225234857,-0.211160328,-0.153267527,0
-0.156687264,-0.654754971,-0.020760597,-1.353339729,0.507185246,-0.292336333,0.896686156,-0.139899036,-0.548797763,0.645326243,-0.77253627,0.345272842,-1.091112685,1.695167737,-1.338606708,-0.249713293,0.410825447,1.797965521,-0.613749616,-0.316464775,-0.048944716,0.114691587,-0.111915491,-0.799546681,1.350607809,2.034202586,-0.569443509,-0.704915048,-1.168610519,0
0.907991443,-0.853090541,0.596743202,-1.04349799,-0.088921962,0.435964338,0.214575782,-0.106371411,0.109069171,0.959908413,-0.066686863,0.141091463,-1.948750731,1.015052995,0.710478445,1.618262989,0.527549133,-0.279633071,0.313570385,0.021945165,-0.098082159,-0.461774244,0.000956783,-0.635531102,0.001376976,-1.118372331,-0.255154692,-0.043815045,-0.675438143,0
1.789732274,-0.475579353,0.074581825,-0.452108041,0.221075757,-0.211678214,0.49799737,-0.224952844,0.856044935,0.627449755,-1.244662793,0.901796254,0.168126107,0.859215335,0.013093582,0.428853671,0.335566613,-0.134700596,-0.045603913,-0.365800197,-0.223189471,-0.68421517,0.298384919,-0.168366144,-0.536024336,0.464492179,-0.31954354,-0.244751017,0.138305814,0
0.187645432,-0.706031568,1.320126778,-1.944432018,-0.168514691,1.073376251,0.20808005,-0.105281858,-0.438073951,1.23901163,-0.438250183,0.444436993,1.432048798,0.321315003,-0.202237307,0.353184635,0.484894575,1.251487724,0.609925481,-0.299966614,-0.099315998,0.454586817,0.10543438,0.473644132,-1.595162645,-0.432665728,-0.023033633,0.329951658,1.704577791,0
-0.297081953,-0.184671402,0.838065704,-1.548983707,-0.122453799,-0.026780884,0.297175916,0.058419499,-0.19702915,0.62204587,-0.202885627,1.023107045,0.127657704,0.79082605,-1.957624232,1.241774476,0.658796953,-0.302084985,0.218194795,-0.103854287,-0.01635811,0.526766975,-0.085708759,1.234948815,0.27294816,-0.818214419,0.037512437,0.034128338,-1.052861764,0
-0.238846883,-0.090633416,0.36897607,-0.765990173,0.294912842,-0.265948927,0.53114646,-0.025970974,0.169998662,0.233226076,-1.621466164,0.69386576,0.19252636,1.419387493,0.69644728,0.39617365,0.401390711,0.55513926,-0.031768951,-0.437317199,0.069962472,0.936090443,-0.34476284,-0.077392383,0.258152259,-0.101173622,-0.486305694,-0.255401189,-0.38545141,0
-1.002366494,0.55835013,-0.767900003,0.607877087,-0.274653082,-0.498246922,-0.546682932,-0.233902301,-0.247495675,-0.421753001,0.857846843,-0.960587112,0.34137899,-1.130761249,2.516312611,-0.974228695,-0.686806104,-0.575571393,1.72363057,-0.824401357,0.687389013,0.027786382,0.064354697,1.638733028,-1.153651626,0.992722215,-1.757419937,3.611601993,-1.056144802,1
0.995655916,-0.392015691,0.811217249,-0.383429332,0.04654097,-0.007506821,0.399729735,-0.159022852,0.42394677,0.652310862,0.114848412,1.223963857,-0.459497545,1.078095989,0.41095973,0.795872976,0.275270898,0.299182811,-0.129407049,-0.302992164,-0.185670953,-0.616825234,0.137902861,1.089228165,0.138968022,0.166056003,-0.279494377,-0.078216672,0.103166329,0
-0.100399491,-0.364081913,-0.236878586,0.273122479,2.365370449,-1.334009193,0.414882087,-0.152656249,0.108877633,-0.156557158,0.512057778,0.328783013,-0.938280443,-0.780307325,-0.272781802,1.609132057,3.411058757,3.617186413,-0.39492483,0.35521139,-0.153085235,-0.628574727,-0.005874555,-0.827077805,0.648081266,-0.884513798,-0.207966319,0.234529118,1.322106788,1
-0.837749195,-0.73308177,0.402639859,-0.472132393,-0.281046079,0.320058819,0.6070113,0.03725325,0.50310113,0.166088164,-1.482960788,0.701696121,-0.002644095,1.230657948,1.608007419,1.040395582,0.429780995,0.409907835,0.145033505,-1.951733408,-0.267951111,-0.389070047,0.274116844,0.116198541,0.616492201,-0.956172354,-0.177858553,-3.476345882,0.133660143,0
-0.522455366,-0.316431121,-0.141638684,0.292048592,-0.717236636,0.82538222,0.737883573,0.002031479,-0.592317527,-0.465528548,0.394536255,-0.501181028,-0.320440009,-0.399461205,-0.461420224,-0.588572525,-0.604847814,-0.830774557,-0.36321655,1.03837049,0.12452776,-0.48876312,1.387029422,0.371501499,-0.055510359,0.138396894,0.127599239,0.066415208,0.622497522,1
-1.52257005,1.396986437,-1.748857373,1.624265428,-1.852593099,-2.322485763,-1.692601911,1.723405845,-1.592326264,-2.087928836,1.774058371,-1.825767285,0.584597752,-1.640757827,0.382232868,-1.944109398,-1.854311625,-1.82795471,2.414302594,-1.062748797,0.850190713,0.259549467,-0.920053594,1.041908649,0.545693805,0.750084407,-1.439914601,-1.442997808,1.189688526,1
-0.228988863,-0.222478566,1.341949175,-0.348946562,0.429428113,0.965161456,0.41115612,0.01648002,0.005920964,0.374248213,-0.503560025,1.362965758,1.365872843,0.845864473,0.445466324,0.797137749,0.221830782,1.456093185,0.515037651,0.143172866,0.037078875,0.66068776,-0.384807536,0.265739789,1.117866011,-0.659002144,-0.264831579,-0.206287606,0.88334874,0
-0.729225925,0.434719915,-0.239274415,0.560250006,-0.507090089,0.546028171,-0.218287176,-0.544705026,0.932370187,0.096054649,0.693244611,-1.020540373,0.145404411,-0.803874371,-0.071911005,-1.038793625,-0.836647162,-1.014533145,0.211546351,-0.577907104,0.669320045,0.009410635,0.071005835,0.616633669,-0.838628492,-0.67895922,-1.64277447,-0.965495872,-1.50260614,1
-0.309566181,-0.136141507,0.397364692,-1.840469837,1.438750419,2.501415214,0.377476661,0.038074589,1.442986827,1.098869342,-0.754764273,0.514865066,-0.159188294,0.353622429,0.527926558,0.44318304,0.205340147,0.266866222,-0.686369162,0.222908941,-0.062032495,0.644327221,-0.24541203,1.620760401,-0.580432666,0.935273753,-0.960329246,-0.985436207,-1.150634731,0
0.988635187,-0.648370331,0.355124519,-0.771231186,0.076759413,0.314664508,0.297032229,-0.149499361,0.164223505,0.648151475,-0.275542002,0.41409909,-0.315142958,0.231248108,-0.475234885,1.622460743,0.779558619,0.081150916,0.584064859,0.078058891,-0.132132939,-0.397017885,-0.198662795,-0.862191941,0.732866154,-0.732423747,-0.231067786,-0.005461164,-0.96605345,1
0.961708296,-0.60969774,0.350734628,-0.62144879,0.115391624,0.361009958,0.317943896,-0.144296858,0.268087659,0.581698188,-0.410614677,0.396657481,-0.440644037,0.218689326,-0.334147667,1.431595492,0.798888851,0.126856782,0.414262144,0.040558909,-0.150273418,-0.487431559,-0.191165576,-0.983476978,0.723299211,-0.795487359,-0.223135755,0.004943883,0.640759419,1
1.69400835,-0.552736846,0.154676661,-0.453349471,0.201436623,0.301770017,0.354399687,-0.168400625,0.82990262,0.698311626,-0.32612559,1.731147832,0.784341369,0.766369398,-0.521390715,0.757435678,0.189147841,0.4987487,0.023212833,-0.259681173,-0.083360201,0.198526081,0.079804715,-0.760320289,-0.332860445,0.597115305,-0.282545364,-0.248020386,0.168855983,0
-0.955416848,-1.542344971,0.24951667,-0.073840921,1.413667792,-0.817058806,0.00054921,-0.625226042,1.000823709,0.365467535,-0.396321333,0.015660944,-1.692264866,0.106724807,1.839736585,0.568752965,0.3058132,0.00799561,-0.833212676,-4.044771866,0.257121201,-0.817624817,-0.526011791,0.349622818,-0.735616948,-1.502975028,1.607645348,-0.153469022,1.222297818,1
-0.149299086,0.034392296,0.958261377,-0.598733908,0.157835053,-0.146778461,0.593660965,-0.083211672,0.200808687,0.417755654,-0.705892464,1.123624589,1.312261287,0.514046471,0.863987775,0.771030207,0.476332187,0.166952144,-0.328257895,0.040220813,-0.202331083,-0.603386895,0.046351588,0.75954445,-0.152386204,0.187282171,0.051370612,0.122076218,0.559813465,0
-0.931779646,0.728956789,-1.003950007,0.723328214,-0.926444323,0.109432951,-0.614206717,-0.099176855,-1.070406172,-1.004692037,0.362260179,-0.861802196,-0.448639396,-0.75816119,0.659462133,-0.828454065,-0.789765816,-0.776416094,0.663662914,-0.042992606,-0.252626039,0.053111311,-0.495022921,0.942452599,-0.516351291,-1.040533412,-0.407865616,-0.546858895,-0.361750537,1
1.700405747,-0.615140237,0.523271657,-0.538212046,-0.081145451,0.196615079,0.186179677,-0.15361158,1.596223701,0.496412549,-1.08646862,1.374238508,1.013751642,0.50055203,1.012061526,0.692239366,0.26184673,0.310703809,-0.46156043,-0.322547617,-0.075551637,0.376499407,0.268194848,0.064258675,-0.799587447,-0.161421277,-0.191537065,-0.173015878,0.612173004,0
-0.311422906,0.128103058,0.132928087,0.549520046,-0.225969765,0.357374813,-0.378125984,-0.400707776,-0.157828461,-0.39476258,0.194829929,-0.307349667,1.001418402,-0.703500973,-0.640895071,-0.68624287,-0.440741337,-0.649569081,0.106226902,0.397246054,-0.007816082,0.588630935,-0.249103225,0.903046304,0.290165268,0.054324616,0.410892144,0.179013935,-0.52201104,1
-0.302373434,-0.54008951,1.607477537,-1.049379475,-0.01547387,0.374025561,0.443837123,-0.009107736,0.85022181,0.085828304,-2.066096475,0.583090272,-0.518251766,0.573473969,-0.976196278,0.743050923,0.400667121,0.181352226,-0.250199226,0.040165361,-0.116069379,-0.471113516,0.156283,-0.119920336,-0.137730733,1.642408781,-0.401495043,-0.204712376,-1.425508219,0
1.744135123,-0.47030238,0.15461674,0.372368554,0.271610149,0.661529444,0.294316549,-0.11937277,-0.515609927,2.16827767,-0.555174267,0.128787546,-1.646436917,1.245132536,-0.89242874,0.292006407,0.217568932,2.024738164,-2.399278763,-0.989009657,-0.138997312,0.017225081,0.179303887,1.280454653,-0.238296938,0.232297341,-0.277679546,-0.229538739,0.184490872,0
2.083110555,-0.867499774,0.005649846,-1.52835933,-0.093848001,-0.475576675,0.259129273,-0.252753169,-0.3249176,1.538075241,-1.211667594,0.092584815,-0.065684598,0.770947978,0.117825418,0.142802374,0.621552834,0.097199111,-0.297464963,-0.650143326,-0.231459415,-0.508841576,0.282473016,0.011407457,-0.405934132,-0.750074376,-0.268689773,-0.238338877,0.389445194,0
1.062812328,-0.349012313,0.447471028,-0.403836212,0.264630675,0.127199362,0.462115885,-0.187836286,0.539970205,0.481014491,-1.184626093,0.620927735,0.552137232,0.530606407,1.368072358,1.001937905,0.3430785,0.294384226,-0.1179491,-0.177149648,-0.239649299,-0.895123681,-0.014602523,-0.835269202,0.454618698,0.336690808,-0.267687604,-0.03919731,0.848784364,0
-0.367378817,0.115525771,0.01831184,-0.325915952,-0.173052087,-0.215062731,0.107839729,-0.449233003,0.35955132,-0.215428342,0.604517195,-0.719551546,-1.315981012,-0.846437395,0.772319915,-0.466847178,-0.653779576,-0.404748416,-0.408510711,0.092557979,0.338345605,-0.394326156,-0.017357747,0.469714651,-0.272467413,0.633162271,-0.447820252,-1.226490218,-1.521753822,1
-0.240074606,0.241658361,-0.398231345,0.129306429,-0.075131336,-0.019043963,-0.285676071,0.13654575,-0.600009799,-0.647311957,0.351270798,-0.75448532,0.180273401,-0.703722533,0.584458073,-1.074910138,-0.798802165,-1.133273511,0.802630617,0.309330785,0.206836935,0.387271874,-0.260886123,-0.791953552,0.317331154,1.594622415,0.575391527,0.469829251,-0.347163272,1
-0.151461993,-0.051673219,0.59547041,-0.308735264,-0.197224516,0.834295239,1.264106588,-0.143949641,-0.097067234,0.469414936,-0.131764353,1.406949554,1.01107725,1.057006151,0.273410179,0.580631767,0.288198487,0.817130984,0.458333721,-0.403400451,-0.03180512,0.569795943,-0.102241042,0.158912924,-0.382788797,-0.832535166,-0.246990209,-0.160609258,1.105566464,0
-1.168759151,0.483866883,-1.137389493,0.995021765,-0.757430117,-1.247640127,-0.991735226,0.662759904,-1.353592369,-1.26100814,1.420718362,-1.228602278,-0.029607089,-1.415061937,-0.337698536,-1.16902094,-1.378236302,-1.153645047,0.723410733,0.300247789,0.233046492,-0.354509966,-0.093051999,-0.649626146,0.303287703,1.678304045,1.632845068,-0.479483076,1.134989534,1
-1.706172663,2.605520601,-1.206877681,0.504437798,-0.951615117,3.222381817,-2.306932261,-6.029695999,0.273115441,-0.700372881,0.991239146,-0.708464989,-1.892818778,-1.183637183,-0.288478921,-1.231559796,-0.723495519,-0.991872219,-0.169494249,-4.118386154,8.084852631,-6.450657575,6.359710144,-1.075428962,0.350308278,-0.240527356,1.533694826,2.15756577,-1.447557459,1
0.156430983,-0.176803286,0.727525546,-0.270107037,0.559200675,0.062525977,0.739273944,-0.158594693,0.344027439,0.323432839,-0.745157123,0.186733073,-0.620112404,0.529572837,-0.185186088,0.758595239,0.564987707,0.442868482,-1.32234652,-0.321351651,-0.108965524,-0.125267347,-0.150497412,0.153576161,0.533363241,-0.969926542,-0.27392827,-0.139308313,1.024454336,1
-0.340137443,-0.009350424,0.221941848,0.391886757,0.106213394,-0.311030426,-0.1477681,0.014218718,-0.236653705,-0.307628733,-0.07739017,-0.691258276,-1.854737116,-0.580999504,-1.148001552,-0.470609349,-0.608027159,-0.545397379,-0.704537114,-0.123091947,0.054793037,-0.211587994,-0.354350039,0.373755776,0.349533174,-0.231644455,0.414324008,0.458298849,0.60259555,1
-0.117858423,0.219186302,-0.286940779,-0.293619551,0.285742939,-0.411037534,0.143953074,0.004105916,-0.425852814,-0.425891723,0.380762609,-0.28319664,0.295124234,-0.516159098,-0.444175506,-0.360253031,-0.240250009,-0.272115232,-0.066465897,0.00276124,0.072566442,0.135666102,-0.235996486,0.468217087,0.077709908,1.057744018,0.127132114,0.324532076,0.432654999,1
-0.183513502,-0.751026302,-0.224094333,0.420880713,0.273260513,0.174478833,0.664770285,-0.100937327,-0.112616364,0.153357022,0.225155449,-0.01984532,-1.217998988,0.024447734,0.425177301,-0.199901539,0.369405844,0.935931844,1.340434092,1.226163705,0.139358018,0.333348896,1.266793245,0.927096624,-0.793642483,-0.69660829,-0.01519863,0.267346705,1.382806861,1
-1.090307887,-0.550690522,-0.407932374,0.283853742,1.489131349,1.047990697,-0.769526424,-2.494907348,0.612334825,0.559365496,-0.21757211,1.213233515,-1.164180974,0.221137128,0.573162426,0.941038782,1.625870193,1.452785584,1.674626646,-0.549465887,-2.618303316,2.080164667,1.58758693,0.512639379,-0.142752206,2.696522801,1.19551875,0.16001138,0.39553442,1
-0.385600794,-1.554942946,-0.120735608,-0.738297327,3.155974297,-1.563857373,0.381737269,-0.213091515,0.227551101,0.556903033,-0.542177868,1.755280327,0.954850685,1.351412886,-1.446583045,0.077695249,0.222380879,0.466208102,0.087160102,0.663474205,0.230729121,1.601567657,0.617413215,-1.173141539,-1.451540282,0.280692933,-0.076576639,0.811476039,1.478829934,0
-1.030198907,-1.332909144,-0.523023039,0.206312645,0.00557359,0.225486007,-0.378380198,0.315080299,-0.316786325,-0.58563507,0.418752958,-0.546330671,-0.522750954,-0.265198907,0.433350423,-0.930701786,-0.799137228,-0.933743654,0.450228599,-0.182700426,0.315372853,1.062701018,-1.15641074,-1.959469448,-0.366816037,0.188264625,0.808006662,-1.360358948,-1.276468133,1
0.72603539,0.216110871,-0.657128179,0.716780664,-0.28184004,-0.929473418,-0.385526608,0.061796969,0.567288392,-0.593956786,0.920832971,-1.127418789,0.481664056,-0.784163359,1.825761715,-0.661379555,-0.159489205,-0.091028552,0.862410899,0.15639468,0.072149908,-0.071100868,0.73280574,0.152844527,-3.0679815,0.753132292,0.388280746,0.083382427,-0.496651307,1
-0.828616454,0.511380422,-0.590612783,0.590110222,-0.456083181,-0.185033321,-0.718453111,-0.028636843,-0.657198616,-0.824984244,0.790788378,-0.999938884,-1.007586766,-0.969080487,0.661057141,-1.323096992,-1.046025649,-1.347702901,0.67836256,-0.334607373,0.829907327,-0.05642322,-0.330744088,-0.217742366,-0.807728769,-0.640830969,0.073715911,0.304375152,-1.357090407,1
-0.598006863,-2.340956205,0.341956296,0.94351062,4.190065371,-1.701972289,-0.294956466,-0.087709231,-0.148770258,1.921562836,-1.635555538,0.414343432,0.267564706,1.123646535,0.302214564,0.166708058,0.581862956,0.214635896,1.008370641,1.23628165,0.139518894,0.343116888,1.426457355,1.616367159,-2.473807406,2.35786973,-0.309703132,0.839129966,1.320453709,1
0.164205333,-2.097604656,-0.266763393,-0.550111058,-0.194211412,-0.011798666,1.068407582,-0.255801891,1.608590069,0.198727513,-0.230319492,1.469761517,-1.301369382,1.389462581,-0.450215344,0.016630816,0.423277614,0.695949599,0.389211805,1.638726912,0.168392855,-0.207535757,-0.91366981,0.254181495,-0.199909564,-3.059746066,-0.425884001,0.204857755,-0.332125167,1
-1.779611863,1.738832022,-1.962604659,1.375481383,-2.105768501,-2.752584721,-1.821413528,2.484031538,-1.282721254,-1.926919051,1.619616632,-1.641702585,0.348560912,-1.495700469,-0.550144417,-1.675694642,-1.700414499,-1.626475154,0.998962508,-0.477407371,0.817158175,-0.076010481,-0.739862582,0.662450761,0.458445742,-0.201818602,-1.109618324,-0.746202787,-0.959579854,1
0.058834505,-0.100092671,1.300705068,-0.594472042,0.241887975,-0.127253988,0.685900116,-0.160736197,0.321869154,0.407168291,-0.817330016,0.388999394,-0.435749386,0.550945019,1.122777552,0.749143951,0.454292255,0.276222413,-0.287100967,-0.089106539,-0.214844176,-0.690982182,-0.03556486,0.662167546,-0.375455823,0.18238139,0.051998639,0.133631719,1.214724578,0
0.95486955,-0.209175939,0.590485953,0.275095887,0.363207353,0.152019998,0.627474595,-0.194708846,-0.09901463,0.926702559,-0.573453507,0.833129783,0.406098436,1.000011597,0.401463292,0.418656006,0.406522228,-0.266070583,-1.479987303,-0.338121996,-0.08736078,0.091900283,-0.069123056,0.900239167,0.969840928,0.18558342,-0.261201569,-0.071959676,1.215818443,0
0.128311568,0.026722878,0.204727743,-0.192834498,1.049769586,0.064018953,1.008454632,-0.197011609,0.092816203,0.367043839,-1.086989381,0.417100881,-0.08460054,0.260357061,-0.188629363,0.112525673,0.978135358,0.548556901,0.256025346,-0.013443487,-0.093518623,0.320912406,-0.315133205,1.212181985,0.012566434,-0.985294133,0.326270794,0.585781246,1.515287259,0
0.919063646,-0.383528722,0.590749989,-0.154735287,0.144838418,-0.087901323,0.554270154,-0.214624692,0.432807938,0.584083204,-0.804278153,0.969174082,0.61692115,0.879313325,1.004850084,0.485426888,0.303887897,0.190122851,-0.563319038,-0.13046294,-0.073858328,0.08122832,-0.192008999,0.882862871,1.061243804,-0.809187027,-0.232895276,-0.019185884,1.716558278,0
-0.77838689,0.5912336,-1.000834098,1.553807832,0.010320513,-0.799977521,-0.372662057,-0.146158888,-0.279620938,-0.147856873,1.015855064,-1.256445523,-1.185016625,-1.664706002,1.488881427,-0.910356018,-0.669096899,-0.330041474,0.693107212,-0.348293197,0.109216593,0.625598256,0.414829445,-1.04421386,-0.692958639,0.80043709,-2.44081339,0.908923598,0.494859316,1
-1.067168336,1.00796111,-0.889324858,1.178789161,-0.212019091,0.813614125,-0.528422604,-1.057364073,-0.024810088,0.827946662,0.988100674,-0.782217785,-1.113626118,-1.136093169,1.178304281,-0.348813831,-0.273372467,0.400792093,0.538241812,-1.359273885,1.829910848,-1.339349552,1.308468486,0.327111202,0.027274176,1.010771002,0.105365679,3.420882397,-1.072058576,1
0.942066534,-0.371470404,0.895112228,-0.164357797,0.074980101,0.138376503,0.406920435,-0.149190333,0.603758593,0.571862287,-0.557298857,0.693277451,-0.652512829,1.002987255,1.683872025,0.428940676,0.419076233,-0.133442438,-0.897635959,-0.377218557,-0.19856796,-0.661115636,0.200667122,0.707839718,0.151988604,-1.742397328,-0.190830468,-0.021256848,-0.097438546,0
-0.898309243,1.72571695,-1.618047588,1.996624958,-0.816367715,-1.682827481,-1.407995187,1.142903272,-1.776420522,-1.768423827,2.372962729,-1.894958648,0.290230077,-1.985026272,-0.667317641,-1.777377607,-1.571335682,-1.504198592,0.459934396,1.205419256,0.626297377,0.076138183,0.375211628,-1.934732274,-0.240728078,1.3253578,2.082429737,1.677662669,-1.233280003,1
-1.715603422,1.531523958,-1.654141012,1.411615802,-2.004630841,-1.393653498,-2.065030067,0.600112468,-1.963685608,-2.055010456,1.33067258,-1.660586038,0.525387248,-1.02117788,-0.844248054,-1.980231325,-2.150237566,-2.284220613,2.028998719,-0.014995351,0.025316032,0.71476228,-0.200748966,1.624452167,0.015210418,-0.378675636,-1.708162035,-1.44291826,0.406127708,1
-1.113220955,0.931082228,-1.079032624,1.726239591,-1.319978373,-1.113137003,-1.5102211,0.97418015,-1.897648872,-1.698201413,1.575372453,-1.739043238,0.449414811,-1.644656524,-0.468223135,-2.109260498,-2.276201789,-2.296656726,2.592535086,0.677959095,0.704654591,0.167830318,-0.056002484,1.257065155,-0.294485094,0.588765363,1.859782439,0.925175498,-0.777387157,1
-2.316729245,3.198435764,-2.215584136,1.504959691,-2.503247167,0.077686743,-3.22278544,-2.578834401,-2.79315137,-2.837636302,1.054286259,-1.512749256,-1.251267589,-0.423723763,-2.451530669,-1.546773555,-1.659596614,-1.817769128,-0.427785117,3.309295316,-4.46571852,4.260308751,1.360173815,0.740293129,0.135290402,-1.85191239,-3.89276135,-1.793114146,0.355739148,1
-0.008651097,-0.456971261,1.426173276,-0.66558935,0.593707,0.485499635,0.766700308,-0.215305601,0.69551526,0.579227549,-0.313249633,1.017992686,-0.059814288,0.500804861,-0.877168719,0.97148358,0.052818448,0.523824112,-0.952333478,-0.261203557,-0.2031328,-0.446930782,-0.049291544,-0.818133057,-0.323942807,-3.072081982,-0.675436403,-1.202646201,1.517866582,0
-0.801053153,-1.97111062,-0.414406577,-0.100426465,1.522687778,-0.789188186,0.24407403,-0.04984902,0.234505505,0.38070179,-0.27825692,1.482363443,0.7159192,0.736199401,-0.242902826,0.930546476,0.722298106,0.949926531,0.374826502,-0.578030687,0.009347726,0.343094452,-1.435998774,0.981126036,-3.430769424,0.575863416,0.367342105,-1.948841969,-0.914342716,0
-0.934775509,0.548062674,-0.540578271,-0.287499868,-0.359367058,0.97593237,-0.29006777,-1.22201297,0.514607635,-0.333870276,0.649137279,-0.707860017,0.274160086,-0.338582091,-1.146504214,-0.200047195,-0.325151843,0.030999105,0.02985797,-2.959827733,2.013124734,-1.898709878,1.042351995,-0.135480148,0.33399071,0.503394035,-0.082436662,0.772377051,-1.101585685,1
0.391241357,0.63261712,-0.755395023,1.200513827,0.989788808,-1.235322071,0.190460337,-0.131623568,-0.720939561,-0.669465772,1.469416531,-1.106174074,0.495370428,-1.202913693,-1.336698474,0.181636348,0.763202272,1.666407725,-1.788318819,0.234815474,-0.016655,-0.456465158,-0.541865439,-0.369210589,2.161635365,1.041688679,0.423281745,0.827811339,0.810305485,1
0.330752978,-0.020457979,-0.717343298,0.334467539,-0.16984176,0.394812448,-0.464339739,0.003275818,-0.093564057,-0.712774399,0.969516634,-0.743756189,-1.224263394,-0.943248446,0.614155648,-0.935115057,-0.680160245,-0.716711479,0.137279557,0.456965045,0.134031247,0.736067352,0.034151723,-2.318375858,-0.487687205,0.009479476,0.748623724,0.584900022,0.083572143,1
-2.017304717,2.608546636,-1.926713846,2.249188878,-2.364738147,0.26434899,-2.777980294,-1.097375815,-2.541109469,-2.312373092,1.241311863,-1.692687591,-0.12106164,-0.93330035,-1.196022943,-1.660223171,-1.788659844,-1.798700256,1.175752955,2.073455318,-2.065059777,2.900585757,1.681042225,0.883593204,-0.624071794,0.774658894,-2.863435034,-1.493249993,-1.51035856,1
-1.574445178,1.387558462,-1.533103139,1.219366358,-1.791826124,-2.160681795,-1.756528786,1.873343229,-1.976822528,-2.046518241,1.566314073,-1.59699273,1.148127585,-1.665877142,0.906438838,-1.848369187,-2.093822275,-2.068976222,1.785458416,-0.345202642,0.760630533,-0.516877151,-0.107020994,0.882808622,0.429985543,0.682191242,-0.430637771,-0.802597661,-0.418421952,1
-0.04849256,-0.062880101,1.675965335,0.025770065,0.457338357,0.271190013,0.614602702,-0.140708932,0.404594041,0.488930126,-0.404630212,-0.173952224,0.496794787,0.975059708,-0.241842413,1.050053229,0.548525863,0.222180869,-2.514285596,-0.498081921,-0.078791276,0.164492322,-0.077968649,0.606657938,-0.721441433,-0.539682822,-0.290924069,0.108046571,1.16899036,1
-1.019181048,0.302682831,-0.816384073,0.760933879,-0.741805023,0.054581642,-0.787304115,0.039730121,-1.007048267,-0.969972893,1.097856497,-1.052084103,-0.335498667,-1.043441457,0.346869024,-1.099516071,-1.306415809,-1.008967473,0.915495491,-0.49005002,0.051220271,1.104956397,0.062580155,-0.769703988,-0.342089946,0.384573474,0.102430627,-0.191532318,0.831961685,1
-0.764165191,0.881912364,-1.074501779,1.418666212,-0.528346157,-0.846719132,-0.831552201,0.503113676,-1.021295971,-1.040124373,1.639282246,-1.391575181,2.579297444,-1.248957539,-0.419346101,-1.268706111,-1.074093378,-0.779862172,1.596856443,0.232379695,0.370048527,0.50845282,0.032678201,-0.803375507,0.004753157,0.600965772,-0.406926922,-1.557542941,1.418213671,1
-0.294108984,0.355752442,-0.419576112,0.621878331,-0.372933572,0.224987814,-0.159388779,0.154398431,-0.520685954,-0.485200591,0.199877461,-0.87018068,-0.402509263,-0.634275892,1.551947885,-0.655209556,-0.575303596,-0.215302342,1.346563142,0.242678999,0.137849819,-0.021634229,-0.042977818,-0.903961966,-0.136068261,0.09709492,0.274804257,0.311989488,1.333564185,1
-0.857124628,0.909234626,-0.994073675,1.461560964,-0.753085682,-0.136459099,-0.803256587,0.428873536,-1.029823019,-0.874344558,1.365290783,-1.286240858,1.505100243,-1.211731988,0.090953585,-1.136227361,-1.016054953,-0.920492501,0.895684751,-0.138124663,0.491551914,0.062944051,0.306790515,-0.683130863,-0.42166146,0.809619948,-0.120677692,-1.403386214,1.637615093,1
-0.91934446,0.285587175,-0.43463943,-0.52135826,-0.241556394,-0.815786043,-0.225996621,-0.065064393,0.35162261,-0.525380134,0.531312361,-0.661182403,-0.639571424,-0.829504403,1.689853091,-0.713304323,-0.57938873,-0.629567609,-0.158278557,-0.999360533,0.234831512,-0.074781182,-0.699842374,0.905065419,-0.075852987,-1.578762417,-1.42439226,0.930676774,1.187445887,1
-0.54130537,-0.932670268,-0.124661826,0.534414619,0.188770005,-0.4240062,-0.021537861,-0.057579826,-0.38517338,-0.420494616,0.422545389,-0.574119421,0.422991957,-0.760753643,1.475121685,-0.321169745,-0.459393788,0.124751062,0.197051659,1.866263618,0.252898041,-0.063062554,0.5787695,-0.553246546,0.655097843,0.714476399,0.14887211,0.691969354,1.125789225,1
-0.531090398,-0.439989334,1.083775113,-0.544388094,0.583698748,-0.156431723,0.52150287,-0.297244294,0.103748372,0.617443035,-0.02070045,1.038107217,-0.196683052,1.065653583,0.050949002,0.595662547,0.321252912,0.480027935,0.222883217,-0.77516418,0.117739278,-0.145214695,0.636413261,0.736857,1.19792786,0.919458987,-0.065077332,-1.00387562,0.419226623,0
1.692136656,-0.598170469,0.258964015,-0.433006601,0.112827399,0.412135806,0.26561354,-0.14236801,1.264730786,0.607029812,-1.498686408,0.693037768,-0.007877007,0.671355893,0.673816013,0.864702729,0.246507082,0.203995182,-0.25497318,-0.283808506,-0.191273995,-0.591423874,0.372259999,0.944135144,-0.928661494,-0.08126705,-0.266166324,-0.171212925,-0.207533019,0
0.117162936,-0.334783362,0.232935995,-1.857256097,0.943758187,0.27847319,0.888778364,-0.169512236,0.453115279,0.26516678,-0.668582078,0.727057222,-0.815283979,1.112547502,-1.094132337,0.208095376,0.298094182,0.396766748,0.710175848,-0.199812133,-0.067909623,0.202772489,-0.247486777,-0.055593342,-0.387584976,1.345957517,-0.172276145,0.264816407,-1.712943084,0
1.474180084,-0.60076663,-0.166185187,-0.146692705,0.54776429,0.400596988,0.639745566,-0.172818324,0.615057002,0.782185239,-0.594029136,0.583169274,-1.854702135,1.446021113,-0.994731248,0.306232953,0.299575285,0.493985147,-0.03285002,-0.208630835,-0.049243381,0.079352781,-0.173173499,0.405611794,0.575404088,-1.300898498,-0.308657787,-0.214933552,-1.255622578,0
-0.482144213,0.074264975,-0.074822815,0.300275905,-0.243366859,0.119008316,0.161118767,-0.22027039,0.167896916,-0.160663543,0.306283963,-0.417416839,0.667926447,-0.747236314,0.748125841,-0.603297033,-0.383486277,-0.44886194,0.37620311,-0.457042985,0.091077827,0.22886273,0.125313481,0.540266094,0.007772485,-1.275665893,-1.013714887,0.683712682,0.057446561,1
0.931811266,-0.085081242,0.002483416,0.122922397,0.54697578,-0.168150947,0.507991128,-0.140418555,0.485003181,-0.015230921,0.396742833,0.450716821,-1.433079554,-0.541804744,-0.44462557,1.571219652,2.375388631,2.36390074,-0.707336007,-0.254514333,-0.248537288,-0.764881754,-0.176171685,-0.198619911,1.015933275,-0.839062647,-0.146881441,0.175337575,-0.49348965,1
-1.902954978,2.315929095,-1.931014429,1.991701086,-2.178518864,-0.353315883,-2.701714826,-1.184162993,-2.241655416,-2.318255243,1.292140422,-1.679064882,-0.411796007,-0.997476679,-2.191529685,-1.641029077,-1.888397934,-2.018742111,0.167189749,1.759294876,-2.201645783,1.220019458,1.568834172,0.754975038,-3.085662188,-2.214842951,-2.580221208,-1.226973648,0.812052489,1
-0.912743094,-3.76779449,0.453127762,1.260498259,6.826308208,-2.983819965,-0.640057884,-0.012467079,-0.089822551,2.165327203,-1.74615157,0.532669746,0.213388212,1.310443856,0.353390718,0.135470261,0.56325708,0.329144838,0.885931474,1.926507179,0.208049185,-0.021930741,2.18375844,1.486435362,-2.793985562,0.581954754,-0.198103537,1.173995694,1.228063364,1
1.849887918,-0.241576788,-0.386671159,-0.331630509,0.847582146,-0.467319721,0.718660527,-0.241211371,0.59614031,0.230966752,-0.713405278,0.214157236,-1.036042217,-0.076862815,0.126171141,0.698433876,1.472476171,0.777283626,-0.497020069,-0.353571605,-0.137156378,-0.101285629,-0.065684843,0.868925277,0.535245,1.435829617,-0.331975942,-0.14051004,0.572626271,0
-2.192149525,2.562603487,-2.141342081,1.205993052,-2.594633362,-2.489881353,-2.04441837,3.954975768,-1.175624464,-1.313024795,1.26523008,-1.139171039,0.44567149,-1.072305294,-0.05911932,-1.314757698,-1.496958056,-1.46816165,0.722382386,1.382296834,0.553705759,-1.316228819,-0.885416519,0.288470097,2.416340335,-0.519812419,2.01046752,1.017890189,-0.525522387,1
0.649617357,0.241368233,-0.67769996,0.639877312,0.237633811,-0.328803004,-0.057536856,0.039340903,-0.309232981,-0.333993064,0.728768288,-0.464909121,-0.95479353,-0.794936076,0.260137332,-0.51427091,0.087047513,0.577168603,1.616843037,0.150666155,0.047824832,0.017915638,0.163271403,0.782392699,-0.83721079,-0.611662248,0.123450385,-0.212906926,1.512028786,1
-1.859447546,1.696474217,-2.089291746,2.352153512,-1.630210304,-1.016844351,-2.058597908,-0.007486303,-1.92910828,-1.918263857,2.153879658,-1.72136001,0.818325454,-1.680564222,-0.401899111,-1.505633632,-1.386912204,-1.440064333,0.346297882,0.814691475,-1.134411998,0.998366898,1.15828974,-1.695447999,-0.348555125,1.356161642,3.055254284,-3.548310461,0.7755417,1
0.927126784,-0.345264835,0.82226365,-0.07317532,0.122055915,0.107157646,0.414066474,-0.182192561,1.224560129,0.539884406,0.398762949,-0.106234128,1.31438088,2.438542983,-0.543024815,0.648806099,0.475136409,0.840395654,-0.6320285,-0.306380144,-0.104305452,0.118330443,-0.133112632,1.029013926,0.872640353,-0.845965774,-0.260295003,-0.071016614,1.458173673,0
-0.214847896,-0.135325004,1.097326876,-0.794383271,0.27339138,0.061261915,0.526106709,-0.06594136,0.270668531,0.346669391,-0.924485409,0.689337332,-0.121491276,1.001262772,0.770198425,0.625223532,0.378251746,-0.125146398,-1.03611564,-0.535304594,-0.123244748,-0.38141253,0.150640364,0.1298869,-1.147434384,-0.228719205,-0.518840453,0.068131957,-1.044175875,0
0.919730624,-0.197281922,0.323518033,0.152209464,0.370040075,0.184269527,0.444337444,-0.1171799,0.131213052,0.478869234,0.295377953,0.385574615,-1.716282936,0.140997819,0.571963774,1.347334137,1.048846158,1.017563193,-1.336000984,-0.372532402,-0.118531646,-0.17736104,-0.064686874,0.028251565,0.554279507,0.396671913,-0.229731184,0.022905483,-0.29963003,1
0.401449879,0.654839276,-0.754481477,1.192059786,1.087599292,-1.346405768,0.242318218,-0.178767161,-0.675272462,-0.722357421,1.058386576,-1.148751387,1.436158109,-1.250169001,-0.801843531,0.117955234,0.772180239,1.098820273,-2.105109479,0.280435331,-0.042985497,-0.573857772,-0.624568367,-0.670058434,2.648706543,1.108524469,0.430959631,0.897715079,1.538667342,1
-0.648974371,-0.371945491,-0.776265508,0.563613336,0.424339522,-0.373216394,0.084092189,-0.006841691,-0.895449945,-0.621561761,0.784932674,-0.692360282,1.003869622,-0.856362991,-0.616012753,-0.877320435,-0.794602707,-0.41533355,1.298049987,0.067810148,0.196601914,1.058819298,1.917991977,-0.177625195,1.806446031,0.017297716,1.035420336,-0.21678036,1.035434883,1
-0.895235621,-1.417962607,-0.628079952,0.316958879,-0.399761476,0.792570962,-0.386069055,0.302695067,-0.146389478,-0.742857225,0.648714058,-0.682692267,-0.486975744,-0.58362202,-0.024176857,-1.062366369,-0.992863484,-1.103175495,0.382178756,0.072473061,0.320185174,0.935162169,-0.685761768,-2.284283615,-0.333414811,0.184557909,1.556974462,-2.1979585,1.428704364,1
0.513933796,0.531543538,-0.776822886,1.104898649,1.039102092,-0.87350602,0.176353181,-0.077180892,-1.052989072,-0.570544716,1.199615861,-0.799974968,-1.95488203,-1.326836211,-0.403232962,0.285514359,0.552435795,1.240581043,-2.00876999,0.15904323,0.012273778,-0.467095722,-0.4251298,-0.595651421,1.752358037,0.885880279,0.431854648,0.814112385,-1.00901616,1
-0.861931959,0.477303617,-0.592082587,0.687081124,-0.421751921,-0.251374679,-0.684392439,-0.042685174,-0.555959136,-0.776226019,0.869961357,-1.121469163,-0.754215885,-0.980980836,0.685348543,-1.326709984,-1.075549939,-1.367211222,0.559779445,-0.40035179,0.719826997,-0.072892954,-0.196266473,-0.187451129,-0.617461566,-0.525437091,-0.420314657,0.480035142,-0.630143204,1
1.652771334,-0.548902712,0.273589865,-0.046006486,0.151920838,0.54810892,0.303963384,-0.11265178,1.506879223,0.604255442,-1.899093707,0.544998383,-1.679853798,0.715489043,-1.005456445,0.264269405,0.457099852,-0.092076517,-0.060274147,-0.520320995,-0.326419331,-1.217520518,0.479681463,1.167756799,-0.66147845,-3.068712267,-0.190442252,-0.162720939,0.322693466,0
-0.27628774,-0.552027578,-0.168256165,0.293570382,-0.304727237,0.236731021,0.130644949,-0.04114182,-0.368171246,-0.345842728,0.741733249,-0.622858921,-1.367710711,-0.553754071,0.96879088,-0.454494061,-0.54489765,-0.18374183,0.297931925,1.374925936,0.243915285,0.155421081,0.425281156,-0.266223064,0.063130486,1.731940875,0.103295669,0.394136991,0.558141601,1
-0.405535055,0.254891787,0.938491602,0.156548004,-0.08113447,0.427051707,0.210022338,0.207663835,-0.258678448,0.903846984,-0.286888843,1.018262649,-0.258217934,1.580974631,0.05108774,1.329844945,0.376415933,0.741789161,-0.176196422,-0.285697158,-0.091719008,-0.36479104,0.19838073,0.536624059,-0.864636709,-0.580436868,-0.414537215,0.084114587,0.181522844,0
-0.878489029,0.467993934,-0.616784804,0.653767047,-0.509699653,-0.190298045,-0.740892083,0.016030086,-0.49530509,-0.786039906,0.769372305,-1.029113076,-1.097851866,-1.031192171,0.620620697,-1.353033901,-1.064082682,-1.370441911,0.831214929,-0.428463063,0.736566132,0.033687652,-0.151012652,-0.152203419,-0.961015697,-0.738203213,-0.408242286,0.510517363,-1.398645688,1
-1.505850757,1.436205702,-1.803801592,1.64442198,-1.832612533,-2.56261392,-1.701664886,1.69475328,-1.416506195,-2.135871989,1.870741656,-1.881391442,0.420848714,-1.705424816,0.607615347,-1.95867927,-1.741310092,-1.668895123,2.639266343,-1.02127841,0.888356861,0.627524748,-1.113101687,0.977206829,0.557742219,1.110061667,-1.549221607,-1.288930393,1.193792323,1
0.959119949,0.268010932,-0.620331166,1.027030018,0.611899153,-0.265349332,0.050581657,-0.06116316,-0.658512257,-0.280510276,0.729669697,-0.548385634,-0.608967081,-1.064811453,-1.533478094,0.221213459,0.026160222,0.538829557,-1.281699958,0.054899875,-0.041271187,-0.572447851,-0.094225119,-1.393751682,0.425743792,0.190922281,0.368703987,0.543201559,-0.547681447,1
-0.935123432,0.544681614,-0.545825962,-0.265364559,-0.379238947,0.942634207,-0.289343748,-1.170577182,0.443929233,-0.323827049,0.633517582,-0.701254166,0.204387396,-0.32333833,-1.151218182,-0.195493132,-0.342815159,-0.015000631,0.020522384,-2.927863276,1.94843005,-1.859732154,1.032249932,-0.123708934,0.289973831,0.645671392,-0.173286839,0.728675878,0.029773385,1
-0.419896642,0.09566824,0.394388767,-0.295093586,0.625986194,0.401831963,0.09893303,-0.934825166,0.774714077,0.47212281,-0.86272104,0.182701798,-1.720631188,0.094036539,1.082051422,0.499584155,1.40001482,0.826310431,-0.125952909,-1.373136528,1.219512969,-1.077310405,-0.01518587,-0.560994138,-0.393948599,0.687011689,0.350079183,0.144408582,1.403075862,1
-0.528105477,-0.191956373,0.023027457,0.002736519,-0.196368397,0.318861305,-0.014066861,-0.163433688,0.316436819,-0.134683005,0.203131337,-0.591587708,0.45482065,-0.742500345,1.901626456,-0.674922532,-0.550821529,-0.594296568,1.093615039,-0.236379766,0.047111845,0.564705168,0.184060536,-0.581844843,-0.393155297,2.175378766,-1.113029272,1.571977002,0.069023893,1
0.945806799,-0.560679889,1.11617416,-0.984344259,-0.036368058,0.494575421,0.191901795,-0.120658049,2.733284736,0.136186654,0.453907145,0.259493219,2.148358034,1.767054032,-0.015456587,0.159591712,0.655967451,0.640061821,0.02072697,-0.298134773,-0.132576207,0.234139271,-0.048654685,0.030877899,0.562777605,-1.836978584,-0.143377568,-0.056101531,-0.690591847,0
1.115318669,-0.77429637,0.87752386,-1.031406194,-0.160296611,0.458872679,0.079317082,-0.102194271,0.458693072,0.895976296,-1.258312039,-0.114985682,-1.625261731,0.678870599,2.025486831,1.700537486,0.534707527,-0.167553239,-0.1600892,-0.19830937,0.037289633,0.842869202,-0.145013656,-0.744675205,0.493048567,0.053962425,-0.193527215,-0.064850834,-1.304596484,0
0.245971722,-0.186428805,0.315887572,-0.944063983,0.566291132,0.144590809,0.694139969,-0.107016692,0.533624609,0.369969414,-0.219429927,0.254368735,-2.634992778,0.551064287,-0.692385386,0.859256389,0.568203298,0.653848015,-0.247993007,-0.310765403,-0.228816518,-0.809670161,0.111180911,1.136957833,-0.978681439,0.241127792,0.006983523,0.067257902,1.024730331,0
0.966487922,-0.40617911,0.848201219,-0.098351598,0.053909695,0.14277172,0.415519085,-0.167063816,0.848019236,0.53138213,-1.171683837,0.835522439,-0.387129929,0.716129065,-0.183967802,0.314541685,0.425187916,0.027256519,-0.171118211,-0.316412777,-0.206499062,-0.567246597,-0.004836525,0.771732253,0.758097747,-1.309207372,-0.199162158,-0.030749398,-1.0587747,0
-0.266988485,-1.630519614,-0.840202289,0.549121174,-0.136176811,-0.516902682,0.697064813,-0.224863152,-0.158809596,-0.504938766,0.370414762,-0.464518785,-0.423689499,-0.68428809,-0.352006351,-0.396600268,-0.183635196,0.061971097,-0.457175235,2.672713573,0.39178919,-0.374421545,-1.421495141,-0.659666234,0.282382878,0.036566737,-0.016640371,0.988697831,-1.400444712,1
0.759892252,0.090127894,-0.063958694,0.035836183,1.026629895,-0.452714055,0.894709798,-0.290490421,1.109757156,0.123715721,0.122186124,-0.325892984,3.084060437,-0.166095887,0.241980109,1.073145007,2.046087332,1.919629326,-0.597380573,0.093960071,-0.251239569,-0.312101959,-0.03408611,-0.818691085,-0.704830036,-1.083286629,-0.152391946,-0.623690875,-0.848764327,0
-0.795093793,0.519603546,-0.715578402,0.654885901,-0.519643734,-0.297703171,-0.74851707,0.196709705,-0.703116196,-0.841492942,0.829114451,-0.962168111,-0.551714477,-0.986366756,0.374916607,-1.235130816,-1.043910825,-1.159426286,1.068909458,-0.151802941,0.63745691,-0.093671739,-0.034255763,-0.616573852,-0.32100009,-0.460569844,0.210196271,-0.116164723,-1.63204048,1
-1.331913514,1.093108003,-1.46226484,1.553760105,-1.600680716,-1.837706825,-1.61435205,1.34879721,-1.573967501,-1.955421407,1.685712094,-1.772571631,0.448859626,-1.685861158,-0.339514916,-2.003465012,-2.070574026,-2.049743373,2.108123795,-0.206872625,0.76254239,0.072518592,-0.428952972,1.054438581,0.633809156,0.077180424,-0.277220864,-0.561442079,1.166890777,1
0.10388067,-0.631007848,0.219510116,-2.578326829,1.941116039,2.082444342,0.429212602,-0.048618754,0.068614825,0.985206643,-0.543251808,0.16998134,-0.200473943,0.46004325,-0.159449986,0.854481286,0.425760745,-0.604530008,0.206668995,0.14821223,-0.184650988,-0.329204384,-0.192620862,1.491363297,0.100012897,-1.04214587,-0.448549497,-1.135601018,0.473726205,0
1.040543075,-0.23379341,0.216858417,-0.338434849,0.418439578,-0.08649754,0.556183443,-0.195076412,0.207289484,0.382077345,0.182671887,1.312788732,0.712001491,0.193958345,0.193041135,1.07897664,0.673156574,0.925781694,-0.177813664,-0.16321957,-0.150625626,-0.28822078,-0.170964592,-0.128678681,0.939611055,0.80728911,-0.271578117,-0.025547281,0.391161853,0
-0.633059816,-0.265774359,-0.374152311,0.379374235,-0.101735946,-0.113498451,-0.129548969,-0.032511295,-0.00320006,-0.241632562,0.376828816,-0.467256573,1.029816062,-0.682886328,0.330729503,-0.657650915,-0.693012073,-0.498400812,0.749110857,-0.615776815,0.070928869,0.475989446,0.549530444,0.283424687,-0.819635869,-1.770688396,-0.599690606,0.604386143,-0.956331497,1
1.926064371,-0.686855625,0.014572768,-1.167332964,0.073674775,-0.274175188,0.338683822,-0.210179347,0.040809423,1.135360423,-0.026187309,0.503152703,-0.639151974,1.022227329,-0.411942426,1.255400093,0.468177287,-0.350755571,0.489327291,-0.258886725,-0.063017174,0.135974187,0.21376248,0.030408796,-0.319493836,-0.793146487,-0.296978212,-0.280256672,0.639029755,0
0.114445732,-0.192712298,1.663577903,-0.189782578,0.295203775,0.27510512,0.814576437,-0.223947595,0.389928773,0.51064003,-1.064310034,0.972688009,0.737944698,0.506349708,-0.251918197,0.049322557,0.456122344,0.089849359,0.474672139,0.007085051,-0.142110203,0.038961343,-0.076662051,0.836455628,-0.648161268,-1.239448102,-0.205163388,-0.216092569,0.71765793,0
-0.120123594,-0.112559532,0.385764281,-1.268175802,1.237929706,1.184421682,0.706026293,-0.041723544,0.307809044,0.31336468,-0.112456389,0.691046606,-0.752557077,0.406784089,-0.038011522,0.336037887,0.749477258,-0.106263718,-0.783391842,-0.243681472,-0.1970949,-0.560651973,-0.140998304,-1.719609077,-0.618493277,0.59776304,-0.144789656,0.346529394,1.357444239,0
1.035753374,-0.367800555,0.468295258,-0.488173262,0.312748569,0.280727759,0.497059648,-0.168917991,0.294050787,0.63769702,-0.175781835,1.373018139,0.508335191,1.018783066,0.246191337,0.930510298,0.185576357,0.227887168,0.332233215,-0.181633448,-0.304971654,-1.329525074,0.106899907,-0.905208745,0.21115748,-0.213711022,-0.29311608,-0.09276634,-1.558273282,0
-0.700067529,0.671615988,-0.465688939,0.042552777,-0.674708866,1.163339277,-1.237967671,-2.128003692,0.233666216,-0.95653723,0.342170322,-0.674181424,2.055191309,0.254427476,1.630192338,-0.8885623,-0.589226671,-0.403033914,1.739159999,3.007080076,-2.428499728,2.814308809,0.860977111,-0.465296535,-0.331441729,-1.198890218,-0.504320025,-0.274059885,1.304074646,1
0.722353607,-1.336648399,-0.149294859,-0.457708944,0.284167023,1.108414413,0.585054515,-0.114401091,1.314983804,0.374244364,-1.181291357,0.777594149,-0.767673912,0.972636173,0.806232017,-0.060168934,0.678105572,-0.477085263,-0.878129377,0.63241432,-0.017349017,-0.373005397,-0.22385753,-0.91976633,-0.795524705,-0.142907986,-0.341290968,-0.018923171,-1.694711531,0
-0.355347952,0.475683403,-0.912117574,0.225198478,-0.835665756,0.040822486,0.320048647,0.111384682,0.272269723,-0.806262796,0.546411232,-0.923338585,2.131431275,-0.522536837,-0.181014507,-0.55396244,-0.212173345,-0.116786054,0.350391139,-1.047356198,0.075236253,0.453546694,0.322665737,-0.550678838,-1.936569082,-1.713082363,0.156065495,-0.40202334,0.647371734,1
-0.506177989,0.052459526,-0.332942467,0.633758063,0.762920336,-0.777593138,-0.305768064,0.08739102,-0.826885281,-0.53325823,0.400295512,-0.812560176,-0.335771335,-0.860427088,0.76716562,-0.609708414,-0.614432776,-0.257091756,0.708633942,0.740538801,0.144210202,-0.433024482,-0.114783569,-0.851917146,0.575781397,0.000828304,0.471067517,0.926628553,1.101997317,1
0.981845889,-0.818221198,0.171950087,-1.201233803,0.196029815,0.495610416,0.37829355,-0.161484225,-0.047975421,0.975086814,-0.739666723,0.111165521,-0.889797134,0.981199972,0.070558634,2.030455848,0.309379818,-0.060064479,1.127724703,0.225119704,-0.177291546,-1.011336026,-0.251963497,-2.278848049,0.65368341,-1.113676448,-0.307566548,-0.069725248,-0.372362609,0
0.087360499,-0.326988814,1.412551379,-0.585553161,0.126847373,0.593536769,0.456393618,-0.071785685,0.290830343,0.576790374,-0.1463761,0.048045312,-3.136913829,1.465447389,2.366231149,0.297809301,0.598963008,0.623618037,1.309982936,-0.076987255,-0.113129851,-0.269241938,-0.117102558,-0.530780379,-0.326879851,2.472500885,-0.325268908,-0.182570056,-1.547837499,0
-0.292240556,0.941517296,-0.939606207,1.299392905,0.364093248,-1.510334827,-0.253556602,0.123126944,-1.064565665,-1.041193134,1.664794137,-1.379831542,-0.130429688,-1.419430175,-1.518947909,-0.48721192,-0.235206518,0.44146572,-1.457236597,0.351349256,0.143931923,-0.477629116,-0.510336757,-0.464964656,2.104973001,1.002406184,0.496665147,0.950340359,1.253373966,1
0.893100886,-0.171254802,0.362282597,0.350632189,0.363553496,0.281318062,0.406236954,-0.094007884,0.095444649,0.531162637,0.241848487,0.175326074,-2.416365333,0.077269923,0.474331817,1.678091479,1.123071963,1.312399574,-1.639085458,-0.42226447,-0.11382023,-0.176894283,-0.067738072,-0.048118404,0.51970203,0.19766325,-0.21401758,0.046347522,0.785828648,1
-0.670132479,-0.216555377,-0.07970851,-0.389425292,-0.128388548,0.173626066,-0.019441963,-0.124346853,0.478713867,-0.211673361,0.128825133,-0.49437307,0.663919156,-0.765929649,0.466975991,-0.434538642,-0.549964276,-0.653576917,-0.238363281,-0.621662752,0.026931559,0.293562418,-0.273808776,-0.839489277,-0.026964428,1.716605083,-1.538393277,1.554578569,-1.150218571,1
1.798061398,-0.395052735,-0.061633413,-0.434642293,0.418649304,-0.038199265,0.488058476,-0.199724698,0.817403315,0.446227708,-0.905577006,0.727703272,0.057197249,0.344241301,0.242204202,0.617561471,0.649864254,0.066830021,-0.260352906,-0.33650465,-0.248461172,-0.831794007,0.347659061,1.237180508,-0.543988997,0.394383984,-0.304892675,-0.173617256,1.463781714,0
-0.744165688,0.322966934,-0.326154161,0.702619045,-0.215328739,-0.03196295,-0.541000048,-0.178870992,-0.200667498,-0.767693924,0.953721868,-1.26928241,-0.739921313,-1.165769077,-0.645677978,-1.323790456,-1.141973451,-1.366999293,0.037153193,-0.136065099,0.48690228,-0.130252788,-0.077752107,-0.31282643,-0.150671484,-0.45828869,-0.259568008,1.389156542,-0.996434554,1
-1.68551633,1.426681193,-1.581103144,1.449545079,-2.018861068,-1.149360683,-1.584945004,2.044365968,-2.048641949,-1.822102024,1.14722922,-1.426138248,1.404957731,-1.338723872,0.19937421,-1.571913744,-1.894380055,-1.86812348,0.956559508,-1.619301749,0.760334661,-0.102791723,-0.605429054,0.977175827,0.938776041,-0.024620701,-1.495585248,-1.897210296,-0.877203352,1
1.445163488,-0.57293234,-0.07383188,-0.063306859,0.313379133,-0.094608956,0.68241578,-0.212127005,0.564185372,0.785393795,-0.311011967,0.871088295,-1.580830832,1.416548182,-1.156041061,0.23289161,0.340913778,0.369271831,-0.158158146,-0.237814102,-0.034481665,0.239091059,-0.147854921,0.14425888,0.46956195,-1.316635374,-0.302026397,-0.217288745,0.798054784,0
1.090069362,-0.31305458,0.46342806,-0.412427393,0.300660186,0.135669264,0.474416851,-0.19729994,0.465391033,0.474696247,-1.070939476,0.949760833,1.384578927,0.459336065,1.244756328,0.966481756,0.32934313,0.228612019,-0.118294303,-0.156680963,-0.239778112,-0.832090526,-0.010173435,-0.798984845,0.51186345,0.334425716,-0.2581243,-0.041727915,0.677777403,0
-0.715780557,-1.501465297,0.716026356,-0.968885216,-0.741096691,1.147019247,1.359071315,-0.193744326,0.279294351,0.3375257,-0.936596435,0.425873544,0.200252441,0.323873979,-0.861280148,1.444859691,0.742356564,-0.633675186,-0.379452308,-1.415945259,-0.198552971,0.248824758,-0.951990978,1.271641057,-0.325517805,-0.992395058,0.324887832,-1.009936533,1.295215357,0
-1.409757971,1.441071051,-1.444962514,0.748287619,-1.428675543,-1.709393664,-1.099484271,1.661518008,-0.629351327,-0.892455949,0.52890978,-0.946871914,-0.517308949,-0.942919037,1.063300826,-0.857074174,-0.831694619,-0.797414252,0.26553021,0.660705484,0.252537027,-0.758838621,-0.00439735,-0.052403881,0.857653459,-0.610304763,1.321885776,0.437433584,-0.652238684,1
0.146891784,0.003603412,0.115404571,-0.84048852,1.023311144,-0.325039248,0.956225228,-0.215371435,0.335877188,-0.029165635,-1.088466111,0.187694404,0.000169779,-0.169883571,0.741297017,1.193795063,1.039271062,1.840074989,-0.695418079,-0.223373407,-0.037824488,0.535517702,-0.474039121,-1.435449656,-0.20549594,-0.339073336,0.007032555,0.486754363,0.743061012,0
0.943515769,-0.364204419,0.7931425,-0.150419242,0.090194203,0.078487354,0.432690181,-0.159742511,0.35945327,0.698070132,0.077017734,1.258053479,-0.343625919,1.089576522,0.303644326,0.716371158,0.251852494,0.527065544,-0.402944052,-0.292136604,-0.09765395,-0.061457767,-0.039458294,1.081464838,0.684176309,-1.112426727,-0.223417178,-0.053038545,-1.491193538,0
1.825892003,-0.387149447,-0.129994638,-0.569476988,0.672520773,0.407299749,0.477718328,-0.175742538,0.567231633,0.500745907,-0.250730607,1.69709996,1.295321213,0.312475625,-0.63106229,0.959807211,0.407093513,0.520537806,0.290382728,-0.216460273,-0.246516494,-0.803857515,0.207353646,-0.355615012,-0.332118184,0.446657841,-0.305203832,-0.21148439,1.347618246,0
-1.448783071,1.226990305,-1.633907671,1.634642099,-1.747093973,-2.127143971,-1.739481636,1.619868499,-1.294325468,-2.08574679,1.754146957,-1.821402524,0.391453547,-1.735550988,-0.318677124,-1.988989212,-1.861749779,-1.829936797,2.553337522,-0.579903795,0.801606875,0.079127339,-0.775246664,0.940360202,0.310213569,0.004681502,-1.106176921,-0.880734026,-0.11977245,1
-0.068360475,-0.176862298,0.228342192,-0.911053928,1.161712458,0.565660313,1.46188904,-0.267909741,0.116791159,0.438896284,-0.688468783,0.627748293,-0.151439519,1.092319903,0.736128489,-0.416133645,0.732330097,-0.542115293,-0.74732143,-0.402958039,0.051405869,1.557832174,-0.607973087,-1.528417049,0.88922151,0.553938144,-0.521432153,-0.38041339,-0.870926276,0
0.198549018,-0.329510141,2.143720324,-0.147221111,-0.034233982,0.944373287,0.182590092,-0.230409082,0.666774918,0.513280677,-0.012380324,1.303778265,-0.80264558,0.772283651,0.072287256,0.300510494,0.509520865,0.396535455,-0.003385239,-0.370582418,0.194682557,-0.13371351,-0.187340928,0.471110269,1.338986725,-0.485735819,0.004335222,0.359555776,-0.854430168,0
1.585421003,-0.550852079,-0.041871576,-0.189198204,0.474733201,0.53228079,0.492575565,-0.169436416,0.682233881,0.770089659,-0.750845297,1.094907187,0.071324285,0.994989667,-0.649646493,0.619745362,0.159927731,0.801485058,-0.067904137,-0.210478448,-0.01944639,0.516990596,-0.233588578,-1.852127318,0.515329612,-1.023737221,-0.246479562,-0.234575651,0.75399821,0
1.628282585,-0.473138786,0.417556267,-0.08249065,0.07768547,0.178019486,0.340500138,-0.18195706,0.971763579,0.644094748,-1.08631197,1.653406414,1.534183483,0.559013199,0.281793147,0.669896151,0.229268003,0.131099935,-0.63862968,-0.277847701,-0.159099322,-0.274418272,0.315141377,0.059056983,-0.62728294,-2.522628316,-0.16619872,-0.139531586,-0.340617426,0
-0.818231881,-1.475496951,0.434042553,0.112763392,1.797902519,-1.243760472,0.142918226,-0.255653649,0.479292273,0.641222017,-0.189467044,0.589638252,0.124191695,0.149330914,2.559716595,0.408247839,1.205836182,0.160419971,0.17229408,-1.586381991,-0.298659845,-0.318509361,-2.553975154,1.240667753,-1.388246789,0.814450928,0.19389402,-4.176799867,-0.553681083,0
-0.517048184,-0.39957693,0.793880724,-0.081442725,0.353609685,-0.412036731,0.51876317,-0.112415125,0.092016577,0.570125792,-0.675120505,1.496910907,1.754066823,0.882068442,1.096825206,0.329758137,0.437234005,0.219338106,0.174375077,-0.95248563,-0.09323636,0.761386825,0.998296331,1.680826555,-0.022526831,-0.86565567,-0.644133548,-0.546226171,-0.806029927,0
-0.352366877,-0.074345456,-0.104196255,-0.208035851,-0.11297251,-0.132749113,-0.191405393,-0.087989654,-0.020869378,-0.326642799,0.681757939,-0.585045192,0.36877875,-0.634039598,-0.43687222,-0.862758291,-1.038806762,-0.72572413,0.747533329,0.075712673,0.193720851,0.8809835,-0.005637092,-0.398977932,-0.041522551,-0.17320039,-0.356804681,-0.344474875,1.318966806,1
0.928833685,-0.26326863,0.648379247,0.333426282,0.286408282,0.577230097,0.394473944,-0.117544185,0.23058877,0.700766164,-0.230129974,1.011746949,-0.175194101,0.237912188,-1.461147095,1.028703914,0.565211141,0.753509579,-0.539439053,-0.283709359,-0.148498446,-0.184975563,-0.17918563,-0.124737194,0.988145198,0.198202306,-0.217920026,-0.023207546,-1.490599644,0
-0.456175166,-0.411814481,0.681642635,-0.40725926,0.535226257,-0.339982994,0.58291289,-0.193051331,0.85020348,0.949776225,-0.681744464,0.545382432,0.258173609,0.300765841,1.4584473,0.824520085,0.442629126,0.23028379,-0.280035269,-0.851915543,-0.404236194,-0.426487679,1.085902375,0.268252634,0.737486029,0.286544556,1.106275249,-0.109949037,1.275356736,1
-0.897236296,-1.520681169,-0.277921394,0.450968231,0.665590076,-1.210039484,-0.474603267,-0.12632445,0.727923624,0.04195869,0.428020644,-0.513311738,-0.319852735,-0.620573118,0.699763239,-0.768012975,-0.686139551,-0.64899505,1.544095009,-1.333214937,-0.170575699,0.010533485,-2.311168637,0.35312684,-1.234142299,0.116361572,1.572605382,-2.450716968,1.129374268,1
-1.706172663,2.605520601,-1.206877681,0.504437798,-0.951615117,3.222381817,-2.306932261,-6.029695999,0.273115441,-0.700372881,0.991239146,-0.708464989,-1.892818778,-1.183637183,-0.288478921,-1.231559796,-0.723495519,-0.991872219,-0.169494249,-4.118386154,8.084852631,-6.450657575,6.359710144,-1.075428962,0.350308278,-0.240527356,1.533694826,2.15756577,0.854091845,1
1.841302074,-0.855167414,0.365309106,-1.013811648,-0.165265559,0.247890609,0.082302563,-0.152249766,0.685282679,0.930856668,-1.001163069,0.435636467,0.351970881,0.402686362,0.086213772,1.278450391,0.549900625,-0.288928926,-0.046441791,-0.151470361,0.077041085,1.378503862,0.132324896,2.582796785,-0.330723481,-0.055952078,-0.213382964,-0.182314649,0.116236345,0
1.152652633,-0.867966321,0.746343257,-1.431621463,-0.211442054,0.291771275,0.106200807,-0.146998399,-0.490876281,1.464050354,0.122610608,0.554454613,0.43157755,0.64658647,0.098983096,0.1687565,0.662479859,0.434847639,-0.667762807,-0.497944085,-0.067693544,0.588661275,-0.09196376,0.504324319,0.609312951,0.020816513,-0.18959134,-0.078484344,0.344367006,0
-0.53541989,0.485819792,-0.708641953,0.552399767,-0.625404501,0.076550941,-0.40565381,0.287391299,-0.85799984,-0.836550139,0.89201514,-0.927147784,-0.175593196,-0.995981939,-0.514803401,-1.002146137,-1.068093316,-0.776868242,1.37991484,0.301002861,0.261908325,-0.131892137,0.10212876,-1.140621641,0.083775533,0.298302875,0.693662805,0.658968484,-0.382892317,1
-0.620658891,-1.488592446,-0.442317524,0.606205996,-0.790413006,0.903046882,0.313256739,-0.082637804,-0.183725896,-0.548476072,0.755909581,-0.519466522,0.139813963,-0.735105958,-0.355220697,-0.615858566,-0.666633762,-0.441577631,0.442515281,1.796757502,0.277871464,-0.224829237,-1.319789299,-0.08330573,0.075178658,1.085696451,0.522298262,0.227637386,-1.694916721,1
-0.225220825,0.132922355,-0.22065327,0.416441015,1.528757125,-1.066719662,-0.613385255,-0.496081468,-0.183235833,-0.304157706,-0.038458895,-0.533174882,-1.361794147,-0.608240985,-0.259620322,-0.579786755,-0.248835448,-0.367311948,0.181430788,0.328139967,-0.209208685,-0.322604931,-3.792717245,1.158695981,-1.857114004,-0.962553916,0.75435467,0.908701004,-0.131102688,1
1.789177425,-0.482135151,0.08313934,-0.443020052,0.192504352,-0.25039153,0.486713397,-0.220724744,0.897765919,0.633501003,-1.240905759,0.747711502,-0.281924547,0.916544308,0.057957656,0.425609518,0.351661712,-0.123606834,-0.069577379,-0.403578946,-0.223626757,-0.698803461,0.317800993,-0.030005073,-0.574882525,0.456853717,-0.321857634,-0.246122831,1.100167948,0
-0.067308184,-0.047244243,0.052698012,0.272748134,-0.10038841,0.475955127,-0.189525384,0.032887143,-0.054118259,-0.421325272,0.707043746,-0.42025609,-0.058513588,-0.712225468,-0.461658289,-0.891756967,-0.547899392,-0.714600394,0.689161548,0.420137,0.11606022,0.434683774,-0.111539331,-0.008407803,-0.000266043,-0.397524958,0.496281301,0.21588407,-0.285120795,1
0.153561331,0.115782794,-0.47017362,0.661408135,-0.05823889,0.266243805,-0.162188832,0.13397466,0.02817281,-0.468795441,0.603344902,-0.540217711,-1.725664926,-0.923871542,-0.287323745,-0.496648598,0.166420726,1.09102033,1.507016144,0.335781209,0.145531771,0.730733431,0.100837128,0.625682551,-0.683386709,0.012685887,0.321973424,0.236707386,-0.27831196,1
0.056922922,-0.112195137,0.950051197,-0.818776275,0.662232538,0.746854261,0.63251104,-0.094335372,0.126647594,0.439927792,-0.202996519,1.134594242,0.949593185,0.508803819,0.489422997,0.895691198,0.311797853,0.461089626,0.019627642,0.008289944,-0.207827374,-0.593077734,-0.180137755,-1.904417119,-0.224186646,0.358412807,0.076655841,0.078826962,-1.497071794,0
1.162120719,-0.70824966,0.824154276,-1.058974255,-0.112044575,0.335046348,0.135857089,-0.157330803,0.287900391,0.88372863,-1.392348636,0.203262921,0.691917203,0.458268832,1.388391525,2.033528069,0.360260914,-0.024457748,0.229361138,0.004124041,0.029419423,0.838540028,-0.248411695,-0.671466535,0.815649728,0.014380941,-0.198503989,-0.0499794,1.157488168,0
0.021515534,-0.173984965,0.113406606,-1.287873896,2.262349583,2.164298448,0.772226861,0.011884347,-0.140234386,0.410332987,-0.684990459,0.427219897,-0.397196162,1.222034477,0.521843943,-0.082970636,0.52980465,-0.023639013,0.713131245,-0.029484654,-0.061600375,0.244232945,-0.62836962,1.750838252,1.726218293,2.04932902,-0.277477446,-0.04988447,1.643064184,0
-0.17159867,0.016133363,1.435521966,-0.263131895,0.289483991,0.437822057,0.567628725,-0.024889298,0.120775277,0.377848773,-1.096859355,0.850986342,0.176110978,0.928909729,0.386189619,0.216831328,0.541401492,0.004493936,0.426316558,-0.083385481,-0.280935115,-1.106719956,-0.038199177,2.221965746,0.396762946,-2.344024354,0.021185656,0.100285897,-0.130501568,0
1.245228184,-0.469996647,0.326818823,-1.059836553,0.216045072,-0.144772894,0.486701072,-0.272355646,-0.288840185,0.884542601,-0.727164048,1.307754296,3.356951354,0.457773376,0.098106696,1.018699086,0.452971335,-0.543510798,0.457188516,0.115201775,-0.029035381,0.567565638,-0.289848749,0.010358258,1.56851024,-0.129640398,-0.248139754,-0.093675539,0.741702713,0
-1.082834738,1.017436778,-0.900531302,1.18100824,-0.224468985,0.796684712,-0.544567424,-1.043089129,-0.019960081,0.838777108,0.98249554,-0.776361103,-1.098969393,-1.130154829,1.178125254,-0.342527715,-0.26803849,0.400643484,0.530900977,-1.359710019,1.83030994,-1.355086244,1.225911604,0.335564157,0.017985407,1.007904542,0.103335546,3.422361455,-0.724623018,1
0.286325513,0.686261201,-0.81635202,1.224321363,0.969291968,-1.217080731,0.07589345,-0.121724284,-0.810894319,-0.816492055,1.354755652,-1.218540402,1.059686881,-1.321140707,-1.164409749,-0.100508979,0.239492338,0.998792232,-1.700425842,0.36656055,0.007566928,-0.560829589,-0.657614073,-1.040360572,2.691646231,1.130833149,0.600574526,1.016075123,-0.294819628,1
0.893039473,0.494400992,-0.785934734,1.107131085,1.00919046,-0.999306231,0.193624086,-0.126139396,-0.878861631,-0.524055276,0.796947521,-0.722696975,-0.348423063,-1.342994267,-0.028194326,0.515509334,0.605205446,0.996290043,-2.287718765,0.174791552,-0.050166275,-0.719871447,-0.127467777,0.623143922,0.790493797,0.294637186,0.388342762,0.742647687,-1.322053516,1
-1.154654213,0.583413682,-1.115465782,1.167259181,-0.927175262,-0.191959808,-1.025992918,0.206737365,-1.107981602,-1.202760779,1.382992713,-1.272195764,-0.431569391,-1.241625301,-0.003878838,-1.314053541,-1.324150665,-1.16564682,1.460883061,-0.273827099,-0.080854739,0.448214336,0.675102272,-0.942527113,0.119742745,0.065015759,0.78631386,-0.489907932,-0.857941515,1
0.054084306,-0.640694069,0.41934867,-1.270739282,0.148235505,-0.055359499,1.17249828,-0.313263635,-0.099250252,0.78615904,-1.390221667,0.412109887,0.40048383,0.607704692,-0.631501644,-0.2654488,0.367490182,0.781081544,-0.896787057,-0.755759417,-0.324213512,-0.628324862,0.63355236,0.09160537,-0.647763595,0.840283533,-0.392612013,-0.828219193,-1.624254826,0
-0.308088007,-0.248105831,0.85982494,0.243095125,0.366559132,0.618525115,0.910024578,-0.484429211,0.645847712,1.678920446,-0.535697057,0.283622069,-0.455271475,0.257568735,1.440981757,0.161609082,0.581375424,-0.02460304,-0.0257018,-0.869597744,-0.004682747,-0.149263581,0.047824299,0.225626611,-0.400985343,-0.473349602,-1.742092037,0.45184183,-0.895231159,1
1.509133431,-1.045989293,-0.124071697,-1.389589513,0.811864221,2.353349115,0.072030987,0.07299489,0.539384056,0.843469455,-0.710705766,0.80750936,0.40515648,0.785787948,1.62232782,-0.13398225,0.296104405,1.372369913,-1.195286757,-0.39764464,-0.264007093,-0.918776418,0.317669292,1.305849248,-0.87576394,-2.457405402,-0.153604576,-0.099390457,1.353440146,0
-0.664584413,0.206158837,0.186200627,-0.48555998,1.410540505,2.853975293,-0.079890843,-0.835501709,0.369879461,0.919069612,-1.548341786,0.770468741,-0.353686337,0.766576899,-1.509729627,1.034110329,0.306206505,0.367536781,-1.114836034,-1.700575621,1.524682929,-1.510388021,0.299204711,2.05267833,0.450398288,-0.309233717,-0.789319944,0.551081834,-0.308447414,0
-0.573743385,0.640131946,-0.668700958,0.900060411,-0.762863949,-0.434587644,-0.879568306,0.457527093,-1.122898346,-1.094067331,0.802438656,-1.133394821,1.470872321,-1.192634967,0.016513728,-1.456667235,-1.508542898,-1.473538376,1.564914003,0.62076976,0.425806012,0.331539936,-0.152241719,-0.117633897,0.502473349,0.098432777,0.884750694,1.260640179,0.801986626,1
-1.525382387,1.257796439,-1.617569029,1.258810412,-1.736090774,-2.381201129,-1.92216862,1.074307997,-1.376523385,-2.091465,1.63357721,-1.783161689,0.445849575,-1.425731439,0.010861344,-1.955712845,-2.045961374,-1.973663733,1.851204604,-0.229728253,0.551946486,0.962740154,-0.624153556,1.295413172,-2.128045587,-0.979463539,-0.883303766,-0.145969142,-1.461884624,1
-1.951854436,1.949346258,-2.156222139,2.342586919,-1.776221182,-1.13180907,-2.156856653,0.280473496,-1.911387477,-1.889519784,2.094834636,-1.687883141,0.980975114,-1.621968009,-0.467176915,-1.467885856,-1.344660179,-1.427234558,0.274869816,0.818648712,-1.125828493,0.912411141,1.314338563,-1.71028057,-0.037541875,1.392814318,2.988514046,-3.579165327,1.101819582,1
-0.621674311,-0.963423139,-0.322125618,-0.06400867,-1.090154273,3.027378577,5.511397131,-0.4531087,0.319992097,0.567432005,-0.58511651,0.382078963,0.528734989,0.55052752,0.487787051,0.764200042,0.193585281,0.616302364,1.103167433,-2.598771972,-0.515138581,0.726823067,0.862695466,-2.405769651,0.090763241,-0.227315513,0.847043743,-0.95090638,-0.254830726,0
-0.733718817,-0.662094258,-0.146786324,0.653111767,-0.642549952,0.747223901,0.34301825,0.077098092,-0.582595477,-0.422460051,0.161548307,-0.624291482,-0.724805122,-0.400506546,-0.682747557,-0.646596343,-0.731066502,-0.943483596,-0.896320051,0.879682023,0.189508839,-0.185247486,0.843528794,0.411957664,-0.163357601,-0.413386191,0.359152307,-0.271423592,-0.047601976,1
1.968932833,-0.69508919,-0.042091502,-0.934946501,0.139550353,0.018264907,0.31327739,-0.204165247,0.248734108,1.114386817,-1.740457055,0.15335087,-0.787534224,1.007918468,0.76323225,-0.115114167,0.35403067,1.483335527,-0.986453014,-0.841786102,-0.181409637,-0.100448026,0.118202585,1.000003174,-0.146177365,1.584535821,-0.325532234,-0.254884261,1.558992698,0
1.782623785,-0.42892422,-0.156063674,-0.56212922,0.554757266,-0.079654754,0.647216847,-0.215214934,0.505922674,0.696105787,-0.099779347,1.126975529,-0.701181606,1.496295255,-0.204221869,0.24629089,0.292524599,0.334810221,-0.028229781,-0.411730869,-0.039144979,0.423698089,-0.001777685,1.552605159,0.52546998,-0.501369625,-0.312020058,-0.27740396,-0.139414322,0
0.644161612,-0.266755214,0.478997936,-0.762227945,0.286817334,0.320468556,0.345829242,-0.343617559,0.954761708,0.203719017,-1.241048084,1.042419591,1.299787218,0.127914512,0.786788861,0.991875117,0.520283172,0.605679533,-0.090195945,-0.313046832,0.073043779,-0.900153038,-0.02314034,-1.259071863,0.493848384,-0.284560388,-0.046960969,0.342293861,1.346005627,0
1.041080821,-0.03793664,-0.610025866,-0.046200046,0.352543855,-0.371958226,0.019384906,-0.09193826,-0.10408494,-0.340315528,0.557605982,-0.436060542,-0.658664428,-0.651204018,-0.478854715,-0.418202031,-0.30590434,-0.17704088,0.30431822,0.076879869,0.043205616,-0.03369666,-0.158067366,0.005140947,0.796653715,1.446866528,0.263834698,0.382275798,-0.922702035,1
0.757618468,-0.084096201,0.018813299,0.119950198,0.649904054,-0.209186611,0.533001962,-0.151558745,0.624528136,-0.077875651,-0.210163052,0.164992098,-1.344095281,-0.576610783,0.446009099,1.208780747,2.646749916,1.472645984,-1.253787765,-0.297372509,-0.260701525,-0.795541443,-0.171613652,-0.494970409,0.950683555,-0.783013953,-0.138942322,0.195846207,-0.376067587,1
-1.902285976,1.813300898,-2.120179535,2.347695615,-1.697923697,-1.068386387,-2.103667135,0.121433907,-1.920973619,-1.905130742,2.12703731,-1.706164052,0.892680156,-1.654016026,-0.43170928,-1.488434965,-1.367690832,-1.43430311,0.313877214,0.813722441,-1.130927317,0.959152187,1.226779226,-1.701920111,-0.207886419,1.373070397,3.026735726,-3.563550265,1.004682415,1
-0.147008982,0.349362132,-0.346590264,0.776802677,2.411200271,-1.218168387,1.189936338,-0.310439649,-0.76446066,-0.142005741,0.305696094,-0.312976076,-2.027782315,-0.951139181,0.04889754,2.811631186,4.52772054,2.933555111,-3.477140601,-0.169855742,-0.207025054,-0.224683999,-0.386302245,-0.195821309,1.527870657,0.896746176,-0.341960885,0.444130511,0.987905977,1
0.940460551,-0.413050254,0.531495126,-0.171903914,0.246397086,0.399656681,0.447247426,-0.152218014,0.570453669,0.607639078,-1.157240092,0.444581229,-0.559794431,1.001151402,1.589023901,0.491119828,0.338305375,0.157817827,-0.799280527,-0.277171311,-0.070355133,0.137092546,-0.19868908,-0.74818584,0.96734321,-0.516966428,-0.213777551,-0.052327815,0.569916898,0
1.931610521,-0.620085911,0.000664431,-1.065584138,0.170598549,0.062277572,0.265513994,-0.194972837,0.288538983,0.679566122,-0.879183668,0.484969521,1.167342129,0.068492944,0.060919717,1.80914721,0.835571159,-0.373299729,0.421349379,-0.051406358,-0.247125778,-0.933575186,0.433520389,0.710371648,-0.792566482,-1.781188489,-0.231075976,-0.124145692,-0.539134278,0
-0.45444453,-0.833647224,0.062477701,-2.410853941,1.128424732,-0.849180919,0.842035326,-0.120313295,0.524867496,-0.081563986,-0.228418736,0.98535336,-1.629742115,2.128104325,-0.013232524,-0.232102908,0.536814888,0.744064821,0.931286864,0.30338254,0.134662475,0.879186932,-0.595357323,1.682346316,3.021769127,-0.728636128,-0.408178669,-0.826635255,-1.606763113,0
-0.331749663,0.208010383,-0.486970234,-0.027867814,-0.199878023,-0.868241566,-0.252959159,-0.37093446,0.230973273,-0.480469708,0.68405067,-0.943557326,-1.119769508,-1.086203894,1.116281332,-0.843570612,-0.894715053,-0.821953426,0.021829709,0.353888028,0.367553069,-0.805186386,-0.190023741,-0.019401395,-0.162807336,0.247255335,-0.187741389,-0.937271898,0.51684931,1
1.064576636,-0.309983992,0.619721111,-0.282820412,0.183067894,-0.029764085,0.406991508,-0.20115015,1.55229554,0.359488273,-0.364879477,-0.361117899,1.292775617,1.642218669,0.492436114,0.888738915,0.678650384,0.44036969,-0.441721997,-0.328593971,-0.297627146,-1.02276723,0.083840172,-0.142741899,0.272690637,0.196591177,-0.299299942,-0.054497691,-0.510391803,0
-0.075862882,-0.062445875,1.076045488,-0.578433321,0.10269347,-0.40433086,0.782806126,-0.123191523,-0.04301967,0.312472213,-0.615668652,0.885973655,0.159538163,1.158991134,0.480973106,0.399541119,0.481234431,-0.147774353,-0.165200866,-0.235383986,-0.185732064,-0.786096748,0.188169059,1.976933005,-0.411928651,0.161399985,-0.40325882,-0.110078042,-1.712252374,0
-2.495186395,3.119836295,-2.397501114,1.252943023,-3.087025027,-2.687729573,-2.306972871,5.260581142,-1.103158032,-1.217352302,0.992110068,-0.941930615,1.161220718,-0.753964805,-0.164016734,-1.128795128,-1.352468254,-1.42004038,0.426873075,1.477984522,0.567902925,-1.678672277,-0.924674195,0.322111515,3.493068404,-0.473737932,1.634243148,0.831364014,0.64579524,1
0.067169912,-0.076611209,-0.28892864,-0.179247835,-0.069249637,0.372138918,-0.157095645,0.109421708,0.159332477,-0.436665825,0.351611311,-0.380492038,-0.348300584,-0.638456908,-0.973290618,-0.275421949,-0.474941304,0.093763734,-0.020678266,0.133616281,0.172743027,0.711678896,0.066963838,0.22909258,-0.785826551,0.67683938,0.315676235,0.438436784,1.514336449,1
0.89868098,-0.15690582,0.317135719,0.343600304,0.413272092,0.276671563,0.428511312,-0.098838299,0.054161544,0.523069109,0.251317604,0.184505841,-2.275324722,0.064910111,0.543084951,1.704757242,1.134218672,1.305891713,-1.641443449,-0.409476303,-0.120258238,-0.224782557,-0.073021696,-0.19297737,0.542880056,0.179530461,-0.216321474,0.046987452,0.39616444,1
-0.848759503,0.906512305,-1.222571541,1.415098437,-1.654229484,0.827075158,-0.900183732,0.909672104,-1.245733045,-1.419152578,1.584711941,-1.538378326,0.708270634,-1.218240415,-0.182525326,-1.56617219,-1.647016551,-1.669948513,0.88470743,-0.147227299,0.548202496,0.406572322,1.062292784,-0.678273974,-1.792693201,0.121217199,0.402354626,-0.216666774,1.221716928,1
0.029343956,-0.319650558,0.669986274,-1.436875339,0.463311063,-0.173787057,0.821492459,-0.221951231,-0.639010751,0.792036208,-0.050689943,0.262851377,-0.496365876,1.122049636,-0.350310552,0.517774368,0.680886847,-0.204238908,1.34187043,0.12753944,0.066395082,1.015331654,-0.602058776,0.202460491,1.702718725,0.799801129,-0.276540709,-0.044918873,-0.042634069,0
0.196141689,-0.548418677,0.215912843,-0.764404607,-0.007594145,0.243351962,0.189110725,-0.14640632,0.171387979,0.391220238,-0.073074369,0.082178017,0.040516379,-0.117200825,-0.33883661,0.804455156,0.225970284,-0.179830409,0.489899201,-0.080342583,-0.075622992,-0.150200398,-0.224425983,-0.768619064,0.529965107,0.068232418,-0.642583126,0.412171169,-1.641408409,1
1.009036147,-0.234025867,0.292178261,-0.289770014,0.299759167,-0.283618515,0.555158932,-0.200002598,0.204616525,0.383912183,0.337111178,1.381242669,0.408116659,0.21705947,0.174289695,0.951350135,0.760139741,0.795349733,-0.350128001,-0.194458277,-0.137409494,-0.2162144,-0.102762529,0.931518806,0.805418681,0.741778153,-0.272313709,-0.013570654,0.021571571,0
-1.300929506,1.058513365,-1.192595709,1.536907646,-1.513957973,-1.326897469,-1.650224565,1.117860888,-1.953061099,-1.791595086,1.555016773,-1.707045121,0.82794227,-1.537831352,0.901356698,-2.019973827,-2.284451675,-2.181191972,2.221074464,0.378503117,0.762675018,0.883861267,-0.133691396,1.34486404,-0.123551804,0.623987573,0.800682277,0.349930146,1.102097022,1
-0.514544126,0.136777283,0.655861743,-0.92274327,0.185490027,1.347123228,-0.215371255,-1.598039902,-0.200341999,-0.091916191,-0.34069161,1.793483498,-0.743744158,1.78229753,-0.889794001,1.05783363,0.36019024,0.585306699,-0.452861006,1.412451404,-1.834657399,1.064216022,-0.37274137,1.698888757,0.297620353,0.570119548,-0.163504587,0.123882791,-1.332626574,0
-0.507810639,-1.26540423,0.87093159,-1.076320955,2.250137943,-1.146513473,0.249353803,-0.12527993,0.585070616,0.277877316,-2.316597533,0.26775973,-1.211610694,0.97452112,-0.787108422,0.837141807,0.179688674,0.102436927,-0.915203577,0.270593174,-0.13029618,-1.010817991,0.306582514,-1.291100903,0.252555311,0.182153401,-0.361291383,0.259064734,-0.891712587,0
0.327640518,-1.170429702,1.300021712,-0.070092915,-0.312075719,0.821251312,0.266788161,-0.093039425,1.649921017,0.342503421,-1.120157305,1.328706991,-0.137944596,0.344781274,-0.855786302,0.145042849,0.696286561,-0.12390633,-0.486481974,0.540438205,-0.013308827,0.090522893,-0.373867998,1.06302864,0.030378301,1.12556654,-0.266315512,0.143403894,0.558697926,0
1.790432309,-0.512713225,0.039663859,-0.53397101,0.270868488,0.09118587,0.427089884,-0.173142489,0.810039011,0.722418517,-0.414312817,0.88707692,-1.015731611,1.135135338,-0.570875753,0.652647923,0.251686551,0.264072549,0.301890524,-0.441926941,-0.21884513,-0.713017681,0.26693548,-0.886770344,-0.567851184,0.481175005,-0.330054685,-0.288032407,1.718808141,0
-1.648986712,1.537440011,-1.613444559,1.527525566,-1.910997208,-1.279664232,-2.021395031,0.402574682,-1.810591573,-2.008964569,1.372440979,-1.776348423,0.048888082,-1.001847338,-1.957922807,-1.961088387,-2.162272863,-2.310563354,1.256315897,0.100950231,-0.07238116,0.521479948,0.14768488,1.57351717,-0.424920695,-0.798785773,-1.563711272,-0.925578158,0.079381646,1
0.696446266,-0.232157639,0.369306409,-0.16739426,0.495483988,0.375060863,0.485203568,-0.136619605,0.440322597,0.386500623,-0.694092334,0.282378931,-0.811035153,0.297900232,1.658105079,0.833084192,0.724686574,0.793382306,-0.642793585,-0.30628722,-0.112737699,-0.056910523,-0.213801438,-1.32860032,0.876676225,-0.462362836,-0.21839705,-0.021027226,1.569198726,1
1.672767025,-0.612549339,0.273019542,-0.549406508,0.066046098,0.417168483,0.2170148,-0.1131637,1.375734416,0.589647759,-0.210363289,1.123228657,-0.728199944,0.925291006,0.542857228,0.749436747,0.192384521,1.131797563,-0.248929872,-0.395075729,0.003440658,0.774310619,0.131005665,1.610254527,-0.266527054,-1.556358438,-0.188193202,-0.185783559,-0.665956059,0
1.781590009,-0.468992867,0.066927739,-0.525050319,0.299108106,0.059758111,0.466402158,-0.195950479,0.636712624,0.699823913,-0.209905987,1.83239974,0.628355776,0.912115247,-0.75838338,0.567674557,0.2421963,0.114874598,0.245761579,-0.339239255,-0.207024616,-0.575184034,0.267295523,-0.546834071,-0.513370403,0.449044336,-0.317885382,-0.27596299,1.037080737,0
-0.014157524,-0.50954289,0.158830579,-0.851135669,-0.012468688,0.778492528,0.713376816,-7.23E-05,0.606044143,0.157952642,-0.574911673,0.283962751,-1.522878505,0.454881231,-0.044103848,1.875785456,0.399577646,2.010275287,-0.585005029,0.214488113,0.076212742,0.526529254,0.859983708,0.122127615,-1.563038033,0.756802678,-0.378351664,0.097451901,-1.040687648,0
1.634753846,-0.322735758,0.503587922,0.615423056,0.295237639,0.861697506,0.281103376,-0.122095023,0.237551107,1.316834287,-1.664782557,0.824929167,1.29096279,0.47408702,-0.753302052,1.413073806,0.157242752,0.304617737,-1.793513894,-0.360268718,-0.023985812,0.667170219,0.148082599,1.456834932,-0.252207577,0.108909175,-0.219147775,-0.163191032,-1.222890461,0
-0.366392111,0.52672745,-0.482405588,0.309313506,-0.344792124,-1.281737551,-0.379863586,0.191844869,0.071051238,-0.90764464,0.991209638,-1.190758578,0.430336446,-0.868728233,0.240817348,-0.614836191,-0.441845682,-0.31146271,-0.434645361,0.206948998,0.075342097,-0.551628149,0.020915164,0.965065197,-0.010573941,0.67769719,0.430826067,0.491232584,-0.804162988,1
-1.839022521,1.610753996,-1.787171301,1.786517983,-2.158718062,-1.280056358,-1.924604352,1.694976689,-2.353409734,-1.932777805,1.161620861,-1.402058834,1.477490085,-1.237335138,0.397615383,-1.653243215,-1.879032097,-2.049157935,1.960553858,-1.663404099,0.303727221,-0.952762897,-1.968695213,1.137234129,-1.958496442,-1.106891565,-1.819204794,-2.469962819,0.584746923,1
0.143396472,-0.157312064,1.104191039,-0.482014452,0.400669584,0.22943113,0.62982413,-0.158970213,0.236044377,0.397761176,-1.336019108,0.27571159,-0.10064307,0.550503041,1.711336164,0.754035679,0.434748162,0.512989148,0.52258481,-0.07796652,-0.217777367,-0.802031212,-0.130691313,-0.886758071,-0.200459815,0.523408643,-0.257047951,-0.095808221,1.116492102,0
-0.228936726,0.581083903,-0.907712489,1.254160462,-0.30946635,-0.737954962,-0.760268179,0.212074903,-0.883115172,-1.097768133,1.585904345,-1.369640939,1.016815248,-1.531067796,-2.064170385,-1.226565381,-1.277416866,-1.072902714,0.173542239,0.61317928,0.280731623,-0.166543108,-0.186698251,-0.824993872,-0.171532153,1.046559694,0.759487058,0.194218497,1.009429237,1
0.623926885,0.047846216,-0.583875686,-0.212547372,0.543203468,-0.320875377,0.132173809,-0.073615822,-0.201141214,-0.349108846,0.490664266,-0.323983197,-0.281528292,-0.612887,-0.89874033,-0.286885611,-0.19986039,0.040225333,0.297186981,0.032528153,0.040876767,0.0418135,-0.246322396,-0.053151273,0.687477277,1.46064272,0.143867086,0.293238053,0.154918968,1
-0.044002862,-0.29812513,0.558771867,-0.574927289,-0.07530152,0.000581953,0.997295975,-0.137901797,-0.001200972,0.318150208,-0.802531625,0.914496112,0.840605509,1.062922532,0.99161668,0.429626409,0.484952413,-0.083316923,0.544093961,0.344368939,-0.16231634,-0.905758174,0.858892045,0.828543819,-1.018506162,1.289116182,-0.499638683,-0.139538706,-0.966598214,0
0.935475149,-0.573755648,0.771218791,-0.165338638,0.075579201,0.762971757,0.23813239,-0.095622349,1.256674211,0.574807869,-2.635644778,0.096652499,-1.484556188,0.724236076,1.039945913,1.061792434,0.207286108,1.039558302,-0.185534897,-0.231894744,-0.083345542,0.036218885,-0.323081964,-1.687798671,0.930950212,-0.356693944,-0.190644267,-0.028365428,-0.852645594,0
-0.101963809,-0.287564632,0.523378661,0.282601901,0.687535227,1.767957741,1.460314604,-0.126757754,-0.293435337,1.043160055,-0.517594617,0.280638238,-1.489796365,0.954373602,-1.327915373,0.586343719,0.296866768,-0.277466145,-2.054239494,-0.44799572,-0.133801067,-0.065086229,0.397164318,-2.669692696,-1.642735312,-0.762848541,-0.185928358,-0.280733428,0.660292915,0
0.530587537,0.291772243,-0.717648676,0.799206066,-0.40310195,-1.156658272,-0.501732969,0.087419761,0.303542943,-0.723011487,1.214166983,-1.19417845,0.75882993,-0.930386213,1.267882967,-0.832896007,-0.46693148,-0.247384229,1.172419242,0.306202656,0.134338525,-0.029519467,0.723906316,0.739423584,-2.995993186,0.707659544,0.5351161,0.255322811,-0.411384807,1
0.031160413,-0.332892227,1.560388808,-1.190780347,0.223782613,0.084180511,0.654886815,-0.177591349,0.757810643,0.456886445,-1.384373085,0.157214682,-1.082818281,0.647716707,1.020824645,1.109908272,0.189410244,0.289109957,-0.58177846,0.000858434,-0.204854231,-0.624484622,0.001992367,-0.294221347,-0.482223838,1.3834849,-0.251933139,-0.49984791,-0.710625313,0
0.277409837,-0.387317341,0.290347752,-2.263529976,0.546901283,0.097026064,0.728646311,-0.239529617,0.157946714,0.895669028,-2.021232479,-0.142042602,-0.926507776,0.608730051,-0.389305275,1.510866745,0.278935439,-0.144753059,-0.27970202,-0.095027417,0.07008566,1.376065127,-0.247951283,0.235561595,-1.139361647,-0.558121407,-0.056902389,0.070616144,1.379663988,0
1.872742478,-0.239443201,-0.39936397,-0.34530997,0.880161693,-0.45485727,0.724402686,-0.244779675,0.601273717,0.233317794,-0.854668474,0.190911084,-0.959842814,-0.082800438,0.082368971,0.781580867,1.402707292,0.902212607,-0.373254293,-0.338400632,-0.144158412,-0.149906481,-0.095337706,0.597235472,0.603712306,1.446770648,-0.335454382,-0.143377176,-0.956890711,0
-0.139279835,0.114801613,-0.413799571,0.557600633,-0.630636048,0.262517091,-0.51453387,-0.178974492,-0.181291767,-0.411604366,0.524994549,-0.654469343,-1.701365213,-0.453859439,1.061091886,-0.863924411,-0.679509565,-0.658750159,1.528239844,0.313154977,-0.137792174,0.520906504,0.860795623,0.318758008,-2.176223099,-0.036671278,0.294195358,0.007920385,1.293711113,1
0.742235265,-0.812207227,0.930217699,-0.365046949,-0.161936758,0.553903447,0.221629474,-0.105251483,0.00480999,1.059393863,0.00659633,0.749673994,-0.63132707,0.966594755,0.827886527,-0.059297492,0.379051295,1.838958135,-1.682319457,-0.450695959,-0.128841666,-0.131502654,-0.105173771,0.352001237,0.183246592,-0.748539695,-0.186468847,0.02813891,1.530461193,0
-0.48940027,0.223052376,-0.227133701,-0.293086275,0.223813272,0.566357056,0.220282601,0.346712928,-0.183767083,0.339529752,-1.443277234,0.951854617,-0.94341416,2.74303978,-0.949173453,0.44501029,0.608274051,0.902395408,0.918069268,-0.9216992,0.042459791,0.219238333,-0.243465812,-0.366169513,-0.080836015,-1.178694361,-1.169791267,-0.612272403,-1.706233953,0
-0.146865767,-0.036146115,0.577436338,0.003514181,1.231993918,2.581333395,0.398990693,0.205282407,-0.398710841,0.837456456,-0.84220087,0.354940503,0.258762208,1.143084618,1.910176189,0.851571868,0.334488713,0.60404895,0.79520576,0.340001622,-0.203060573,-0.972392878,0.131364033,2.076301138,0.157180714,-0.011561148,-0.028547313,0.130453958,-0.25684361,0
0.224254215,-0.177272461,0.605945733,-0.9335592,0.421763482,-0.192549501,0.827064261,-0.193616389,0.49999583,0.439749788,-1.386039163,0.580308258,-0.237292201,0.800610135,-0.430045855,0.429475111,0.315362403,-0.071282847,-0.264531542,-0.217234933,-0.212881581,-0.580341411,0.046819166,-0.039137858,-0.860819303,0.333875915,0.054881167,0.132355019,-1.289717329,0
-0.499138502,0.055244766,-0.339327894,0.256825243,0.71831505,-0.747195933,-0.151861148,-0.556853349,-0.215633755,-0.326722967,0.121785277,-0.211077479,0.762818643,-0.649626936,1.054661726,-0.092958725,0.07745551,0.290628886,-0.268923166,0.119969587,-0.434653887,0.600993828,-0.132936457,-0.375491397,0.228738879,-1.00318004,-0.234771716,0.782450476,-1.419030289,1
-0.461027356,-0.294119327,-0.383261611,0.233048831,-0.714179954,0.713745074,0.466185243,0.051532287,-0.568885876,-0.563512273,0.313377191,-0.614406182,-0.093178961,-0.421962976,1.481119969,-0.865866725,-0.579324421,-0.892779961,0.660128854,1.299937656,0.273281144,0.317944447,1.595206679,0.20758102,-0.657003492,1.151263937,0.299220323,0.588916176,0.30248949,1
0.003507644,-0.203137375,0.018452908,0.058823746,-0.323590756,0.269282711,0.428478852,-0.101800126,0.222210061,-0.132828738,-0.004765118,0.029607052,0.620485865,-0.294222779,1.798377555,-0.043996582,0.111628307,0.102378928,-0.284935354,0.037905892,0.037537802,0.351302092,0.025581361,0.460739669,-0.328759498,-0.851044233,0.06110588,0.006749665,-0.968226728,1
-0.295510666,0.793261124,-0.858623909,1.055771232,0.844577491,-1.262055795,-0.072791036,0.063631932,-1.279847563,-0.951525436,0.798534041,-1.073838848,-0.645079131,-1.541861008,-0.501773888,-0.136422123,-0.234111537,0.307283737,-2.051682991,0.268709586,0.091842616,-0.692120628,-0.387347106,-0.786309088,0.104625944,0.108757954,0.679456567,0.89455289,0.963313539,1
-0.309042742,-0.094594529,0.25142898,-2.336231883,0.514222174,0.024522723,0.613848959,0.025078951,0.256020633,0.118870717,-0.831135497,1.440775025,0.531767421,1.263830311,-1.244461095,1.253608741,0.137969235,0.326609334,-0.324164425,-0.437701344,-0.184267393,-0.760505396,-0.096929595,-1.75392559,0.06641996,0.892842696,-0.372975831,-0.259666975,1.272897348,0
0.986788778,-0.73648847,0.421181641,-0.999920652,0.116059878,0.562656567,0.256922679,-0.157434837,0.662376086,0.773705214,0.197474075,-0.402206685,1.308805852,2.057177402,-0.454628363,1.406561312,0.743547043,-0.076894513,0.226042832,0.048739671,-0.046623515,0.268761806,-0.298653343,-1.401342385,0.844382614,-0.220960357,-0.288898789,-0.101988361,-0.919180573,0
0.967356235,-0.361465201,0.78829541,-0.19621007,0.085002868,0.05478091,0.422822548,-0.158582013,0.408078925,0.67673383,0.073372586,1.208994862,-0.488141687,1.110212633,0.365891991,0.688604693,0.257693909,0.543800563,-0.350854657,-0.327363119,-0.101078234,-0.057879443,-0.028867965,1.074738632,0.695826776,-1.14978081,-0.219923712,-0.059560286,-0.659518589,0
-0.000316149,-0.455087543,0.733954134,-2.021985512,1.01577316,1.174560227,0.434402254,-0.079857601,0.187051952,0.440757857,0.273831608,-0.322471079,2.349908883,1.811939359,-0.64643767,0.734289972,0.891843584,-0.446199263,-0.551513061,-0.041194495,0.039866686,1.11708332,-0.520982022,-1.536796173,1.59190754,0.534614222,-0.347331964,-0.355642281,-1.430613401,0
0.93958063,-0.058315015,5.27E-05,0.145973251,0.627575515,-0.143663532,0.552082413,-0.164155446,0.542881565,-0.075052357,-0.09681553,0.422929144,-0.274815207,-0.607225979,0.410211363,1.104311321,2.655722025,1.279307322,-1.245899834,-0.221410496,-0.255696927,-0.710908836,-0.151314386,-0.42512185,1.029817605,-0.74991387,-0.119542048,0.199854756,0.427977537,1
1.794664074,-0.559635294,-0.292902508,-1.076283828,1.568613652,2.070538787,0.29282246,0.01935467,0.897251078,0.566421169,-0.567951544,0.869977914,-0.068133469,1.152935535,1.540408615,0.262339538,0.263685193,0.281933909,-0.503914507,-0.348513887,0.002582169,0.77761273,-0.003925323,1.574785114,0.524367577,-0.968486403,-0.205675572,-0.246678513,-1.43880799,0
1.870875488,-0.812170257,0.294158579,-1.018244552,-0.14867502,-0.045337943,0.154910067,-0.193367007,0.548210531,0.952656543,-1.154744561,0.437651469,0.605454922,0.450606474,0.110239189,1.389488118,0.482212354,-0.301245133,0.147442157,-0.139769019,0.028998636,0.979290863,0.095596252,0.218762414,-0.321867423,-0.203440443,-0.226909944,-0.207201267,-1.013979731,0
-0.183362297,0.873795195,-1.013133357,1.503165453,0.294113559,-1.159039382,-0.289227717,0.204272293,-1.368054586,-0.790416518,1.02035669,-0.953247358,0.744358756,-1.519751047,1.008367053,-0.382742739,0.008169579,0.545587765,0.322678527,0.498956418,0.107075034,-0.485330868,0.051999814,-1.333498984,-0.082945037,1.11404126,0.351141951,0.033936598,-1.289396539,1
0.241098283,0.041262137,-0.088090078,0.636944218,-0.111801117,0.216208013,-0.194686169,0.035426214,-0.333878498,-0.240519464,0.443907571,-0.548888223,-1.026888264,-0.641399871,-1.234044923,-0.425841568,-0.576094119,-0.351437354,-0.007743757,0.113165165,0.037425539,-0.30072074,-0.232676349,-0.379603635,1.104267061,0.283506663,0.457571934,0.604923411,0.687075971,1
-2.010365081,2.112972168,-2.199342574,2.336389798,-1.869584811,-1.210045452,-2.220997605,0.481319617,-1.899685122,-1.870386925,2.055126436,-1.665236578,1.088687054,-1.582122127,-0.510241956,-1.442509732,-1.316276318,-1.418529289,0.226933494,0.82610518,-1.119378098,0.855507264,1.423212264,-1.720637675,0.173747418,1.416780649,2.940950053,-3.597638055,0.943876857,1
-0.314417749,-0.095997845,0.88219993,-0.732341326,0.455277299,1.319491917,0.379520311,0.122296207,0.744813629,0.504215845,-1.094845432,0.482988283,-1.413678651,0.914762016,0.990094555,-0.144257928,0.975243965,-0.661780042,-1.13584497,-0.158119926,-0.16312515,-0.093785041,-0.07434645,-2.360413653,-0.388454604,0.902960204,0.375708377,0.350796881,1.697649021,0
-0.551935993,0.367559124,-0.329149908,-0.668002737,0.476625953,2.3626955,-0.232805838,-0.095375542,-0.197868685,0.216129219,-1.39223398,1.259665584,0.155889758,2.67571346,1.140467042,1.067087401,0.521961865,0.872719346,0.211563359,0.0398406,-0.509218291,0.386360502,0.346277055,2.166358936,0.023250805,-0.844531913,-1.067643344,-0.635369928,-1.706255628,0
0.23350606,-0.214256195,0.409401394,-1.136375515,0.68701886,0.346876128,0.745522644,-0.139906367,0.426932817,0.510673439,-0.817339406,0.667033346,-0.566509609,0.939256454,-0.996127512,0.779344052,0.161500829,0.44737496,0.298702749,-0.202017538,-0.221359654,-0.67379832,-0.093817227,-1.820274341,-0.719505276,0.435712196,0.045776947,0.081025121,1.241747504,0
-1.0243701,1.411500405,-1.454329167,1.397705182,-1.755076361,-1.427405399,-1.533353734,1.123623461,-1.03164244,-1.937871538,1.883470454,-1.915901238,0.180740212,-1.693623961,0.844638916,-2.065305358,-2.006347729,-1.865046061,2.772260601,-0.097248931,0.800632635,0.990198228,0.52872943,1.007266036,-0.520553612,0.630536386,-0.103373622,0.52281081,-0.253299027,1
1.671046314,-0.564166415,-0.003650829,-0.624304434,0.568446274,0.959474847,0.351602184,-0.075362811,0.800826971,0.659288798,-0.169055651,1.103511106,-0.935095721,1.175657824,0.253686344,0.17914661,0.479514817,-0.382436511,-0.55412057,-0.529761129,-0.189384843,-0.442075587,0.334105578,-2.574075738,-0.863679936,0.693538419,-0.274067593,-0.317470998,-0.14893253,0
1.791377263,-0.471299298,0.018298818,-0.416031767,0.245841468,-0.2834989,0.509896006,-0.236078403,0.756680726,0.691990897,-1.2465105,0.62545558,-0.019837656,0.994772584,0.703836925,0.50908933,0.277613765,0.222541786,-0.451989052,-0.365717317,-0.017301193,0.649263412,-0.019898853,-0.066473926,0.126552775,1.062022529,-0.31805807,-0.257963028,0.077290732,0
0.274932619,0.675032585,-0.809676949,1.219437233,0.938119824,-1.175060113,0.063284479,-0.105815345,-0.830851301,-0.80070274,1.511132657,-1.203182149,0.659071044,-1.302888032,-1.38941865,-0.073398949,0.235158389,1.201663087,-1.627906986,0.34420004,0.016063903,-0.529481048,-0.645490933,-0.912364821,2.620636672,1.106187899,0.592313278,1.004758083,0.432198379,1
-0.431079598,-2.373693905,1.17628105,-0.790710183,1.468527809,-0.22701058,-0.344594652,0.047869402,0.899564964,0.830421971,-1.235607737,0.717407461,-0.827241059,0.443479201,-1.733224345,-0.010684825,0.325577382,2.394406214,-0.598282831,0.245624434,-0.116686227,-0.545631334,1.085339317,0.297500826,-1.525085219,0.80880716,-0.323994575,0.087223259,-1.641768213,0
-0.336641567,0.119560912,-0.060739636,-0.140190366,0.050152337,-0.384076151,-0.092289611,0.020823702,-0.204487461,-0.478719935,0.615012063,-0.638418404,-1.345225279,-0.554521148,-0.390119326,-0.343409895,-0.606274328,-0.05944476,-0.398842419,-0.051362136,0.137600771,-0.049883673,-0.235527099,-0.389155928,0.478622162,-1.012306678,0.255827385,0.623722725,-0.381473328,1
-0.297855239,-0.22418961,0.438660246,-0.008169111,-0.309246445,0.506541326,0.562517008,-0.057042844,-0.054472209,-0.043599735,0.167122082,0.0006446,-0.276180858,0.006574279,1.390365367,-0.030025262,-0.033664591,-0.008187746,-0.547576008,0.078568475,0.062858972,0.376779627,0.458643569,0.719596052,-0.158417295,-0.893090903,-0.01707593,-0.025714344,1.273507137,1
-0.029482812,-0.023799813,0.698896195,-0.985760855,0.759311692,0.180763153,0.899482986,-0.200235969,0.187718256,0.204767349,-0.88703946,0.815832573,1.070839486,0.198694859,-0.128244937,0.568003262,0.60898237,0.071417437,-0.249074582,-0.150917686,-0.239858336,-0.940150664,-0.289274517,1.144453319,0.952837034,0.635517343,-0.650443255,-0.219273237,-1.635134223,0
-0.025251555,-0.320794998,1.79950927,-1.216284841,0.315267532,0.348832455,0.749549655,-0.165281127,0.648659187,0.28783707,-0.175289629,1.253710675,-0.117245844,0.620566543,-0.762540374,0.742307212,0.143264471,0.506815711,-0.680222846,-0.180845815,-0.133299948,-0.156115944,-0.027602486,-0.031611564,-0.664683485,-1.985540707,-0.280633926,-0.289671163,0.625940954,0
0.668316469,-0.018029992,-0.591219063,0.018043542,0.816404994,-0.624098049,-0.195806705,-0.223419197,-0.088920691,-0.325118786,0.421761421,-0.434658784,-0.911758193,-0.622626109,-0.575947963,-0.434625215,-0.265622265,-0.15371493,0.316525971,0.142270462,-0.066932619,-0.085902103,-1.454322867,0.242268995,-0.045106972,0.90296902,0.375793672,0.524974722,-0.625048138,1
0.910006878,-0.570204354,0.977419901,-0.511552668,-0.003498452,0.469867548,0.223269451,-0.143701771,2.00013425,0.372359953,-0.36035877,-0.327456942,1.562201701,1.821964285,1.236147991,0.795298026,0.582369852,0.359538978,-0.876459664,-0.163538547,-0.090677907,0.190617176,-0.108109991,-0.438639187,0.07375016,2.177544157,-0.320528895,-0.069970033,0.872460672,0
-0.504443018,-1.341700958,1.712099383,-1.991372867,0.435028432,-0.556174647,0.491432329,-0.258461904,3.188136563,-0.081843536,-0.381630695,-0.103540211,2.12310786,1.156903533,-0.556589182,0.496372897,0.390600687,0.608215582,-1.130467894,-0.446445079,-0.111654707,0.515004077,-0.199896075,0.952566173,-0.175775672,-1.018796206,-0.148805218,-0.353902861,-1.320013178,0
0.490602148,0.037215307,-0.165633873,0.494926847,0.293049843,0.447697066,-0.005698731,-0.023114708,-0.466643022,-0.094365844,0.529302277,-0.291951762,0.481860672,-0.578735378,0.199263126,0.054507004,-0.309468008,0.095389849,-0.771251179,0.146198333,0.046293181,0.035508418,-0.330160111,-1.668739965,1.227725745,0.539790587,0.298138233,0.479929555,-1.391660563,1
0.158725083,-0.343071968,0.267016665,-1.65646404,0.483836074,-0.841211435,1.038956075,-0.289072696,-0.403292826,0.670029335,-1.10633292,0.025912757,-0.994277346,1.042948525,-0.983994678,0.420993964,0.690418969,-0.478950904,0.203294127,-0.139287776,0.137648423,1.673025024,-0.438562619,1.155222965,0.594778228,0.471314617,-0.171036047,0.237354288,-0.742367606,0
1.592135011,-0.850917839,-0.03523119,-0.918820202,0.313607058,0.986124619,0.260509106,-0.094924544,0.228198715,0.988368134,-0.15708711,1.09708952,-0.081312823,1.061905295,0.619940903,-0.44779685,0.557104244,0.778923924,-1.791221052,-0.774456035,-0.062187918,0.791988862,-0.041365439,-2.353036096,-0.13000472,0.194991699,-0.187181567,-0.260620221,-0.645202984,0
-1.043553696,0.695551417,-0.564221543,0.467897704,0.076191971,0.059220334,-0.538744879,-0.674700826,0.829071123,-0.126143377,1.038948016,-1.060220707,0.051415575,-0.810229326,-1.03197855,-0.202489563,-0.303477243,0.425335306,-0.952397185,-1.418028242,1.252256346,-1.059412797,0.012980877,-0.038190566,0.574645784,0.268461924,-0.469738278,2.789151464,-0.834614897,1
0.902462712,-0.069517601,0.020810711,0.127132846,0.614671418,-0.02843051,0.520786338,-0.138663411,0.409292572,-0.039412706,0.464553547,0.809980991,-0.381106321,-0.578100359,-0.256658339,1.215296464,2.5496104,1.658224587,-1.071682375,-0.21744797,-0.233832633,-0.609371539,-0.142953288,-0.234792859,0.951473121,-0.810971208,-0.123116971,0.183133564,0.900285573,1
0.240833556,-0.206823482,0.418597415,-1.131616035,0.653176988,0.337251779,0.75404027,-0.140449124,0.42967227,0.510165769,-0.788247107,0.651380791,-0.657515749,0.951204889,-0.993373348,0.769023984,0.167706774,0.439477231,0.280293984,-0.215054613,-0.220851976,-0.668199234,-0.088911358,-1.733270111,-0.737643945,0.428096525,0.046184009,0.080849467,0.056362812,0
-0.526360578,1.105733886,-0.977358579,1.257237841,0.228088611,-1.570386919,-0.316380588,0.294716512,-1.156448514,-1.086972462,1.60651385,-1.369331561,-0.12093825,-1.382074511,-1.668038705,-0.442469173,-0.19585237,0.525256123,-1.492371523,0.247318203,0.174412623,-0.440348154,-0.421491694,-0.488447092,1.644312387,0.918114919,0.253169266,0.642802484,0.160658504,1
-2.461358102,3.334784037,-2.478232829,1.786349748,-2.833179488,-0.277364317,-3.400616413,-2.207473738,-2.789564281,-2.930258291,0.994625219,-1.42553231,-0.645570018,-0.436113392,-2.261431643,-1.326126091,-1.424561908,-1.610514337,-0.718956472,2.479025981,-4.328388825,3.655474927,0.932272252,0.54359561,-1.237689075,-2.572262912,-4.943814542,-3.343486478,-0.933139263,1
-1.221141384,-1.56691023,-0.663873924,1.10541704,-0.499892769,0.592974667,-0.270588546,0.099949517,-0.633643754,-0.532987096,1.15412337,-0.848852535,0.03677837,-0.906203116,2.238330831,-0.896853534,-0.960242388,-0.971158722,0.621376728,-1.238544149,0.041799474,0.363826915,-2.751747745,-0.643012185,-1.338551745,0.566740397,2.114041073,-3.50417048,-0.857289821,1
0.04055128,-0.090466395,0.425298548,-0.913603113,0.702029013,-0.237920896,0.976241818,-0.235541784,0.311234218,0.184642704,-0.969605521,0.665540525,0.835423315,0.276121966,0.454470889,0.532141088,0.526209853,0.709622369,-0.69031998,-0.274326399,0.020113155,0.978417473,-0.301428849,-0.351200612,-0.149955446,-0.401832048,-0.159800452,0.348170887,-1.1014802,0
0.993852539,-0.375374002,0.530134246,-0.264557344,0.363759137,0.707890599,0.390701439,-0.110261804,0.405271439,0.682386348,-0.238505774,0.973203699,-0.240892332,1.070125955,0.712728773,0.732470847,0.224028224,0.457199176,-0.358381237,-0.324564415,-0.118828003,-0.135448503,-0.128239186,-1.429637308,0.810306194,-0.856662394,-0.203406213,-0.093946354,-1.303557529,0
0.882518454,-0.637972727,1.041664571,-0.34171585,-0.117513526,0.34568267,0.263964793,-0.164070683,-0.028525811,0.948622062,-0.578263459,1.184388841,1.638283294,0.596528136,1.406467257,-0.178933615,0.431638445,0.997231361,-2.005424133,-0.481548924,-0.155103523,-0.014622281,-0.035651921,0.860458593,0.376669795,-0.722776403,-0.148452268,0.035392578,-0.546781212,0
0.045053529,-0.582960612,1.778325539,-1.050999185,0.166543228,0.581117739,0.609561191,-0.267346972,0.090791653,1.339553703,0.046116275,0.045103617,-1.880141438,0.487215092,0.091230753,0.458735175,0.7101191,-0.31362131,1.299809803,0.046007101,-0.096781066,0.459940497,-0.240675793,0.050024691,-0.790605196,-0.595423487,-0.827039941,-1.403806596,-0.948518387,0
-0.289264912,0.033717379,0.398340174,-0.68872323,1.14626603,2.663423797,0.028047859,-0.387436223,0.083255368,0.233937527,-1.179268536,0.842241964,-0.30202574,1.175250799,0.128184182,0.442540972,0.452492249,0.483033558,0.688051663,0.63321333,-0.759077104,-0.399016715,-0.010412353,2.130413528,0.750540654,-0.950692345,-0.01089282,0.157324531,-1.491056263,0
1.214461065,-0.875247742,0.477435369,-1.559013437,-0.115056243,0.31705553,0.152405194,-0.166647268,-0.487871966,1.489342731,-0.358976966,0.285125591,0.332310313,0.675864786,-0.063408706,0.489747481,0.432479448,0.905734933,0.07574516,-0.395777347,-0.18187022,-0.318709698,-0.14631465,-0.890634251,0.686082782,-0.388565978,-0.224355497,-0.081469106,-0.480082949,0
-2.397014003,2.896683427,-2.311012495,1.245417884,-2.908849888,-2.656111376,-2.221944543,4.785036695,-1.122954816,-1.249775611,1.094365597,-1.013881752,0.914263036,-0.873838624,-0.111133554,-1.196156403,-1.404664712,-1.440550549,0.526836294,1.434105162,0.561655486,-1.582735758,-1.146737754,0.341427073,2.992855589,-0.511614053,1.776808042,0.905305579,0.852888161,1
-0.017327739,-0.262363569,0.669226817,-1.713359483,1.063628266,0.625760498,0.914909721,-0.169039421,0.237296428,0.460012197,-0.558343624,0.772381384,0.305806614,0.804423469,-0.303879189,0.818056648,0.120967424,0.102909809,-0.044531976,0.065217147,-0.258928298,-0.885679748,-0.152292136,-2.629824486,-0.486866345,1.293796149,-0.157378319,-0.273490147,1.543986383,0
0.949870283,-0.363621771,0.786723292,-0.160870595,0.109757326,0.104476202,0.438024598,-0.164179188,0.544234094,0.58034363,-0.553956777,0.775834852,-0.318638664,0.978799486,1.558279606,0.352373149,0.421559828,-0.066529197,-0.985124562,-0.354200393,-0.105365373,-0.029518216,0.021908368,0.789812332,0.598151524,-1.047361109,-0.196859547,-0.036788043,-1.374222315,0
-0.995766971,0.890346039,-0.551799953,-1.005528441,-0.603820447,-0.654034032,-0.184770927,0.870771647,0.704612659,0.905707041,-2.404446159,2.452072308,0.705638391,2.807417532,-0.669952743,1.115576869,0.874988277,-0.008819591,-0.60127266,0.055043262,-0.182950594,-0.819444517,0.610603849,0.035940436,0.280327165,0.400637668,-0.365872624,-0.477883248,-1.344468341,0
-1.725121782,1.489106235,-1.816944377,1.943695157,-2.058732902,-2.023470426,-1.906812233,2.345745134,-1.735484632,-1.97007053,1.439476034,-1.766280883,0.874687412,-1.456976845,-1.927648967,-1.733515758,-1.966770502,-2.011578909,0.385484161,-1.56751689,0.888697176,-0.376676667,-0.391732906,1.072013814,-0.828357017,-0.279942938,-2.177934003,-1.832337607,-0.189500877,1
-0.191346974,-0.307599432,2.075261245,0.935055147,0.15821203,0.779200724,0.55321084,-0.177125667,0.281620518,1.151337571,-0.479973591,-0.469177878,1.885381904,1.815306632,0.614648829,0.609775289,0.735991371,0.930290122,0.243312112,-0.146592643,-0.063807649,0.635170978,-0.121727247,0.919916864,-0.988018688,0.849162016,0.088871436,0.035760683,-0.930794029,0
-0.276288874,0.234201683,-0.039114739,0.076935112,-0.10088324,-0.293149395,-0.092664458,-0.124065921,-0.343876921,-0.320247373,0.623936481,-0.506673923,-0.586629993,-0.52385613,0.649711835,-0.607287712,-0.548832993,-0.421103624,0.378211125,0.027130807,0.295875438,0.073769936,-0.041516175,0.562828986,-0.308895242,-0.297642827,-0.059316813,-0.214440868,0.264192682,1
-0.135419214,-0.132360717,0.474560363,-1.000501168,1.526746993,2.242412706,0.410393706,0.014616602,0.224906896,0.749998538,-0.644131316,0.435519714,0.129307114,0.829141002,2.040730211,0.517887669,0.276729436,0.446519167,0.92923352,-0.032967305,-0.161022726,-0.756971171,-0.109041831,2.223797221,-0.463098162,0.383008644,-0.870154123,0.275656752,0.081806354,0
-0.179577937,-0.215273772,0.942483149,-0.817143325,1.233944535,2.767260398,0.270966761,0.198773882,0.392172434,0.397593914,-0.829649974,0.557919029,0.025797071,0.702341547,1.588319083,0.563454387,0.2972917,0.616082714,-0.134646729,-0.110174169,-0.07885912,0.084191227,-0.29239995,1.451593915,0.529074026,-1.262324165,-0.519432282,-0.622429377,0.147770558,0
0.039233804,-0.408721883,-0.258952177,-0.18155075,0.482437489,0.244203041,1.863382631,-0.276492716,0.074197076,0.150016093,-0.491038455,0.342470671,-0.376786592,0.123457348,0.07565784,0.280073978,1.19055248,1.318295737,0.430137827,0.395042991,0.00532544,0.483142521,0.339959362,-0.426844884,0.76103985,-0.493166984,-0.249180119,-0.204246924,0.834624819,1
0.792711107,-1.407657407,1.381575719,-1.034072634,-0.490252135,0.952959561,-0.06918602,-0.063002875,0.298748469,1.161672015,-0.749277645,0.620253509,-0.199274463,0.163314865,-2.396759372,0.078242739,0.822898008,0.774271821,0.368545672,-0.093967339,-0.140213867,0.019293091,-0.293036475,0.104145312,0.434635679,-0.091110807,-0.158577555,0.036586345,-1.624162346,0
1.586796097,-0.693826241,0.311251897,-0.452991866,-0.067000415,0.005992496,0.270594922,-0.174873963,1.305649909,0.614964871,-1.253991825,0.585988439,-0.296244297,0.728195667,1.101106057,0.869844237,0.263427189,0.410275903,-0.570139297,-0.217198884,-0.016340998,0.503639164,0.10649678,0.208558109,-0.721153852,1.338517639,-0.299073248,-0.185926576,-0.457228845,0
-0.419544532,0.184521995,0.369394142,-0.265851643,0.314840678,-0.048952265,0.90925622,-0.231504146,1.233102587,2.487482672,-0.48476436,0.49244373,-0.486917391,0.606892637,1.548912653,-0.108499132,0.494142975,-0.101911497,-0.190733616,0.655360174,-0.179303254,0.662369917,0.128027094,0.800098337,-1.054834198,-0.971574937,0.390813096,0.24579272,0.293208261,0
-0.014354723,-0.169546455,1.743657462,-0.079070683,0.268809318,0.853944194,1.012043808,-0.247797124,1.163336426,0.649257892,0.446088096,-0.042595464,1.938978916,1.483801517,-1.234664186,-0.104488798,0.800524699,0.261111654,0.389432176,0.096383011,-0.191960351,0.277020546,-0.08984216,0.412943047,-0.381668061,-0.862634669,-0.234183619,-0.820437366,-0.630607049,0
-1.698575717,1.490195,-1.950133615,1.530689305,-2.061161654,-2.850692734,-1.843410119,2.221567982,-1.439932421,-2.178325125,1.653820125,-1.787040952,0.757028969,-1.568236897,-0.715332714,-1.807320797,-1.807774149,-1.760717483,1.171358535,-1.690378775,0.981211318,0.517532909,-0.809499671,1.003540668,-0.269398497,0.030946246,-2.269877962,-1.984653087,1.410008967,1
-0.246065006,0.358663793,0.423485464,0.774330607,0.369172031,0.469471996,0.556343608,-0.001255002,-0.587961108,1.70118243,-1.464454061,0.980902487,1.922886845,1.061858025,-0.02019751,0.252854116,0.625635072,0.056436096,0.847443414,0.174911649,-0.125683732,-0.001753396,0.105104794,0.018370634,-0.603800298,0.535282692,0.132650195,0.453315764,1.552136178,0
1.084906029,-0.405156061,0.595206212,-0.470722363,0.167281105,0.179076908,0.40091282,-0.170572996,0.677787651,0.568426496,-1.427076474,0.439289328,-0.241886569,0.878341778,1.471626943,0.943738201,0.240811156,0.186633783,-0.009749607,-0.2681386,-0.256404415,-1.010031837,0.066481378,-0.825934519,0.238901167,0.439410879,-0.281235224,-0.074459793,-0.384158136,0
0.045299436,-0.112475362,1.119043122,-0.017802094,0.399645633,0.696954431,0.377160908,-0.272070846,0.012956025,0.475984516,0.069338577,0.757745471,-0.543274161,0.50207062,0.860258213,0.566540205,0.70655363,0.891434732,0.004360176,0.030188825,-0.209796562,0.426932189,-0.181823831,-0.387597241,0.540581961,-0.004300584,-0.251280723,0.079501334,-1.337104626,1
-0.693982397,-1.710956454,0.458885379,0.91607872,2.983077771,0.98034876,0.241976595,-0.265113844,0.315402308,2.816726155,-0.139174261,0.35646233,-0.007285012,0.236209752,0.993762199,0.327562232,0.452739928,0.226581571,0.263762558,-2.229026104,-0.325427421,1.485224013,0.083668718,-1.092676733,-0.778985601,1.102834928,-0.674129493,1.348853516,-0.107055014,1
-0.830851856,-1.988787019,1.226760624,-0.5324786,2.349162917,0.111631368,-0.135765774,0.197217961,0.180843286,0.2587908,0.121031924,1.343429718,-0.777861291,1.532643549,1.431295008,0.317708877,0.628396722,-0.439256576,-1.856085955,0.730980344,0.018157084,-0.772805434,-0.047855234,-2.161091054,-0.490345348,0.413644597,-0.244668316,-1.831104219,-0.714376531,0
-1.566313315,1.276353836,-1.54470079,1.802576953,-1.917287882,-1.377090143,-1.757290217,1.897535092,-2.197461764,-1.879731144,1.450909372,-1.59983537,1.455781827,-1.551219307,0.990153302,-1.867043057,-2.147345512,-2.086766336,2.032761482,-0.761497834,0.858546159,0.298701594,-0.248809206,1.174140723,0.04498553,0.642672034,-0.683052863,-1.667171105,0.644762066,1
-0.276584267,-0.178613817,1.240339329,-0.64264041,0.600274352,0.355679932,1.057142293,-0.233871879,0.14853371,0.656884916,0.085338932,0.980094327,-0.508357824,0.886684309,-0.325287257,0.461524505,0.234126499,-0.019585958,-0.870416083,-0.620349676,-0.212998882,-0.627657161,-0.219119845,-0.012845621,-0.25845486,-2.357484072,-0.807040854,-0.182557877,-0.574928348,0
1.00864671,-0.297839255,0.471203871,-0.20099033,0.246104333,-0.124902534,0.592366627,-0.199769611,0.199996442,0.695329483,0.096393487,1.379493096,-0.197386761,1.238687269,-0.064610526,0.421471394,0.296282925,0.367059717,-0.247483479,-0.32741918,-0.077567464,0.149094538,-0.156482014,1.182027916,1.254667128,-0.779383879,-0.251587688,-0.094439379,1.508654713,0
-0.092480621,0.08109516,0.018611936,-1.007561452,0.480278498,0.2371617,0.506049188,0.053753227,0.179103311,0.292403811,-0.29381801,1.818153671,1.13224038,0.48152872,-1.123178077,1.082230595,0.531368149,0.559178516,-0.088256436,-0.154678494,-0.205429764,-0.70283101,0.127536921,0.424994254,-0.519920533,0.290150435,-0.142226482,-0.086538339,-0.082634531,0
-1.11560257,0.565309697,-0.913718296,0.756909159,-1.006175873,-0.630160785,-0.63440919,0.540850628,-1.129463982,-1.010667225,0.67851499,-1.037840204,0.518157609,-0.914956664,1.187318763,-1.22343605,-1.22937864,-1.235150042,1.459823267,-0.728164929,0.358308524,-0.00457163,-1.038490182,0.585028812,0.008996553,-0.626227647,-0.770985891,0.836881699,-0.215323009,1
-0.626926984,0.40141743,0.512942412,-0.984128979,0.420852729,1.739776293,-0.153785776,-1.738355984,2.395152809,0.60454937,-0.268600307,0.032824219,0.660932894,1.714609728,-3.102989784,0.156678312,0.929946594,0.37833315,0.255515817,-2.047078153,2.560601971,-2.932334157,1.142354759,0.041926847,0.124439136,0.226856674,0.395592795,0.022429647,1.099584169,0
0.074791415,-0.316794936,2.081300746,-0.080437048,0.231850339,1.171793138,0.561162358,-0.113136292,0.774285924,0.509389053,-0.829098047,1.444082286,0.091440102,0.318859274,-2.169311686,-0.005347328,0.506562932,0.401624949,1.536653103,0.064162113,-0.248935808,-0.469002373,-0.117020111,-0.837951905,-0.465174847,-1.141364044,-0.192279027,-0.293703896,-1.636986712,0
0.955927358,-0.409289659,0.792303985,-0.402893796,0.109741637,0.281556757,0.377260041,-0.128593627,0.415310874,0.631178867,0.20106793,1.349793504,-0.404958594,1.088752226,0.710448297,0.57927713,0.352116918,0.032942041,-0.441771638,-0.325449768,-0.173358869,-0.515394596,0.16513909,0.434057015,0.021642227,0.230903556,-0.260965987,-0.08497218,1.023041127,0
1.014713924,0.310167744,-0.663418028,1.02193183,0.772739726,-0.350850485,0.109002193,-0.101982136,-0.691244163,-0.301735973,0.381308757,-0.582629424,0.292714827,-1.086427821,-1.075150341,0.129363469,0.039592306,0.292941724,-1.50456178,0.118143479,-0.013576559,-0.369459489,-0.148502775,-0.158403595,0.797751575,0.400683245,0.355773139,0.565039106,0.04470456,1
-1.544680069,1.572920375,-1.540460404,0.768784086,-1.570529734,-1.826405846,-1.204705758,1.951329457,-0.600437041,-0.86068743,0.443551882,-0.890266401,-0.337019361,-0.862829834,1.044142853,-0.799740852,-0.785453165,-0.786533833,0.183607151,0.686726915,0.2577688,-0.889273786,-0.291436647,-0.016209068,0.987906573,-0.619472949,1.244131977,0.414706432,-1.592791418,1
0.820154699,-0.679766872,1.182497551,-0.023732274,0.00939489,1.1999412,0.178424997,-0.076946422,1.707294928,0.417011756,-2.93462996,1.346914099,1.16729027,0.167630892,-1.583435205,0.380237271,0.362630569,0.406370681,0.334303694,-0.002241827,-0.138168566,0.034211117,-0.396093043,-1.52743278,1.165924577,-0.346856363,-0.128492118,0.009106735,-0.273018929,0
-0.306066915,0.074780976,0.204606977,-0.931673679,0.325804919,0.070542233,0.593391259,-0.049680014,0.35228395,0.46329242,-1.519488272,1.180775452,0.944745974,0.946859242,-0.591046935,0.467436777,0.361716638,-0.063922467,-0.217863693,-0.589905207,-0.125483047,-0.342218296,0.217746227,1.607009647,-1.502594211,-0.629315005,-1.38419694,-1.099171171,-0.783145478,0
1.07587878,-0.217689442,0.249045139,-0.177107862,0.469318136,0.056977418,0.54903011,-0.204578423,0.410677316,0.374285621,-1.004599748,0.672918093,0.991372716,0.196609524,1.217753365,0.993938556,0.554355753,0.807600038,-0.451544408,-0.190894738,-0.143671923,-0.195539071,-0.25732218,-0.918215021,1.323843588,-0.657267061,-0.196205727,0.007045249,0.255363738,0
-0.362746966,0.521010681,-0.564134949,0.31954349,-0.322714044,-0.913574135,-0.482359467,0.249132452,-0.196804976,-1.000067777,1.382612163,-1.190187284,0.735357562,-0.944447468,-0.519334054,-0.679511401,-0.667555221,-0.228476681,0.089275821,0.186904348,0.135252019,-0.508729864,-0.058070041,-0.126745363,0.045303005,0.687091726,0.214103951,0.345993819,1.178927618,1
-1.834086459,1.535309324,-1.984858429,2.297478098,-1.457504794,-0.921898725,-1.969127252,-0.213004031,-2.042149115,-1.981588475,2.198043961,-1.755799421,0.603632433,-1.723821715,-0.38968755,-1.533630732,-1.420619207,-1.452287319,0.339122717,0.865214174,-1.154599797,0.870481643,0.422522429,-1.653058953,0.403916575,1.481378235,3.167007701,-3.289704329,-0.418215317,1
0.37941403,-0.298691193,-0.226584918,-0.10283173,-0.483773683,0.005689985,-0.384135932,0.08787779,0.620326367,-0.154503215,0.63740347,-0.429306958,-1.321782933,-0.367679121,1.082478881,-0.813109653,-0.551874988,-0.503216266,1.905784551,0.184179822,0.201290601,1.15434542,0.495661273,0.222734839,-2.371987943,-1.201621269,0.360954713,-0.099387788,-0.838225949,1
-0.845295998,0.294288145,-0.51085411,-0.142293385,-0.463780251,-0.401806014,-0.518843355,0.153651134,1.295202543,-0.602394893,0.808408609,-0.932958351,-0.015929203,-0.48979043,-0.979478265,-0.227407962,-0.301213076,0.473288206,-0.206180554,-1.270630454,0.394912359,0.044860928,0.498603129,-0.47362729,0.144528448,0.168739246,-1.170985279,0.740553289,-0.217272312,1
-0.225966771,-0.830378923,0.186620928,-0.141292608,-0.540107969,0.925712963,1.607793972,-0.195342079,0.613971163,-0.153658601,-0.064786469,0.133355345,-0.760734524,-0.146268206,1.241654875,-0.246097616,0.793905365,0.393145525,0.893231537,1.324036598,0.045378665,0.164012883,1.5132578,0.390879106,0.125795515,-0.111524249,-0.399354341,-0.524429319,0.052881809,1
0.150559243,0.561913463,-0.750097107,1.075307007,1.081717512,-0.915545368,0.161473019,-0.015491631,-1.056768218,-0.523058826,1.020107087,-0.67505321,-0.761165973,-1.285978761,-0.595580961,0.692165166,0.606315618,1.88108893,-1.39563437,0.189942899,0.000740614,-0.545925059,-0.10270534,-0.805130575,-0.65036055,0.167698682,0.371233991,0.628609612,-0.209745313,1
-0.07025207,-0.207487148,1.797439063,-0.020495035,-0.012461871,0.936260176,0.297601264,0.056927029,0.695728299,0.377784246,-0.856286306,1.100050625,-1.395577097,0.67252721,-2.127954675,0.041401689,0.717580696,0.447906847,1.407573663,-0.315581083,-0.212666996,-0.521968618,-0.030695399,0.004974779,-0.590322484,-1.126803197,-0.142746909,0.094960144,-1.655257279,0
0.920476011,-0.503415392,1.068274228,-0.36209852,-0.090423631,0.148961298,0.275210778,-0.120771529,0.691256312,0.646863996,0.033674158,0.794427025,-1.26626436,1.043342797,0.847723572,1.052749413,0.25359674,0.662815699,-0.310447028,-0.279205394,-0.112152044,-0.241498916,0.074072446,1.079761837,-0.008300779,0.424803987,-0.264811258,-0.051462087,-0.483876071,0
0.175451328,0.006031498,-0.191068816,0.362373442,-0.007801945,0.006781972,-0.16723894,-0.021016897,-0.439448451,-0.153261246,0.583777459,-0.680108015,-1.191605224,-0.672771683,0.240662882,-0.176001184,-0.570924934,-0.120788515,0.13667483,0.286959148,0.081642817,-0.037583713,-0.295660955,-1.033478587,0.667139893,0.212245021,0.425668491,0.539170153,0.473482001,1
-1.824289692,1.601810613,-2.064197412,2.355745979,-1.574998279,-0.975962002,-2.022203082,-0.106730679,-1.935625606,-1.928753608,2.175227197,-1.733409073,0.758759803,-1.70156678,-0.377949821,-1.519303359,-1.40220518,-1.444640354,0.372129579,0.816279984,-1.137074165,1.029806339,1.10442615,-1.690353492,-0.460026663,1.342556975,3.077535697,-3.535776275,1.673282003,1
0.087948295,0.284070694,-0.645038361,0.866711851,0.046525449,0.016483583,-0.261928553,0.098401978,-0.947982606,-0.214315831,0.093049622,-0.906509527,-0.976415561,-0.432300095,0.048717855,-1.128989695,-0.938064554,-1.170746708,0.884353424,0.180382137,0.321159476,1.080745839,-0.069217295,0.554580002,-0.099668824,1.452745253,0.312969073,0.050958944,1.538124023,1
-0.278080012,-0.124755843,0.319090103,-0.76748502,0.692324715,-0.256618099,1.069542511,-0.393202398,1.729364435,1.203682523,-0.955883699,0.07623402,-1.637155929,0.038144391,0.623584548,0.262438414,0.553411375,0.382520027,0.093742362,-0.219203021,-0.316407397,-0.639440816,-0.308110653,-0.461596357,-1.018484692,-2.053490948,-1.655668121,-2.149616843,-0.763161141,0
-0.248407246,-0.39662547,0.877388943,-0.388404423,-0.386202091,1.798527487,1.64167062,-0.113808918,0.936093472,0.11690739,-2.576327005,0.91509751,0.265300797,0.294720526,-2.185872879,0.228026131,0.464481841,-0.163770127,-0.313079643,-0.323341293,-0.262020957,-0.541578538,0.296717209,-1.535621016,-0.262862401,-1.803048736,-0.21917373,-0.778453643,1.391589565,0
-0.929391286,1.777970664,-1.647169469,2.015634865,-0.866797334,-1.716146554,-1.441895231,1.220206943,-1.755833474,-1.74746737,2.362337187,-1.88707264,0.350806066,-1.973343569,-0.616897913,-1.775679514,-1.558399704,-1.498121995,0.532131342,1.240069949,0.629643916,0.088935659,0.471133186,-1.939178313,-0.357000695,1.340020927,2.123179255,1.681701214,0.85448344,1
0.154272489,0.748657329,-0.868494849,1.452391701,0.466719286,-1.186221928,-0.085183792,0.04567192,-1.174072299,-0.669094443,0.891920174,-1.020104663,-1.548779051,-1.432837023,1.470192971,-0.255593357,0.370918137,0.91791622,0.032632704,0.380707101,0.062941178,-0.459653495,-0.019122266,-0.767609766,-0.800298003,1.011107751,0.477919609,0.507128347,0.74700875,1
-2.135793853,2.155001511,-1.930032415,1.503610977,-2.446174654,-0.613276679,-2.593592147,-0.285034105,-2.592566663,-2.458266228,1.129000383,-1.438734891,0.756182104,-1.037967426,-0.628245983,-1.588906071,-1.927462305,-2.0376814,0.913967547,0.799568239,-1.338754926,0.67309299,0.102046272,1.033322153,-0.461390638,0.056816725,-3.005333699,-2.32095217,0.828229253,1
-2.492121011,3.115060029,-2.395073103,1.252033228,-3.083821601,-2.677670465,-2.302516382,5.246525783,-1.104773538,-1.218933525,0.995073102,-0.944512562,1.153814821,-0.75782613,-0.163598065,-1.130757368,-1.354118639,-1.42012612,0.430543851,1.478239751,0.567716841,-1.671717633,-0.897595396,0.318669879,3.494581248,-0.472518988,1.635886775,0.831265347,-0.55699302,1
-1.114128895,0.667875954,-1.111392023,1.200062425,-0.720642426,-1.107422655,-0.917514231,0.761123796,-1.393388999,-1.212700435,1.500753685,-1.292165039,1.053285834,-1.410433307,-0.377365151,-1.106481922,-1.267196344,-0.966915277,0.759435632,0.287674076,0.333037403,-0.264141422,-0.030224285,-0.690090534,0.231107985,1.746270959,0.976994338,-0.915972816,0.139893868,1
0.981467109,-0.443196712,1.153593214,-0.136648274,0.015510813,0.527523473,0.266768322,-0.133432303,1.053299622,0.507981134,-1.457322787,1.165344451,0.895500919,0.457279376,0.110624516,0.587967371,0.299925399,0.326004944,-0.238459461,-0.237346281,-0.139069827,-0.049643331,-0.100911876,-0.146708413,0.758355202,-0.919435573,-0.149116827,-0.016404306,-0.223812378,0
1.897741315,-1.051766559,-0.18973104,-1.558423199,0.109233574,0.145396099,0.321868328,-0.237720798,-0.266815629,1.451365015,-2.105571106,0.071867835,0.212136108,0.647545899,-0.801341655,0.013507235,0.641094001,0.194379597,0.106467965,-0.333380345,-0.167952548,-0.242624146,-0.091222755,0.110271147,0.327576981,-0.088355039,-0.306832833,-0.215307839,-1.602065421,0
-0.838745116,0.518868935,-0.809736738,1.314396286,0.312169121,-0.768933773,-0.181876338,-0.266096243,-0.432026288,-0.352902041,1.022143586,-1.293061806,-1.500476109,-1.697972547,0.606315134,-0.844484106,-0.754841465,-0.392314209,-0.266186174,-0.424487518,0.086543067,0.392182319,-0.0800122,-1.045888342,0.813996702,0.651677666,-2.435207609,1.149022819,-0.326993976,1
1.812838311,-0.506305036,-0.021828776,-0.538925209,0.280909869,-0.04843398,0.434856954,-0.187155613,1.225023106,0.576644454,-1.397533549,0.245272248,-1.867309836,1.290273902,1.389343426,0.33815195,0.320532014,0.507350736,-0.415369632,-0.53350961,-0.006702739,0.701189209,0.015669809,1.387168867,0.371164776,-1.078993921,-0.244282085,-0.226443931,-0.71457883,0
-0.604625027,0.290518681,-0.563663071,0.118094825,-0.74413808,0.193732862,-0.153261289,0.113977111,-0.324326004,-0.598246468,0.606738683,-0.732583357,-0.220674635,-0.632822161,0.661171272,-1.038191907,-0.956755285,-0.963030855,1.5279293,-0.496004005,0.155778407,-0.028634764,0.214727008,-0.287191107,-0.875501799,-1.512188351,-0.148818235,-0.12451006,1.358033798,1
-0.068036998,-0.300120832,0.491035895,-0.150270641,1.023290594,-0.323950139,0.815189474,-0.204286298,0.158415605,0.619948226,-1.428816391,0.601019257,-0.12546352,1.026531309,-0.3581802,-0.094006613,0.511204667,0.109902751,0.407579453,0.144182577,-0.028696105,0.553566958,-0.121691633,0.037687332,0.029243733,-0.907765198,0.262146356,0.528205806,-0.440813656,0
-0.310642093,0.001034006,0.788959618,-1.166911757,0.087438326,-0.018544542,0.421924289,0.054676795,0.253763505,0.313418415,-0.931025354,1.001375406,0.494021593,1.085761732,0.672970373,0.691347068,0.447339871,-0.138227807,-1.058036339,-0.203161523,-0.088060356,-0.039122085,-0.001785675,0.27410888,-0.521708388,1.624646708,-0.074353744,0.12748298,1.10514019,0
0.392699725,0.433175198,-0.46446932,0.711620944,2.369271533,0.41017742,0.864931501,-0.339541529,-0.613152287,-0.068554375,0.279671373,-0.136225755,-0.769961084,-0.947300523,0.825591927,2.79051196,4.342817438,2.212709008,-3.505745086,-0.404364857,0.151577058,-0.860309504,-0.303597824,-1.743729944,0.511255029,0.497895632,0.078167583,0.774248088,1.500169679,1
1.775200493,-0.569439274,-0.021885847,-0.523164134,0.385075319,0.493162979,0.389838906,-0.153251334,1.195051114,0.60795181,-0.892832235,1.043572994,-0.600647725,0.902616161,-1.023039098,0.357090103,0.253581898,0.668487919,0.438968238,-0.415741819,-0.073020101,0.417970568,-0.148291236,-1.828668277,0.493587463,-0.194298451,-0.247170388,-0.290854788,0.972010988,0
1.809178996,-0.481778548,-0.013003258,-0.601469406,0.468135042,0.360684918,0.464614776,-0.183292556,0.645608823,0.691750747,-0.483477762,1.712071273,0.968281225,0.862014971,-0.683683837,0.664740969,0.188504276,0.182500761,0.398924531,-0.291420863,-0.220902915,-0.654456467,0.172901326,-1.748453148,-0.38046556,0.549679841,-0.315447693,-0.29041538,-0.620893766,0
0.067045406,-0.643500999,1.893971411,-1.642126984,-0.139807499,0.168938116,0.320258525,-0.169993168,-0.512975294,0.968474846,-1.218354238,0.361829527,1.246569258,0.293633921,-0.879807696,0.033204153,0.761179866,0.10801325,0.088229844,-0.273403981,-0.256304779,-0.610554247,0.140284821,0.734009068,-0.684277475,-1.226788635,-0.059143983,0.250775552,-0.149844324,0
0.062404771,-0.107944911,0.39501167,-1.013229273,0.387014353,0.085551626,0.653264227,-0.068195514,0.209019614,0.41101295,-0.379663045,1.596074049,0.528663825,1.03191461,-1.199622457,0.665665797,0.256170671,0.217060877,0.053115165,-0.249487118,-0.176440113,-0.483413105,0.062300252,-0.566886414,-0.775109298,0.330353067,-0.099981583,-0.046180006,-1.676073934,0
0.946955011,-0.659972569,1.042100575,-1.064406998,-0.15448041,0.359581287,0.165215063,-0.068351919,1.910916136,0.273655877,0.018605113,0.939283002,-2.33979438,1.025630052,1.232902919,0.202812978,0.467167243,0.632148353,0.142076519,-0.464689797,-0.081870523,0.241472052,0.008051229,0.409129033,0.407185957,-1.734574763,-0.130014382,-0.054201867,1.146980136,0
1.063433606,-0.512883579,0.096230192,-0.792624795,1.255167757,2.241654127,0.243140133,0.053630169,0.714258012,0.543562633,-0.910415887,0.795939892,-0.094544688,0.750737808,-0.060417245,0.494439432,0.301309781,0.157060118,0.27655469,-0.160761253,-0.220410937,-0.739141911,-0.048088826,2.303233312,0.940846994,0.633890978,-0.261081661,-0.085603126,1.093132248,0
1.039139581,-0.572939934,-0.25681823,-0.338148401,0.26668537,-0.348063454,0.604390655,-0.269118882,1.096323212,0.029721266,-0.714177768,0.611009289,-0.082970122,-0.084862987,-0.116636532,0.329806661,0.942227556,0.739659958,-0.160362609,0.235598956,-0.118456536,-0.186200645,-0.305056097,-0.51438946,0.296953964,-1.316801547,-0.202123201,0.024311154,-1.532469935,1
-0.808942815,-0.673586544,1.064318059,-0.480538933,0.030625212,0.842432428,0.441167437,-0.105104958,1.459721401,1.157478471,-0.225725312,0.814573959,-0.830382376,0.442774962,-0.00220109,0.617613196,0.347349158,0.361434854,0.101897922,-1.361934257,-0.265528409,0.195489845,0.018005429,-0.343119775,-0.302716548,0.491106483,-0.899671295,-4.132915341,-0.912790787,0
-0.888606075,-0.52392588,-0.625879682,0.468298034,1.23466122,-1.138440973,-0.732548239,-0.194826721,-0.834650124,-0.591307123,0.676289902,-0.544653454,1.211509985,-0.577707277,-0.320112348,-0.870592952,-0.968275753,-0.722518559,1.12979645,0.35806039,-0.112216346,0.248880623,-0.587726967,0.139794347,0.395578852,-1.205422933,0.65158559,0.227671267,-0.463163456,1
-0.350164826,-0.575942395,2.003303625,-1.001847282,0.059144719,0.170111298,0.301168702,0.013362157,0.58069201,0.148319418,-0.220614925,1.987553747,0.240021266,0.602600253,-1.733483273,0.691881447,0.389218951,0.259604335,-0.222035275,0.017762385,-0.078747193,-0.212716375,0.034251452,1.298431965,-0.341329208,1.52384296,-0.362954268,-0.343334104,0.056752961,0
-0.193593222,-0.804494684,2.093974056,-2.095563361,-0.017032245,0.145977612,0.224580459,-0.108277315,-0.494324128,0.995371333,-1.007237096,0.015761625,0.07559948,0.453781236,0.648984628,0.307619549,0.609261933,0.340808309,-1.440222809,-0.120839373,-0.087243286,0.24579573,-0.038243865,0.094475951,0.543259305,-0.315098162,0.105772017,0.23807798,-0.303668802,0
-1.877860502,1.746115663,-2.10249052,2.350297047,-1.659047177,-1.039170819,-2.07788802,0.046838428,-1.925667216,-1.912690574,2.142466178,-1.714910014,0.849979616,-1.669298756,-0.414659735,-1.498352244,-1.378743451,-1.437570551,0.332443068,0.815559044,-1.132726612,0.981599269,1.188623862,-1.698345803,-0.288600239,1.363299447,3.042176457,-3.554271339,0.837094322,1
0.18349622,-0.343458687,0.129380057,-0.615900394,0.807840744,0.013937287,0.529691692,-0.20967172,0.556590012,0.579154669,-0.141230316,0.733790897,-1.06331502,0.6329992,-0.411570609,0.33026259,0.578309233,0.659667898,0.491116681,-0.442186889,-0.016105812,0.110587656,0.127875809,1.407835207,-1.158684299,0.287097522,-0.027519887,-0.05863484,-1.056930881,1
-0.577356308,-0.124226444,-0.437988664,0.121349994,-0.031242162,-0.719147995,0.088434374,-0.028853401,-0.088589719,-0.473398089,0.269645429,-0.857754049,-0.65073317,-0.559964507,-0.223382681,-0.466412641,-0.504731051,-0.577471387,-0.66435441,-0.122969953,0.000318273,-0.49545096,-0.252249858,-0.2392268,-0.50876693,0.43072961,0.493824196,-0.627562295,0.571910997,1
-2.406996789,3.282348443,-2.380881748,1.679697099,-2.708443447,-0.138682075,-3.332670568,-2.351676986,-2.790947502,-2.894748521,1.01778192,-1.459825894,-0.878751436,-0.431349551,-2.335102504,-1.414340572,-1.51737351,-1.692225218,-0.605570004,2.801495943,-4.381286018,3.887420817,1.095936973,0.618848198,-0.722204197,-2.289961337,-4.553914268,-2.744511633,-0.796735693,1
0.69788613,-0.088150784,-0.117768313,0.276658907,0.268152869,0.453981098,0.031672573,-0.044946281,-0.32507774,0.037639216,0.446628304,-0.143228049,0.521359963,-0.475529177,0.112275019,0.298177221,-0.133086108,0.134952665,-0.643078987,0.095276066,0.036321684,0.184944217,-0.24906368,-1.258812873,0.915617298,0.396980887,0.184425149,0.352165376,-1.436706961,1
0.278158103,0.168786866,-0.373139426,0.841936231,-0.175291613,-0.162395554,-0.337237243,0.056960166,-0.708339661,-0.425734718,0.848677492,-0.840452655,-1.310205025,-0.838874516,-0.083150768,-0.690112091,-0.848006586,-0.754975693,-0.702547123,0.213951345,0.155778558,-0.094559271,-0.087440484,-0.126812351,0.731370719,0.255184688,0.783209736,0.837922118,-0.949112282,1
0.596033285,-0.74642348,1.280940847,0.06158092,-0.14497201,0.717040376,0.277070215,-0.10361289,1.267896646,0.450440043,-1.025142762,1.322690237,0.112930082,0.429323023,-0.542293777,0.133142006,0.591994346,0.000280884,-0.816813742,0.068538263,0.007427965,0.702219146,-0.313198314,1.018494015,0.755676072,-0.286281322,-0.167295451,0.063668032,-0.503838732,0
0.06165193,-0.040864486,0.259576978,-0.671427137,0.548298528,-0.387228792,0.703996112,-0.14118187,0.155754523,0.132274855,-0.882425274,1.117182818,1.636140451,0.315635942,0.62928499,0.546569411,0.671664404,0.783631274,-0.319865846,-0.218440094,0.024998157,0.891132894,-0.341692777,-0.059917564,0.17881567,-0.159319339,-0.269930912,-0.128277947,1.460498677,0
-1.104341514,0.225334187,-1.009914043,0.985278999,-0.671341867,-0.938537437,-0.908142549,0.634794536,-1.20401989,-1.236766736,1.405118307,-1.266970132,-0.772193685,-1.37509068,-0.002830743,-1.332282237,-1.42304303,-1.245894794,1.30632822,-0.115538078,0.308156377,-0.171614032,0.357199716,-0.819971202,0.735623584,0.855080736,1.28813379,-0.134739068,-0.451745074,1
-0.553174174,0.232551767,-0.670682798,0.787721698,-0.526945206,-0.746870149,-0.789097783,0.277493756,-1.059457027,-1.173445389,1.150001962,-1.208909207,0.651248805,-1.367707439,-0.690070118,-1.341557564,-1.570245766,-1.406551377,0.496025659,0.720239286,0.362897464,0.027552952,0.078585883,-0.321632075,1.227437666,0.61113944,1.753767609,0.66610618,0.866211051,1
-1.706172663,2.605520601,-1.206877681,0.504437798,-0.951615117,3.222381817,-2.306932261,-6.029695999,0.273115441,-0.700372881,0.991239146,-0.708464989,-1.892818778,-1.183637183,-0.288478921,-1.231559796,-0.723495519,-0.991872219,-0.169494249,-4.118386154,8.084852631,-6.450657575,6.359710144,-1.075428962,0.350308278,-0.240527356,1.533694826,2.15756577,-1.408945641,1
1.534243431,-0.845129826,0.218267284,-0.540542697,0.2386764,1.527642458,0.083562,0.010009495,0.311633056,1.121394774,-0.240137695,0.809966013,-0.530419479,0.910966147,1.082605569,-0.184703681,0.429257986,0.864528276,-2.114761644,-0.821617584,-0.247052877,-0.579860527,0.445518603,-1.571503934,-1.234761259,-2.228351578,-0.11232112,-0.169467509,0.369459413,0
-0.251503205,-0.054583316,0.144677133,-0.094677987,-0.197909857,-0.062308835,-0.152021558,-0.011647019,0.024038137,-0.240972486,0.44283196,-0.536177117,-0.881357815,-0.435969662,0.565974249,-0.483792388,-0.738812199,-0.424393706,-0.327228315,-0.031715811,0.154328201,0.551292147,-0.150279076,0.148447922,0.397811598,-0.221302984,-0.326275506,-0.0958054,-0.681481128,1
0.242071259,0.270363546,-0.549622017,0.601732735,0.03478755,-0.341313959,-0.290356352,0.020477115,-0.357600808,-0.833489295,0.66647391,-0.78970479,0.412121401,-1.274240413,0.149912754,-0.723067434,-0.491582524,-0.567849131,-0.216275674,0.414842794,0.011533739,-0.724463024,-0.252690456,-1.365531653,1.384869652,-0.494606383,0.91038682,1.016792284,1.256444589,1
1.916173545,-0.594864885,-0.115259725,-1.081022436,0.269170897,-0.04466951,0.349784291,-0.201645635,0.023258003,0.801046838,0.08841566,0.824730696,0.579014406,0.21912315,-0.968156012,1.463449982,0.859038267,-0.164808489,0.541994504,-0.097427477,-0.097891435,-0.001376417,0.172063919,1.476247836,-0.099931247,-0.80630803,-0.272358711,-0.1906781,-0.913627441,0
0.379574947,0.608886477,-0.75898868,1.186571299,1.080479381,-1.099820583,0.193076767,-0.127901386,-0.563652096,-0.715973155,1.032961371,-1.246120319,-0.508384977,-1.201347268,-0.373315437,0.050266851,0.961799932,0.942120993,-2.437554713,0.128268368,-0.04206786,-0.612226051,-0.572850528,-1.146254926,2.401192458,1.166628078,0.429218454,0.877496723,1.129786093,1
1.647839859,-0.848783652,-0.184508098,-0.825234419,0.169510591,-0.161793035,0.529636587,-0.232814416,0.021111272,1.172396027,-0.548690426,0.449015701,-1.382653576,1.361765832,-1.020681202,-0.270820626,0.411775105,1.495614796,-0.413075978,-0.58857039,-0.169116898,-0.264662784,-0.139449479,-0.54917729,0.152898101,1.661897556,-0.392306384,-0.274329184,1.26970679,0
0.44008977,-0.931370625,1.107064645,-0.140866255,-0.203687386,0.507441787,0.374836199,-0.138338995,1.100269023,0.390438286,-0.644049179,1.68000866,0.610687035,0.465288429,-0.26343093,0.180916884,0.624339356,-0.278575523,-0.60800874,0.418789618,-0.077503859,-0.283165003,-0.184832937,1.500414485,-0.073085072,0.73218077,-0.276563342,0.109706273,0.955756194,0
1.652931405,-0.499684757,-0.130114858,-0.595313665,0.786298056,1.093721471,0.341459571,-0.044737797,0.789394463,0.473445548,0.009577389,0.798219207,-1.345492427,0.550697134,0.536671516,0.319445637,0.865011094,-0.20655002,-0.808674185,-0.497402728,-0.211595947,-0.609422893,0.382857609,-1.554569424,-0.903936758,0.621772965,-0.263094413,-0.242255807,-0.039348142,0
-1.382115664,1.282243496,-1.615011421,1.708148675,-1.715049355,-1.969490583,-1.590771708,1.421684915,-1.493613358,-1.966053226,1.782965136,-1.897800638,0.260866138,-1.599742629,-0.422691905,-1.989319919,-1.954897605,-1.946771527,2.178741231,-0.735260868,0.787454752,0.255989186,-0.58551858,1.148584814,-0.145781143,0.5478071,-0.741556548,-0.682238745,0.167478899,1
0.75908725,0.717883065,-0.964934175,1.479633692,0.754486841,-1.369087333,0.045450042,-0.057725577,-0.560265263,-0.513994835,1.139446631,-1.111683312,1.590944184,-1.215556874,-0.233377628,-0.08101945,1.129577001,1.581593208,-0.422937032,0.360567534,0.026117376,0.028903917,0.199475498,-0.635741802,-1.531591299,0.986474964,0.560565061,0.275817682,-0.610946393,1
-0.091061211,-0.365797869,0.136754758,-0.147067572,1.00964165,-0.102873715,0.590418838,-0.091435493,-0.024859485,0.569505594,-0.520078539,1.460078832,0.283559304,1.422711932,-1.212087835,0.070823502,0.416772408,0.506809952,0.666124141,-0.070950751,0.054528186,0.851422523,-0.111752912,-0.609612867,-1.331367053,-1.357690226,-0.008082647,-8.28E-05,-0.722823995,0
-1.766862604,1.478205444,-1.845201717,1.678533947,-2.167113272,-2.188529447,-1.938808131,2.44311612,-1.892157321,-2.051506739,1.40807035,-1.647847149,1.379056959,-1.376194199,-0.151007698,-1.8207866,-1.982425162,-1.982392581,1.657563535,-1.835912399,1.006564868,0.4064395,-0.95640972,1.336559257,-0.328479499,0.176336444,-2.28605969,-2.460125934,-0.383649496,1
-0.457449996,1.165213967,-1.320542422,1.815100429,-0.292644768,-1.383039629,-1.074149755,0.375383867,-1.800828311,-1.873878624,2.510337744,-1.963172757,-0.341408756,-2.104170147,-0.998521935,-1.794420928,-1.706190138,-1.605492872,-0.531137723,1.282480931,0.51805129,-0.279087383,-0.637836873,-1.879781661,2.771715729,1.426226556,2.977200704,2.533048256,-1.685632603,1
0.048605679,-0.287866066,-0.263046359,-0.837097298,0.435877698,-0.065405813,1.535709981,-0.173269475,-0.01664652,0.483536788,-0.656351124,0.842792292,-0.44726041,1.716894532,-1.601650858,0.286063278,0.271733656,0.551674497,-0.110282013,0.210450212,0.165376002,1.613484175,0.583042675,-0.747376913,-1.633925388,0.852743377,0.090889603,0.686801895,0.437615681,0
-0.560196165,0.9158337,-1.273133199,1.199690998,-1.104623333,-1.223656189,-1.448420073,0.769756794,-1.046106753,-1.770000641,2.199562069,-1.795284498,0.638427256,-1.743699102,1.118670129,-2.014339236,-1.99873484,-1.950087664,2.143859884,1.105636351,0.629766391,0.186161944,0.562966076,-0.939283861,-1.663278701,0.621848736,2.116103268,1.577085362,1.553949652,1
-0.030278767,0.029411616,0.059759779,0.004244706,0.028331854,0.521386699,-0.082579396,0.090800353,-0.354732712,-0.073292493,0.39815768,-0.060052797,1.025111868,-0.124155403,1.446134655,-0.404520661,-0.367504711,-0.306090203,1.48497189,0.218805518,-0.004764767,-0.33789048,0.102090023,-1.487308282,-1.270635836,0.683305184,0.1741791,0.14864611,1.428506399,0
-0.371159982,0.529101115,-0.516491531,0.32722399,-0.356578409,-1.189012904,-0.430000096,0.216493576,-0.03614949,-0.954288344,1.153635686,-1.206521231,0.417495557,-0.906937604,-0.026785183,-0.663721814,-0.544994136,-0.315450903,-0.249805253,0.203113659,0.102891285,-0.534303794,0.000820272,0.685560295,-0.003826473,0.676981408,0.375833846,0.458718569,-1.653605645,1
-2.461358102,3.334784037,-2.478232829,1.786349748,-2.833179488,-0.277364317,-3.400616413,-2.207473738,-2.789564281,-2.930258291,0.994625219,-1.42553231,-0.645570018,-0.436113392,-2.261431643,-1.326126091,-1.424561908,-1.610514337,-0.718956472,2.479025981,-4.328388825,3.655474927,0.932272252,0.54359561,-1.237689075,-2.572262912,-4.943814542,-3.343486478,1.258707458,1
1.106545619,-0.551099126,0.641280965,-0.934347589,-0.074689719,-0.118886651,0.245452333,-0.165879588,-0.061182644,0.77747334,0.267228451,0.623001635,0.022650466,0.318249304,0.148717893,1.973460716,0.741536597,-0.094058492,0.354652471,-0.057386161,-0.137423768,-0.394548707,0.108485694,0.934230146,0.199075076,-1.26474125,-0.2174669,-0.01367957,1.499445735,0
0.868143129,-0.372891002,1.039416748,0.280637853,0.144207112,0.698788521,0.359701572,-0.103876362,0.258674252,0.919059552,-0.334458161,1.153825938,-0.242168178,0.738549316,-1.23697133,0.973717487,0.254818211,0.280893247,-0.366668556,-0.242702877,-0.230508177,-0.854109807,0.044899723,-0.041222435,0.316110605,-0.650719735,-0.233700249,-0.041877467,0.678582267,0
0.012318626,-0.212817284,1.995411037,-0.76445349,0.42787563,0.562656727,0.604732542,-0.186798853,1.757261184,0.201244087,-0.961829792,-0.47175907,1.013223948,1.74890481,0.912128235,0.42355826,0.48319113,0.937098677,0.411451694,-0.118413392,-0.250659393,-0.591241637,-0.382646618,-1.488847661,0.454886264,-1.721191837,-0.334243796,-0.477225648,1.044992107,0
0.510941684,-0.266489918,0.536980652,0.090547078,0.637472523,0.806801352,0.515734408,-0.098723159,0.615753242,0.53775733,-0.525909823,0.037169103,-0.001380843,0.845299106,-1.104003422,0.606595014,0.620845518,0.219329534,-1.567079349,-0.401385043,-0.105645025,0.086409141,-0.072733836,-0.548411327,0.259757595,-0.441121944,-0.257765598,-0.185275518,1.696605732,1
-0.782346511,0.514274224,-0.495995362,0.607550654,-0.352254658,-0.104092302,-0.654945955,-0.13658684,-0.694639636,-0.791743519,0.795652907,-1.038852121,-1.23191483,-1.016801507,0.256518989,-1.295340473,-1.076815329,-1.409722654,0.023321294,-0.29669029,0.846550921,-0.151149648,-0.285860236,-0.178664993,-0.586577664,-0.446295181,0.263414184,0.465400344,-0.164548634,1
0.032375568,-0.739104442,1.370575222,-1.845859043,-0.154282211,0.087837979,0.485517057,-0.185874679,-0.476919473,0.892410318,-1.443130886,0.1631359,0.31113008,0.380941957,-1.294839794,0.071150307,0.703005829,0.159860707,-0.473102569,-0.25729115,-0.176182273,-0.269256181,0.267126003,0.739507105,-0.580400552,-1.11715021,-0.09724943,0.296855127,0.857387888,0
-0.942238853,1.016075519,-0.856818147,1.124261871,-0.867950888,-0.436568877,-0.878815673,0.656802857,-1.550188994,-1.038108972,0.810477737,-1.116388762,1.297379126,-1.089371498,0.757882793,-1.322970722,-1.330049203,-1.448514523,1.625565669,0.120752927,0.406547931,-0.754401888,-0.051727003,-0.284902035,-0.31380489,0.028619372,0.245349041,0.429504115,-1.577897813,1
-0.861440404,0.360010424,-0.606438595,0.973958355,-0.463145178,0.257785524,-0.436524153,-0.14099794,-0.391737781,0.093901665,0.333296097,-0.894077431,0.223059786,-0.809308489,-0.832139218,-0.931439409,-1.205498987,-1.279702134,-0.536666374,-1.222616818,0.492153276,0.197412016,0.622954336,2.192922986,-1.152851521,-0.82238643,-1.698400666,2.815449987,-0.477412591,1
-0.1843113,-1.030127202,0.91636481,-0.286893151,-0.136259831,0.811053408,1.087456263,-0.154452997,0.401526445,0.506996361,-0.055036847,0.220364891,-2.044453202,0.995581472,1.658910941,0.476060373,0.423043433,0.979057983,0.15938367,0.996587241,0.1269447,0.758979097,1.187260488,-0.074123358,-0.469685902,1.38993002,-0.585178061,-0.531993031,0.828708993,1
-0.893497333,0.054244952,-0.644347015,0.708290474,-0.657949389,-0.63849198,-0.532649376,0.374495537,-0.665515376,-0.783367225,0.848916368,-0.89049416,-0.530033076,-0.905827012,0.894107986,-0.949646302,-0.957178992,-0.754498797,1.098867793,0.334524947,0.229635697,-0.303748449,-0.422121183,0.535699873,-0.103484665,-0.73028541,0.538944512,0.206516107,1.482612941,1
0.306210368,-0.254108251,0.656404926,-0.845027539,0.531380624,-0.03119523,0.833042043,-0.221859319,0.40916319,0.54326686,-0.152891202,0.650377173,-1.072441572,1.089342025,0.017195112,0.291337142,0.252777513,0.776784869,0.010288284,-0.287763047,0.026714333,1.103396203,-0.319430822,0.095764057,-0.38198467,-0.348457885,-0.333391764,-0.515767076,0.847869679,0
-0.024444223,-0.108339819,1.401315075,-0.732450435,0.382622119,0.114593707,0.787837951,-0.211122692,0.454885751,0.686656413,-1.084015021,0.538655479,0.491443704,0.587190656,1.043403036,0.614893878,0.236585052,0.150101273,-0.065784823,0.175596169,-0.242836061,-0.622962439,-0.13220084,-0.201665018,-0.228149619,0.190034798,0.016462908,-0.200644591,-0.826603822,0
1.77174931,-0.477857697,0.002532052,-0.585109884,0.333988128,0.092150328,0.443927399,-0.182515213,0.841953433,0.631657924,-0.11852312,1.333586959,-0.251681436,1.183877013,0.21145862,0.421246602,0.222175585,0.788984331,-0.141949248,-0.40635275,0.020979983,0.947555885,-0.012438498,1.700003951,0.41940209,-1.169574718,-0.239737262,-0.238824071,-0.369820856,0
0.426952253,0.18761256,-0.324785298,0.673069682,0.700596811,0.261646389,0.359219413,-0.0675292,-0.444411461,0.020156711,-0.25266841,-0.185347838,0.374147662,-0.566524783,-0.113260645,0.209111562,0.634432285,0.845721172,0.61792183,0.162777041,-0.100706339,-0.447504103,-0.193611402,-1.390619299,0.435586455,0.57820733,-0.055431541,0.077068589,1.404127821,1
-0.711999309,0.729420602,-0.477168028,1.056375675,-0.80916487,-0.106890379,-0.90252019,0.527735337,-1.439241206,-0.966818894,0.74791191,-1.164031645,1.789465047,-1.048710789,1.183991625,-1.418457366,-1.598360341,-1.463053128,1.701426623,0.695156389,0.499553582,0.741346304,-0.164728362,0.035337584,-0.014279531,0.814158621,0.876192047,1.209499513,0.612566043,1
0.764534487,0.720936002,-0.966378819,1.480801738,0.763472608,-1.381911282,0.049789812,-0.062714135,-0.553394296,-0.518590381,1.087824999,-1.116068526,1.707524959,-1.220714094,-0.154601409,-0.087802411,1.136078752,1.516877309,-0.443557137,0.366571392,0.023426349,0.019033975,0.195801602,-0.67248241,-1.515132499,0.993584362,0.562060076,0.278484404,-0.57230712,1
0.125201433,-0.129760513,0.240841403,-0.923301916,0.646399423,-0.036278083,0.780942769,-0.161609485,0.686532315,0.405848079,-1.29179675,0.277566263,-0.877661331,0.315037418,-0.156531709,0.734859116,0.571975523,0.268513904,-0.394518117,-0.06292256,-0.264023331,-0.871509057,0.137101229,0.940168218,-0.677171585,0.301970956,0.155786146,0.267970868,-1.267990324,0
0.581493157,0.27461608,-0.699031773,0.792574205,-0.404263785,-1.180408646,-0.484263553,0.080008012,0.339644754,-0.705549667,1.14130862,-1.18812246,0.724513759,-0.896918648,1.379381314,-0.821139573,-0.437254035,-0.263580121,1.122524345,0.285484351,0.125536818,-0.025496375,0.727760415,0.869366414,-3.004329024,0.711740953,0.564588527,0.233077275,-1.041780067,1
-1.002919083,0.572742759,-0.694915027,1.19386453,-0.900853145,0.067348884,-1.072264852,0.414253982,-1.398769766,-1.054164545,0.896060406,-1.176948503,0.544335535,-1.056090411,0.502348778,-1.40506943,-1.543379261,-1.45382547,1.80122914,0.184205687,0.242075677,0.535426865,-0.08503566,-0.281821435,0.094270929,0.766064776,0.417448246,0.538779011,0.205311863,1
-0.818908223,1.091352738,-1.192261504,1.655528155,-0.94453229,-1.829503934,-1.194962819,0.510341626,-1.596258815,-1.79939173,1.907796462,-2.011202376,-0.826306119,-1.796739741,-2.153261034,-2.003356233,-2.168231299,-2.121823654,0.140505934,0.817448223,0.649325513,0.038189934,-0.152697924,0.830225894,0.437044714,0.216547581,2.160568614,2.077458213,-0.530016334,1
-0.79172095,0.647956798,-0.873655856,1.177040189,-0.774990182,-0.379304179,-0.7398641,0.44561511,-0.862465588,-0.895620469,1.115960818,-1.220347048,1.401067,-1.129218081,-0.320069653,-1.260013309,-1.224395326,-1.111586301,1.400110985,-0.045234336,0.311105394,0.298610732,0.338082663,-0.145153431,-0.595268818,0.004503643,-0.009732684,-0.119022532,1.669812561,1
0.185148917,-0.855749823,1.187465641,-2.007889151,-0.272155054,0.671163648,0.398712753,-0.123403073,0.62503852,0.400129492,-1.555557825,0.612485814,1.049325876,0.338510807,0.715315874,0.037997222,0.279726641,2.103277632,-1.160673395,-0.167056632,-0.091339263,0.267722129,0.609607512,1.597788548,-1.266524408,1.195771769,-0.245695617,-0.000755132,1.285155274,0
-1.506417074,1.433768395,-1.803521955,1.645966038,-1.832757972,-2.549123536,-1.702833982,1.685405822,-1.417327146,-2.134933551,1.871059937,-1.880628157,0.424164536,-1.703874917,0.606706697,-1.957721571,-1.741908256,-1.669835045,2.634539848,-1.018157689,0.881840273,0.631670149,-1.104047508,0.968513059,0.544388968,1.107243695,-1.541068766,-1.30224967,0.2371712,1
-2.311517399,2.753269728,-2.239480577,1.22844973,-2.77537418,-2.584339186,-2.146161146,4.424417981,-1.145786084,-1.277254719,1.16940412,-1.069537628,0.712138605,-0.962463666,-0.088760114,-1.24837205,-1.444887433,-1.452497425,0.611700176,1.412161421,0.558275167,-1.468301303,-1.034163893,0.318436492,2.742846842,-0.515181864,1.876766468,0.954115698,-0.249505905,1
1.756866149,-0.422074323,-0.090711772,-0.379379553,0.272921485,-0.448393894,0.490382672,-0.2151865,1.056964548,0.411298063,-0.978608156,0.221802156,-1.58758912,0.466052174,1.349651137,0.632262017,0.673353775,0.818292634,-0.669216999,-0.457112293,-0.030291802,0.543207468,-0.033470299,-0.203543608,0.209691718,-0.206001779,-0.250077289,-0.174242711,-1.627915008,0
1.642773541,-0.504985188,-0.121288364,-0.447539404,0.330790725,-0.09788128,0.469415842,-0.179532068,0.892382672,0.481651629,-0.182928837,0.478566614,-1.694592464,0.602995924,0.492364586,0.836197486,0.502575246,1.365661446,-0.299711463,-0.341401355,-0.005290992,0.577602591,-0.126767317,-0.852064693,0.19809272,-0.210640051,-0.267214034,-0.192741884,-0.123217328,0
0.903599543,-0.427460676,1.275778047,0.175326363,0.226951344,1.449188023,0.144821666,-0.024741272,0.435935799,0.897646023,-0.614183353,1.404519423,1.450038236,0.446601846,-0.175127258,1.518298437,0.115739754,0.845937065,-0.905812596,-0.183017609,-0.024894818,0.659399253,-0.247645445,-2.071180817,0.606966516,0.535705634,-0.152025989,-0.055776453,0.983945234,0
-0.489915813,0.146231851,0.100416799,-0.735592322,-0.094615987,0.252921619,0.156153154,0.271044185,0.470483488,0.139687371,-1.392115023,1.206663676,0.918186717,0.451642599,0.24873414,1.523131385,0.812332876,0.536738865,-0.735366101,-0.476595556,-0.159487092,-0.736165725,0.25730436,1.184011266,-0.172463572,-0.053104018,-0.798349648,-0.521463872,0.085319146,0
-0.168700073,0.092519226,-0.356706743,0.510112763,-0.610149416,0.218861327,-0.470559476,-0.148887201,-0.178289547,-0.385546984,0.457002872,-0.656689266,-1.630340579,-0.426438074,1.255642357,-0.839458947,-0.67336425,-0.635706185,1.516371156,0.260810395,-0.095591519,0.540434812,0.785171068,0.387289706,-1.956158932,0.219665027,0.287070208,0.030316975,0.071815631,1
-0.142016619,-0.359421365,1.910102037,-0.447991285,0.462780772,1.193243216,0.332983801,-0.008533792,0.683929542,0.459347029,-0.948324077,0.406845771,-1.429994603,0.685600862,-0.275516183,0.696831763,0.264562538,0.934140217,0.13050243,-0.295272922,-0.099881559,0.007651738,-0.267482535,-2.1683039,0.009113988,-0.77435885,-0.232706228,0.21444642,-1.606157658,0
0.097780432,-0.178509917,0.498583383,-1.063834555,0.51058273,0.177227898,0.748378943,-0.160183574,0.486740434,0.595674037,-0.415544309,0.800812383,-0.794111123,0.935137505,-0.972822935,0.578840084,0.234374276,0.238097701,0.037650553,-0.275508742,-0.18760887,-0.552088361,0.042291275,-0.845016326,-0.913857223,0.302365912,-0.273889943,0.097610618,-0.210149912,0
0.824192308,-0.679957228,1.14420903,-0.044172279,-0.056516034,1.037868037,0.155378832,-0.039770247,1.53656574,0.544989315,-1.040717768,0.831508978,-1.539588197,0.508326231,-1.697115667,0.484929296,0.362033769,0.973422168,0.310232008,-0.237223882,-0.075222123,0.335342689,-0.356298963,-0.812867482,1.08567474,-0.200035961,-0.164398576,-0.0427799,0.770380163,0
-0.210795706,-0.290803649,0.39902874,0.401690637,0.557389211,0.46581161,0.459373382,-0.014572547,-0.24754468,1.231363977,-0.30739868,0.310882449,-1.781470938,1.79742686,0.626362134,0.37210124,0.523943113,0.534985946,0.461695895,-0.15195804,-0.006295865,0.438091421,-0.047887421,-0.530220442,-1.868933951,0.282652334,0.155822361,0.106826047,-1.160629789,0
1.391268708,-1.051676071,0.214900487,-0.779178601,-0.114086066,0.597410638,0.181091742,-0.131881054,0.571712972,0.900206005,-0.273134353,1.43299447,0.60117524,0.68249077,-0.051979577,-0.127007806,0.287276767,2.450076202,-1.016040537,-0.338690849,-0.059419202,0.450054771,-0.041496365,1.508149632,-0.352641377,-1.315803513,-0.187010817,-0.092384336,1.388218382,0
-0.212230245,-0.48515678,-0.023851877,-2.179837782,1.147053547,-0.475743246,0.676871854,-0.073757479,0.512263984,0.21334608,-0.659111257,0.78738782,-1.47878418,1.581917066,-1.686074816,0.425235408,0.256027583,0.327479569,-0.582001045,-0.230491912,0.027947545,0.561143272,-0.238310552,0.756119664,-0.602250298,1.075544559,0.017058313,-0.021174629,-0.354623802,0
-2.153012029,2.502474904,-2.109625283,1.198938474,-2.536801412,-2.460336821,-2.012094449,3.809378477,-1.184911554,-1.32412573,1.294569662,-1.160183187,0.362182721,-1.105255061,-0.049800281,-1.335016347,-1.513053941,-1.473048122,0.756786134,1.372737497,0.552249824,-1.2682899,-0.838713853,0.279160657,2.31481147,-0.521246851,2.052786269,1.037739828,-0.68574821,1
1.163657515,-0.509520742,0.724770798,0.035432535,-0.018416289,0.472981673,0.229269252,-0.129613349,0.345106529,0.834631731,-1.005625158,0.752960772,0.053905173,0.218553752,-1.083396635,0.045086294,0.660822295,1.271789958,-1.100824459,-0.620979454,-0.23142159,-0.331323957,0.005237781,0.978499703,0.47554964,-0.533158668,-0.156941156,-0.0232313,1.008932157,1
-1.250429183,-2.886349557,-0.304520345,0.740430066,1.73423838,-1.998378294,-0.731660956,-0.044788502,0.754057397,0.108396249,0.641710441,-0.324465999,0.005170338,-0.669240943,0.199979443,-0.571547471,-0.500446703,-0.440025776,1.692162901,-1.393461386,-0.241975368,-0.581818721,-3.53606283,0.660577824,-1.445922439,1.071173833,2.274765592,-3.657319502,0.859488916,1
1.671195744,-0.878189579,-0.046968686,-1.204094736,0.147338442,0.252010277,0.342515527,-0.187740168,0.086122402,1.051658687,-0.208347278,0.670958027,0.254539295,0.807507328,-0.613453284,1.490100662,0.388557874,-0.288425622,0.714157542,0.135755051,-0.0852232,-0.295020493,0.129829793,0.719987343,-0.440755518,-1.162348553,-0.315465677,-0.19496927,-1.530451271,0
-0.220791795,-1.042509937,0.323678829,-2.117014819,0.436073387,0.622927863,0.229853698,-0.012111268,-0.664825457,0.934911226,-1.201943764,0.273224004,0.504915133,0.732163003,-1.428705399,0.305457099,0.501850077,0.702867924,-0.181908953,-0.12684283,-0.06341897,0.048842162,-0.00760379,-2.641605274,-0.472580374,-0.535065201,-0.18168775,-0.281549946,-0.135462249,0
-1.950220286,1.944467061,-2.154992498,2.342805048,-1.773430959,-1.130077153,-2.155101265,0.275004732,-1.911736797,-1.890066475,2.095927352,-1.688509842,0.97795833,-1.623063059,-0.466024196,-1.46861346,-1.345446762,-1.42743016,0.276131356,0.819848618,-1.1257868,0.913939782,1.312648393,-1.710147056,-0.043124042,1.392072447,2.988826006,-3.578069553,-1.646009285,1
1.610983909,-0.643645164,0.206260612,-0.602103128,0.180168497,0.599601591,0.281311493,-0.129374545,0.941480564,0.646542121,-0.268079926,1.822252628,0.935212752,0.687998949,-0.23891119,1.018310396,0.170257567,0.381974512,0.128374736,-0.116841805,-0.184449445,-0.619825379,0.331805653,0.615805781,-1.027076482,0.450237194,-0.301290241,-0.192937239,0.799989638,0
-0.810243556,-1.537017217,1.675752297,0.132648395,1.251368486,-0.168181339,0.010239538,-0.652731479,0.116596156,0.33849847,-0.016793883,2.293208261,0.728390282,0.839869713,-0.625160886,0.341553965,0.451489896,0.443006575,0.824978874,0.005387943,-0.822394252,0.389225554,3.721664827,0.980463649,1.913897633,-0.730531942,0.455637252,-0.747457452,0.161320313,0
1.662128705,-0.503852671,0.065690589,-0.518471202,0.484364818,0.674338038,0.417708738,-0.1321142,0.788018536,0.562257609,-0.599555472,1.467334961,0.629155882,0.851682991,0.91674327,-0.031225432,0.647073326,-0.744654428,-1.117621617,-0.464135212,-0.184245508,-0.308882446,0.414514295,-1.662838409,-0.886560462,0.653928812,-0.253350645,-0.271341245,0.927075854,0
1.6711342,-0.943457305,-0.175090153,-2.415975538,0.252430463,0.263545446,0.422904777,-0.202705431,0.901948873,0.374139055,-0.56783149,1.8795539,1.260841332,0.945179604,2.1315741,-0.793057876,0.84706936,0.106395525,-0.950085581,-0.640220076,-0.139071144,0.373805025,-0.001504538,-1.761898563,0.148470479,-1.54078871,-0.148869726,-0.221846759,-0.737721934,0
-0.174639133,-1.089633531,2.986996741,-0.944094647,-0.131781478,-0.026205308,-0.044981248,-0.121107169,-0.561422546,1.298021322,-0.685930747,0.240088676,1.661983162,0.329906981,2.393092777,0.111257196,0.817879216,1.06767473,0.649628619,0.302706163,0.011643976,0.842669744,0.115610172,1.638680689,-0.141979613,0.497194327,-0.101501983,0.220552515,-1.29523867,0
0.068978483,-0.251113663,0.728445602,-0.893101314,0.317765126,-0.274027364,0.733395156,-0.164261631,0.461584517,0.562579786,-0.080633154,0.819272512,-1.49593371,1.065934378,-1.027047328,0.463986387,0.322115657,0.149760452,-0.194936825,-0.345403978,-0.178497278,-0.443949835,0.301068874,1.066929093,-1.044150104,0.205692619,-0.092006321,0.063203011,-1.586534572,0
-0.296071895,-0.513458876,0.827007889,-2.031213464,-0.026221829,0.445100838,0.245749051,-0.201843093,0.202642014,0.501827714,-1.983799668,-0.069147569,-1.146427849,0.689050003,0.075363499,2.282408672,0.401727248,0.026523965,-0.440052823,-0.365343806,0.332106222,0.589357171,-0.294268937,1.005569294,0.140640078,-0.281662328,0.246176277,-0.207026486,-1.272948116,0
0.850084002,0.343395013,-0.704935366,1.106797126,0.49328419,-0.718541437,0.002013079,-0.071851156,-0.748599274,-0.418040059,0.654551432,-0.784724417,-1.342932995,-1.145278333,-1.036465099,-0.109938888,-0.106238444,0.099026602,-1.496069285,0.076361761,0.007714738,-0.516996441,-0.106101783,-0.875756192,0.597385795,0.345330735,0.49150068,0.672235439,-0.459471483,1
-1.843292547,1.473261132,-1.718875067,1.836220057,-2.285735608,-1.455948958,-2.043652105,2.70599412,-2.361635749,-1.893769381,1.102103838,-1.465313621,2.067158918,-1.128453102,0.580123213,-1.831628526,-2.167241734,-2.211856654,2.187214686,-1.958514729,1.029677263,0.261564745,-1.118645717,1.714478569,-0.371024326,0.329538549,-2.268966253,-2.957572789,0.384394923,1
-0.876328738,0.474006211,-0.781197014,0.070190862,-0.378420653,-0.825692179,-0.376605653,-0.02986758,-0.182491089,-0.650140991,0.640572264,-0.874440999,-0.19646042,-1.071207353,0.960960804,-0.771567291,-0.776037963,-0.713547429,0.045514473,-0.797602839,0.388878835,-0.212713274,0.215544225,1.099795522,0.003761882,0.212909433,-1.508601994,2.608857664,-0.014511499,1
0.278047474,-0.542732639,0.496889757,-1.17878204,0.468089282,-0.41225512,0.775155634,-0.289248827,-0.237541472,0.910375018,-1.162909995,0.566671163,1.06396164,0.701767555,0.10332485,-0.277712953,0.361247349,0.853366858,-0.652879224,-0.354191235,-0.267198025,-0.63080204,0.322550449,0.093191929,-1.524298792,0.696785401,-0.368789353,-0.369437551,1.640976161,0
1.344107225,-0.760027835,-0.056236749,-0.454990501,0.236646288,0.144481663,0.563510643,-0.211469376,0.789815253,0.611942423,-0.322486797,1.538842854,0.485840374,1.021784072,-0.220849352,0.49801904,0.19614328,0.820361349,-0.060905756,0.117834756,0.082395725,0.983449378,-0.356599586,-0.709831648,0.393810402,-0.069489357,-0.303684517,-0.178750561,0.450012327,0
1.667415134,-0.69571922,0.219653859,-0.555133063,0.136285691,0.794777832,0.174258401,-0.084691939,1.320308447,0.674924997,-0.593615203,0.862454419,-0.638666797,0.741317785,-0.169118733,0.996735009,0.192183508,0.911373936,-0.043143021,-0.297939832,-0.033009641,0.496086678,0.07628386,0.164043578,-0.504744076,1.181923951,-0.279455479,-0.230324748,0.169367513,0
0.093547944,-0.088424959,0.129775213,-0.9929866,0.637768274,0.272848707,0.603436485,-0.032287681,0.274363694,0.277569791,-0.380400109,0.906834644,-0.23103616,0.48645602,-0.960206912,1.068322257,0.489939362,0.693986083,-0.025721043,-0.22642492,-0.215315013,-0.781982911,0.077721477,0.191062494,-0.686570096,0.294200251,-0.133711597,-0.103551708,-0.924970684,0
0.140236228,-0.306510041,0.825246952,-0.65695051,0.685840294,1.325192533,0.527800024,-0.006508972,0.541678861,0.426559141,-0.373795419,0.896080963,-0.810170896,0.922355445,-0.048204665,0.392187752,0.310341779,-0.018614564,-1.31141053,-0.471968108,-0.080431463,0.180542999,0.328458156,-2.681208106,-2.613529492,-2.95333971,0.204588983,0.550711984,-0.111361111,0
-0.145494122,-0.36813394,2.764756332,-0.331610397,0.134812251,0.66387849,0.439849741,-0.075744594,0.777917472,0.232500931,-1.090070474,1.362080574,0.615990482,0.306874925,-1.139186046,0.181731693,0.500278678,-0.009422133,-1.227307545,-0.155919373,-0.008709174,0.836814075,-0.267950825,0.961967776,1.099089417,-0.411530408,-0.201745892,-0.11477243,-0.855839042,0
-0.506624364,1.312093101,-1.462544786,1.989247923,-0.486773627,-1.470658075,-1.200424685,0.596138344,-1.750646694,-1.789618985,2.474728408,-1.941746378,-0.017866962,-2.070902525,-0.57266441,-1.824825245,-1.643749438,-1.544826717,0.411634275,1.28104015,0.57403699,0.095548461,-0.026322547,-1.900149503,-0.026184535,1.352311157,2.770618313,2.031284923,-0.293188224,1
-0.963695085,0.373868579,-0.730831837,0.78852805,-0.550912357,-0.348147606,-0.690683092,0.128454699,-0.074474738,-0.599130073,0.780207467,-1.064384021,-0.582907353,-1.238563576,1.250836435,-1.29492336,-0.999719464,-1.082996262,1.930897373,-0.56342156,0.323525025,0.360297832,0.385106902,0.455513552,-1.26844788,-0.085022559,-1.732307899,2.282653719,-0.546860687,1
-0.054114421,-0.337959366,2.23071477,0.006611762,-0.178974878,1.243528275,0.5790821,-0.090703175,0.97013026,0.384546089,-1.500299314,0.881413449,-0.001146897,0.310116411,-0.742891411,-0.086468717,0.756045785,0.150071317,0.438714085,-0.160637004,-0.026494163,1.00884293,-0.139895864,0.341872887,-0.375333349,-0.06021585,-0.009082839,0.174684319,0.385951187,0
-0.777833144,0.29114678,-0.686650104,0.758128097,-0.752357611,-0.258830361,-0.69452928,0.10889253,-0.721377271,-0.913672632,0.808657306,-1.106790414,-0.333967075,-1.052773302,-0.211078306,-1.429526415,-1.406515054,-1.42958449,1.704466455,0.011109011,0.170638995,0.443415861,0.500306781,0.168601162,-0.606773257,-0.72783617,0.736751999,1.407626203,0.672854291,1
0.789707456,-0.542695208,0.863333642,-0.006858286,0.003522415,0.38079696,0.384961314,-0.12840672,0.965018385,0.527555143,-1.000077912,0.600068191,-1.446999223,0.801243908,-0.101251959,0.116111254,0.609739564,-0.112789301,-0.692104236,-0.26422676,-0.100588529,-0.010459131,-0.122556609,0.844749404,0.765885856,-0.699680792,-0.201808172,-0.012409752,0.928496288,0
-0.12566308,-0.496127302,1.406230575,-0.434661061,-0.156820187,1.270273865,0.373365138,0.090963712,0.766360849,0.253574606,-0.255451355,1.450558631,-0.647599265,0.640083444,-1.131196513,0.19188006,0.658935713,0.162947645,-0.485617825,-0.040231142,0.067176592,1.089676935,0.389965538,-0.413951654,-0.651060225,1.11844395,-0.332831383,-0.15977899,0.703836515,0
-0.280270807,-0.401685273,1.436439778,-0.879745207,0.553622135,0.143207212,1.009169581,-0.158104019,-0.182822732,0.287451669,0.228619419,1.911882149,0.952335,0.941981359,-0.440163262,0.459556519,0.311262274,-0.153562775,-0.723250451,0.284406744,-0.139887621,-0.732434644,0.338848953,0.448540737,0.39892208,0.117070636,-0.353197976,0.053506926,0.363550812,0
-0.057240816,-0.215031379,1.55855349,-0.871400687,0.334887855,-0.259341564,0.790359258,-0.171142072,0.218957656,0.314047827,-0.995383969,0.298054266,-1.180082651,0.997986412,0.556065033,0.780623959,0.29621666,-0.058647865,-0.581607523,-0.256715928,-0.29311591,-1.419560516,0.057484665,0.64232412,0.123688516,-0.210530694,-0.37375501,-0.16862307,-0.661226578,0
-0.314479248,0.094393002,0.811053885,-0.36657003,0.235559264,0.464181263,0.506214987,-0.076761724,0.213977468,0.912925272,0.030606764,1.328687643,0.142401705,1.074741511,0.632742251,0.249400598,0.425101086,0.398787906,0.078931111,-0.275045793,0.034139083,0.636000659,-0.085164269,0.094014344,-0.646349401,-0.956021721,-0.911595929,0.308079389,-0.454663972,0
-0.201502172,-0.326641626,2.529183468,-0.179593129,0.102056938,0.45199946,0.505356501,-0.140989933,0.446331302,0.422807781,-1.043467737,0.871790816,0.955897726,0.463536681,0.928499493,0.377301191,0.386595168,0.597924808,0.190304392,-0.088442495,-0.029854666,0.692521119,-0.051704093,0.932272145,0.652250423,-0.284818987,-0.179964591,0.078794825,1.115643887,0
-1.200815311,-0.521971021,-0.481370143,0.260699851,1.469337289,1.186332923,-0.929614728,-2.819170572,0.779748163,0.374130342,-0.065546654,1.287999022,-1.306882991,0.152631416,0.665395551,0.964995705,1.67978618,1.671638925,1.75365237,-0.523703259,-3.090239872,2.299022947,1.787498996,0.286919372,0.164195592,2.243133973,1.453649646,0.120887798,-1.338523615,1
-2.178696318,2.541805308,-2.130413656,1.203550699,-2.57467566,-2.479643766,-2.033249297,3.904474187,-1.178843603,-1.316874504,1.275425905,-1.146488885,0.416760755,-1.083790148,-0.055893471,-1.32180111,-1.50254351,-1.469855307,0.73431113,1.378986673,0.553201544,-1.29964401,-0.869258389,0.285243708,2.381136954,-0.520309318,2.025106483,1.024766604,-0.658707944,1
0.08700705,-0.522104241,0.247397727,-1.863416131,0.802855353,-0.388489189,0.903576556,-0.295430161,-0.347969904,0.953338303,-0.266116412,0.319574486,-0.153884999,0.857648005,-1.238723333,0.918330084,0.361972427,-0.198090878,0.51702168,-0.050484024,0.086053789,1.352441072,-0.319766276,-0.460086782,-0.428333176,-0.224581348,-0.438230054,-0.024032081,0.8761223,0
1.602506034,-0.466307239,-0.119477251,-0.620440195,0.972675951,1.349727879,0.357245793,-0.036911217,0.584059251,0.434265341,0.255176621,2.013650087,0.651866892,0.40164858,0.598145814,0.114248957,0.969150916,-0.519065775,-1.218218105,-0.404467308,-0.187696669,-0.34787296,0.403624911,-1.850031794,-0.93975284,0.664073349,-0.227671439,-0.239107363,1.091460384,0
-0.082956455,0.399075976,-0.595369617,0.40490193,-0.227426233,-0.669423457,-0.421993205,0.174334342,-0.003834225,-0.808593338,1.259096805,-1.077752469,1.572087652,-0.847989553,-0.179825984,-0.596935118,-0.52785853,-0.021620627,0.636238259,0.224940741,0.104386355,-0.317904091,0.151122229,-0.685873065,-1.021886348,0.733433451,0.234995409,0.19121301,-1.01665587,1
0.658619784,-0.704156215,1.365919456,0.039671115,-0.17199053,0.628022738,0.256224702,-0.096677015,1.415726804,0.43308025,-0.993249567,1.171361524,-0.585743456,0.461828945,-0.752012552,0.043310454,0.6850647,-0.086232688,-0.691561431,-0.092686875,-0.042238452,0.46010176,-0.199538433,1.390892145,0.675303656,-0.509664058,-0.158198289,0.041708558,0.04494154,0
1.216043487,-0.382710691,-0.032712576,-0.262826677,0.144997594,0.370304351,0.074082476,-0.085727329,0.01776661,0.329250185,0.250688797,0.101180837,0.111861279,-0.24528781,-0.095366408,1.050598163,0.263504444,0.234213159,-0.23827929,-0.014288911,0.023008326,0.471837603,-0.065542471,-0.109130218,0.241065648,0.053490654,-0.021796979,0.106090454,-1.560089645,1
1.074333774,-0.243654234,0.451579003,0.587112533,0.199887577,0.479533343,0.278249891,-0.080973209,0.593387943,0.473134969,-0.38612952,0.311784297,-1.813046616,-0.245342617,-1.640610689,1.448384869,1.350188861,1.450844925,-1.187454031,-0.412410809,-0.138175818,-0.016587597,-0.10711544,0.208640484,0.519744537,0.405696304,-0.17402136,0.034863151,-0.053022167,1
-1.300413177,-2.329416894,0.234719015,0.038132308,0.916760442,0.496437915,0.790124435,-0.39192664,2.585439748,1.710566196,0.234363863,1.040791594,-0.340180226,-0.195804952,-0.306673909,0.620298075,0.546481545,-0.032399593,-0.520473284,-6.149538472,-0.824542979,0.968389766,0.556290275,-0.182972034,0.245194848,-1.32438208,-1.479285437,-1.272903668,-1.4391519,0
-0.422045613,0.477104035,-0.592836379,0.981001781,0.177860633,-0.356723045,-0.360942055,0.249172001,-0.948884068,-0.770558698,0.909229829,-0.969759825,-0.887007607,-1.168225093,-2.275802892,-0.418696346,-0.640262244,-0.254636495,-1.471673444,0.052250155,0.144593801,-0.412835884,-0.439800894,-0.847676316,0.750592901,0.122185225,0.47373952,0.356880786,1.430077113,1
-0.683462034,-0.128763264,-0.506168951,-0.61816535,-0.335831946,-0.1631186,0.513079205,0.276595533,0.170262283,0.069320027,-1.796884044,1.890914021,0.714732079,2.634122421,-0.374463265,0.543460834,0.635970743,0.230578272,-0.569998819,-1.569918216,0.114339385,1.070968209,0.293453589,2.634395312,-2.383101004,-2.619070327,-0.963588226,-1.234907074,0.112531367,0
-0.772188576,-0.180229674,-0.524668023,0.105107609,0.040401846,0.284419355,-0.415943877,-0.213759612,-0.631951782,-0.660185035,0.379416085,-0.625861641,-0.737824597,-0.369370085,-0.054395237,-1.03669309,-0.758052312,-1.226939447,-0.025661582,-0.109977915,-0.129744245,1.189027908,-0.21758371,-0.209977156,0.982976235,1.169352293,0.737823999,-1.695078091,1.071633553,1
0.01789383,-0.202093897,1.367812818,-1.285668059,0.238766549,-0.094672921,0.696993887,-0.158089919,0.415280039,0.337221517,-0.532581981,0.904810798,0.394706552,0.700038149,0.624619144,0.518158515,0.358844098,-0.241144579,-1.311543584,-0.163662908,-0.110425367,0.010111675,-0.015947879,0.956958787,-0.581135976,1.583268205,0.004810381,0.113573828,0.672058097,0
0.964500049,-0.678217437,0.720178821,-1.084130128,0.237751474,1.292983171,0.123137815,-0.038936875,0.653981238,0.691068473,0.641077617,-0.196702464,1.81099549,1.946404096,0.52954808,0.618782561,1.223103615,-0.835272302,-0.876921423,-0.215829172,-0.138187039,-0.083219181,0.185711883,-2.259654577,-0.248514429,-0.945756539,-0.183344775,-0.1217478,0.100952591,0
-0.313238857,-0.288523478,-0.031839298,-0.13947304,-0.003553269,0.316233529,0.132960751,-0.209142126,0.575988675,-0.031764664,0.01850386,-0.323407765,0.975503423,-0.657438656,1.196571848,-0.459356387,-0.298701571,-0.417321501,0.751457724,-0.203776874,-0.030470575,0.26079777,0.128769885,-0.460947479,-0.289884116,1.709098353,-1.097952362,1.372350017,-0.874411614,1
0.052740326,-0.293100198,1.430479389,-0.99989782,0.331845847,0.553670641,0.513999831,-0.117176844,0.696899988,0.292045053,-1.59172152,0.590410532,0.285360723,0.51533656,-0.021406862,0.643278243,0.271319087,0.408494277,-0.520775669,-0.213262113,-0.007646598,0.735586228,-0.208872629,1.434965304,-0.662299258,1.087713914,-0.092723269,0.29860931,0.254336343,0
-0.622855309,-0.655123727,-0.646807509,0.809521951,-1.129204981,1.767430662,2.719068592,-0.472327397,0.081361611,-0.175051562,0.96288143,-0.953215602,0.739463337,-0.499426979,0.06841346,-0.314245966,-0.470924309,-0.139062791,0.836711931,-1.944694454,-0.329669412,-0.096432988,-1.854419685,0.020644565,-0.633266099,0.706540344,2.036529953,-1.537353203,-0.368315167,1
-0.082568288,-0.168894824,0.449149585,-0.715358103,1.439895705,2.488613544,0.67217516,0.007987635,1.12800348,0.327431429,-0.459004048,-0.333835964,1.436834237,1.819209735,-1.114815555,0.333495344,0.514849553,0.586149256,0.091696166,-0.278673866,-0.202265375,-0.428170257,-0.29269344,2.111413749,0.444440813,-1.06223772,-0.348419746,0.076521567,-1.110588029,0
0.551058587,0.701100051,-0.911217448,1.429399946,0.76984811,-1.110856439,0.046608435,-0.015564997,-0.756922564,-0.484985839,1.357777084,-1.009433689,0.564924782,-1.210437385,-0.432233857,0.03163304,1.074343546,2.099711885,-0.137040831,0.339151804,0.032467162,-0.03805193,0.099961899,-0.750468757,-1.310986221,0.99546239,0.48558626,0.298076731,-1.587731031,1
1.564120723,-0.303030206,0.030914503,0.597998002,0.650368503,0.608592312,0.598628511,-0.149191491,-0.155587441,1.504225764,-0.443612933,0.580384297,-1.206574384,1.238966672,-1.823637395,0.833063393,0.249589857,0.1685159,-1.183505246,-0.431832756,-0.085151847,-0.025578668,0.080701106,1.419292997,0.148932457,-0.057478496,-0.329719863,-0.241497588,-1.14490242,0
-0.881579247,0.137496324,-0.497882341,0.569682437,-0.716102806,-0.17799516,-0.360174016,0.27238282,-0.388830718,-0.582048397,0.234804846,-0.76365073,-0.200086149,-0.683139145,0.491213166,-0.929747854,-0.843056733,-0.895010859,1.316833493,-0.727806998,0.102466129,-0.184436763,-0.021830114,0.568391887,0.221536383,-0.736556611,-0.379311057,0.9306891,-0.008789303,1
-0.732228288,1.576392578,-1.596792891,2.063804676,-0.734108527,-1.61461832,-1.359853374,0.961937493,-1.733470479,-1.740236846,2.4109302,-1.907996183,0.267713274,-2.012900938,-0.429459721,-1.81195502,-1.581911951,-1.503752385,0.76395497,1.252469519,0.619444612,0.215756447,0.424082959,-1.923520688,-0.969376678,1.328835758,2.356804012,1.712406825,1.084577854,1
-0.19526304,-0.051113558,0.170436131,-0.633612858,0.216857318,-0.42426058,0.575194901,-0.01957555,0.047018894,0.165500473,0.055225601,1.490213633,0.199342211,0.718086221,-0.197421954,0.63602001,0.716960342,1.224645491,-0.23570399,-0.423500167,0.1073269,1.234984134,-0.127413762,1.073297251,-0.951694692,-0.533176159,-0.379584686,0.011025089,-0.530585664,0
-0.528121556,1.10678407,-0.977634565,1.256979187,0.228211751,-1.570141631,-0.316367165,0.293877832,-1.155283933,-1.085736303,1.606985791,-1.368831967,-0.110580688,-1.382554029,-1.668479501,-0.442830664,-0.196045402,0.523930007,-1.492135248,0.246634847,0.174902166,-0.439588772,-0.420261157,-0.488092258,1.643823216,0.91628519,0.240605004,0.642061663,1.256418579,1
0.055604911,-0.770103974,2.486033882,-1.124802442,-0.222901924,0.872484253,0.185019947,-0.104523374,1.297747353,0.618646799,-2.899830875,0.21529888,-1.272288709,0.113198683,-1.846745755,-0.239304038,0.502222661,1.762761187,-0.708795923,-0.778053617,-0.20451485,0.282237997,-0.017717627,-0.146307791,-1.58005385,1.306652527,-0.277371785,-0.14380432,1.065109383,0
-0.251127374,-0.308416001,-0.018694472,-0.672966631,0.48954217,-0.009623053,0.473952012,-0.024418104,0.66800855,0.239605303,-0.285453451,1.312986375,0.148958531,0.201840261,-0.927015335,0.720757781,0.859469604,0.971088415,0.393721118,-0.478969048,-0.194307076,-0.273805824,0.237089046,-1.123107897,-0.511435792,-0.227401591,-0.512316801,-1.035627311,-1.039377034,0
-0.951003083,0.481141964,-0.774194481,0.574265449,-0.306704475,-0.626904465,-0.518985423,-0.140245025,-0.299517026,-0.492178803,0.834010821,-0.944804319,0.328502001,-1.167412949,3.095000572,-1.063651673,-0.731258244,-0.649865148,2.070205315,-0.683021107,0.537406915,0.343273875,0.102141658,1.805676529,-1.396040789,0.925262173,-1.84884972,3.630110473,-0.301418939,1
0.985256866,-0.442878454,0.910836336,-0.045276296,0.080752059,0.52904226,0.332726035,-0.140210332,1.095877821,0.50952983,-1.800291301,1.016751506,0.169377878,0.472451379,-0.99502295,0.252772596,0.430186615,0.132131009,0.029341209,-0.300288956,-0.161308444,-0.098716275,-0.192737799,-0.124273392,1.19902413,-0.604685524,-0.171910851,-0.047709471,0.205268513,0
-0.434153659,-0.467017292,-0.321077517,0.236008163,-0.891375355,1.186304848,0.454784885,-0.69570717,0.334720581,-0.368209797,-0.055451295,-0.258352066,-1.032292664,-0.283618452,-0.096955549,-0.413798821,-0.234795763,-0.22668899,0.636474882,0.070854418,-0.168061541,-0.169624055,-2.985950247,0.918036065,-1.170622389,-1.164774421,1.141719496,-0.570005051,-0.100919549,1
-2.610806573,3.321033014,-2.494885508,1.281903354,-3.257262552,-2.880289317,-2.434608081,5.813626397,-1.059744011,-1.169212749,0.871659507,-0.844198071,1.46091627,-0.597439716,-0.191042411,-1.045445831,-1.288947482,-1.406323889,0.291960181,1.497412742,0.573432604,-1.878991418,-1.360055426,0.387993602,3.7413097,-0.485159366,1.512423782,0.780110765,0.411919264,1
1.071033313,-0.509551526,1.032698962,-1.083065656,-0.007806205,0.318079299,0.199039539,-0.1820503,2.838101428,0.112753263,-0.464928347,0.043608776,3.802917692,1.352272633,1.676676852,0.582093722,0.380505248,1.208016837,-0.028472247,-0.150361127,-0.070463301,0.670576662,-0.255268057,-0.747596707,0.983884251,-1.357392311,-0.135952711,-0.026279723,-1.142990686,0
-0.65502259,-1.517955844,-0.562855416,0.628265512,-0.540769878,0.116687496,-0.271165127,-0.075423555,-0.096878985,-0.689475583,0.79009131,-0.548306187,0.224819113,-0.782874408,-0.869315127,-0.655792698,-0.648085222,-0.446440218,0.356277625,2.384647464,0.28022937,-0.717430053,-2.853668725,0.028545732,-0.46083362,1.02981827,0.470911008,0.896581721,-1.289947084,1
1.576967512,-0.568337459,0.232976173,-0.210330216,0.255568752,0.811109645,0.262266419,-0.109225213,0.870711315,0.750332158,-0.372641099,1.556986382,0.847480794,0.729139814,0.120986353,1.038577047,0.108229934,1.040620082,-0.522207229,-0.202141356,0.007837553,0.736940254,0.01783445,0.304935508,-0.155399758,-1.469591754,-0.187407567,-0.166954069,-1.51087298,0
0.879585998,-0.345565927,1.053330399,0.309876828,0.166366626,0.761926973,0.346727641,-0.088659956,0.249387044,0.912765221,-0.083934423,1.367867259,-0.437942772,0.755867493,-1.354813026,0.435216145,0.429891612,0.017274668,-0.896386276,-0.394755348,-0.100588522,0.15302807,-0.057784753,0.494120808,0.73006387,0.191888418,-0.214053397,-0.081573728,-1.267565494,0
-2.352035303,3.217734754,-2.360230703,1.99989135,-2.71282543,0.162898449,-3.313682971,-2.233732758,-2.745492136,-2.817097313,1.042173714,-1.489265822,-0.774031232,-0.640628079,-2.42377166,-1.416383604,-1.469291682,-1.649860284,-0.122190571,2.785233578,-4.234609544,3.599014591,1.581399496,0.501852641,-1.470732486,-1.582922802,-4.433115474,-2.775542043,0.113438827,1
-0.52405719,0.727585245,-0.791888428,0.869460096,-0.423286469,-0.447257396,-0.590448403,0.150926632,-0.446237826,-1.334590174,1.687531368,-1.405786752,1.892024079,-1.546620021,-0.758492707,-1.475610154,-0.973882819,-0.626339784,2.510753188,0.983651168,0.315829188,0.735914882,-0.563672222,-0.856390473,0.233815261,0.282774453,0.955580505,0.721454993,-0.146428347,1
1.575234947,-0.55566591,0.230576633,-0.010965954,0.145219651,0.408679014,0.377620225,-0.132466438,1.173437433,0.672169413,-0.480817343,1.507288268,-1.223156974,0.78307362,-2.193843299,0.11786964,0.458220621,0.071792761,0.185616138,-0.477759703,-0.212882418,-0.491329738,0.205559213,-0.032673228,-0.145395325,-2.193385259,-0.205953126,-0.2215785,0.076442518,0
-0.182806922,-0.039424459,0.944289277,-0.481295395,0.009135916,0.058151237,0.403420491,0.020735512,0.245659254,0.247325303,-1.360103051,1.294420633,0.712238976,0.876434229,-0.629971156,0.369500876,0.560225736,-0.001663882,0.071973764,-0.390503887,-0.11893276,-0.30994784,-0.034773737,0.91346009,0.004914738,0.481720036,-0.661687131,-0.34676553,0.956036524,0
0.755016791,-0.533690297,0.753240514,0.0274879,-0.010217003,0.386277324,0.324651182,-0.10598722,1.220600312,0.328302959,-0.878444054,0.42591925,-1.857048885,0.257033634,-0.079285841,0.2768002,1.019808815,0.230047365,-0.793339298,-0.230952022,-0.109277487,-0.038450307,-0.15560578,0.647382805,0.696937729,-0.642135093,-0.169312455,0.058060698,1.403643746,0
1.615804588,-0.662227522,0.457425652,-0.49640162,-0.019401403,0.594901419,0.142818115,-0.087966109,1.465199433,0.593317333,-0.20738567,1.42595785,-0.181234387,0.705082911,0.29506496,0.949317203,0.183618576,0.980958256,-0.25084596,-0.319536932,-0.050089266,0.375808848,0.265865467,1.612204169,-0.758929117,-1.148229695,-0.188296249,-0.162010223,-1.308538441,0
-0.343990744,0.706544936,-1.168642247,1.093771868,-0.96899604,-1.373004394,-1.324521886,0.465306339,-1.041996356,-1.8053072,2.204181537,-1.801289829,0.370034928,-1.840278231,1.340523539,-2.059788403,-2.072612756,-1.995044973,2.145847857,1.316896475,0.590649429,0.137252566,0.233548461,-0.627420023,-0.993413891,0.279893028,3.00414733,1.9894234,0.552757535,1
-0.082788433,-0.606270284,1.840256147,-1.795055716,0.182062776,0.432879089,0.281424436,-0.094868082,-0.098659228,0.630391486,-0.422726433,0.297828259,0.170603278,0.513356377,-0.192612097,2.487257872,0.227283851,0.358737817,0.040102947,0.103112048,0.093493716,1.074646155,-0.299353146,-0.850382799,0.206423702,-0.376042159,-0.152889401,0.139926311,-0.617912733,0
0.177458608,-0.121880182,0.349570371,-1.002722484,0.700623667,0.184973876,0.843042265,-0.180964338,0.555699731,0.53982632,-0.023132818,0.806438616,-0.593764417,0.287243108,-0.858534089,0.706976805,0.485365697,0.433851407,-0.282335419,0.020933501,-0.253798596,-0.669886409,0.057269943,1.251699908,-0.836506654,0.17404482,-0.04078322,-0.325066926,1.600485844,0
0.057907365,-0.091872644,0.28403013,-0.903693145,0.945604908,0.0497818,1.293405864,-0.239029706,0.28100263,0.327773586,-2.264240918,0.552423055,-0.031535714,0.850201648,-1.670830822,0.394421627,0.168956109,0.057851751,-1.408740589,-0.564507822,-0.04447402,0.458984521,-0.346644868,-1.197430234,-0.059635663,-2.042787809,-0.173877965,0.342308713,1.405684085,0
-1.515764892,1.413027109,-1.771505758,1.63250865,-1.84444361,-2.420308729,-1.696306548,1.71169623,-1.521221378,-2.107579801,1.813874535,-1.848745054,0.517746544,-1.667422161,0.473432368,-1.950073012,-1.808617938,-1.764041811,2.506467852,-1.045797974,0.865797257,0.408078018,-0.999251661,1.015424981,0.550614336,0.899359973,-1.48489234,-1.380048373,-1.263996347,1
0.179945247,-0.218224292,0.645280195,-0.974991151,0.428691383,-0.009287047,0.751308846,-0.150634262,0.382487503,0.505912316,-0.206323187,0.967563141,-0.807616428,0.995503453,-1.027628568,0.499432578,0.283555345,0.148760227,-0.122557191,-0.232688161,-0.185673632,-0.47389428,0.075679185,0.0171953,-0.979754455,0.290447177,0.048370992,0.109892853,0.782180025,0
-0.110850788,0.347228902,-0.601297489,1.027071883,0.22243638,0.460954659,-0.025136821,0.083806678,-0.535653872,-0.473819287,0.777304579,-1.036210436,1.102633565,-0.814385561,-1.038515233,-0.526062731,-0.28323489,0.130834042,0.934546454,0.851966165,0.032250441,-0.576661816,0.323839927,-0.774558229,-0.092101276,0.657250366,0.617209557,0.585055769,0.45212347,1
0.631463751,-0.031678411,-0.569651013,0.359839886,-0.001011953,-0.344495666,-0.045728929,-0.04331378,0.186378459,-0.408945475,0.906349289,-0.614668441,0.909175068,-0.564319978,-0.014924878,-0.51306345,-0.240987883,0.269627411,0.689588524,0.399478074,0.135593488,0.449285473,0.090017444,0.197023077,-0.141324505,-0.819357705,0.253051016,0.169940151,0.726352489,1
-0.011566904,-0.377164438,1.772626612,-1.882927299,0.243228591,0.527272253,0.440869889,-0.14573237,-0.154112017,0.511573027,-1.857328065,0.214021562,1.530293142,0.352130804,0.451017675,2.250245855,0.253429747,-0.107708326,0.204358878,0.085865766,-0.063531147,0.09416112,-0.431257857,-1.610364844,0.751417654,-0.685268022,-0.181614944,0.039411741,1.051465702,0
-0.213103808,-0.454985268,2.21538834,-0.323320458,-0.071094046,1.361565658,0.098049226,0.089725798,0.128200923,0.692762088,-1.371178234,1.632998022,1.408157602,0.280683813,-2.058578465,-0.331709714,0.604942506,2.347640247,0.8624271,-0.195239571,-0.2700699,-0.3786581,-0.291900619,-1.353557333,0.729516519,-0.051581054,0.134345399,-0.016069405,0.739104605,0
1.271612957,-0.890731071,0.834294589,-1.413259786,-0.300347867,0.09230126,0.050258197,-0.160347396,-0.189769047,1.397607829,-1.427649344,-0.117348484,-0.758250661,0.587229694,1.207393468,0.479075871,0.555934508,0.772898646,-0.47405443,-0.580076641,-0.14459728,0.008992544,-0.053484829,-0.006055696,0.476555226,-0.16252438,-0.189417984,-0.05066701,1.103657621,0
-0.510404704,-0.825148835,0.816921789,0.034892731,0.067731001,0.231330742,0.543993207,-0.195436521,0.695845224,0.445763899,-0.820939186,0.106705439,-1.051321868,0.325206249,0.174965722,-0.029165884,0.160609953,0.133183844,0.863149115,-1.31784042,-0.182773492,0.450593264,0.674241795,0.750330956,0.158365801,0.03088999,-0.08608677,0.633565991,-0.099054055,1
-0.459941761,-0.270173465,-0.364082225,0.342179461,-0.789194399,0.50125255,0.424326737,0.048004179,-0.609663024,-0.516308022,0.41555925,-0.559301978,0.08685379,-0.367022661,1.80830262,-0.859826923,-0.548049344,-0.722866044,1.346866656,1.340357331,0.264785167,0.258672088,1.46694707,0.482109024,0.176755459,1.21170682,0.066463102,0.180616817,-1.048815767,1
1.543256777,-0.615650133,0.040576669,-0.375659375,0.159015509,-0.180340005,0.546795769,-0.217344605,1.122372812,0.531086568,-1.275232901,0.7512062,-0.726684111,0.99501797,0.041483072,0.212758831,0.404065322,-0.060868668,-0.096941397,-0.237554133,-0.174671081,-0.570703828,0.154772321,-0.061811445,-0.308357036,-1.364565318,-0.275802895,-0.180148425,0.018896878,0
1.849533801,-0.366422023,-0.143469329,-0.588992019,0.595537266,-0.300364865,0.685203183,-0.279019904,1.298421603,0.515413439,0.231725317,0.04323102,2.333068571,2.712424716,-1.163154575,0.2390693,0.464983657,0.479353852,0.042966581,-0.382226062,-0.088438693,0.437412401,-0.119967036,-0.538743824,0.668174945,0.454614824,-0.363327374,-0.33425156,-1.668364865,0
-0.408861562,-3.032361433,0.114032577,-0.699771948,-0.480222958,0.969197494,0.920366248,-0.160032704,1.62051642,0.005384605,0.179121847,2.073668559,-0.04253143,0.980009273,1.678230974,0.160803635,0.546492465,0.421605151,-0.453077178,2.762468621,0.351512279,0.015583195,-1.418852597,-0.220406886,-0.5574567,-0.019694213,-0.490752446,0.592659712,-1.676085494,0
1.002743304,-0.358656596,0.635568809,-0.373936508,0.11847442,0.017883884,0.408873126,-0.156795423,0.417300857,0.558150356,0.106977574,1.0742863,-0.425195003,0.720510422,0.493003987,0.988153993,0.370928306,0.509468125,-0.131421927,-0.275032367,-0.202977853,-0.715692024,0.101990966,0.578929042,0.186582784,0.193358416,-0.272672447,-0.053803391,1.178524464,0
0.044432886,-0.046065353,0.278396709,-0.799202603,0.365221837,-0.331831278,0.714154077,-0.140290006,0.378999326,0.437747566,-1.327814802,0.91795268,0.703928025,1.080843267,0.374079067,0.266880955,0.335754417,0.397384952,-0.185789208,-0.284171241,0.066125411,1.332830258,-0.071797824,0.230020206,-1.259517455,-0.54551943,0.070538759,0.516227185,-0.672082855,0
1.00921349,-0.520355409,0.729125392,-0.639726111,0.148697596,0.711005645,0.210166867,-0.102909301,1.790771633,0.45723063,0.121401859,-0.317217958,0.595509676,2.289848844,0.345937901,0.988812225,0.468134412,0.811028538,-0.332273179,-0.325558555,-0.127999877,-0.017029987,-0.114804187,-1.411783794,0.203055051,2.156924248,-0.334520676,-0.147291927,-1.072357691,0
-0.047823835,-0.009494997,2.411541639,0.312307976,0.202799215,0.745242698,0.391482955,-0.315470814,0.838849328,0.567975642,-0.613816087,-0.217196866,2.652214428,1.317667925,-1.193853933,0.466374444,0.681363558,0.522811958,-0.446961793,-0.34067881,0.205013359,0.26192645,-0.171019377,0.801988917,-0.413038938,0.32950598,-0.016103924,0.266432722,-0.054511961,0
-0.249599838,-0.231786182,-0.209998198,0.024109467,-0.329266673,0.511863146,0.661783555,-0.061952949,-0.127741726,-0.360763905,0.099057251,-0.288954326,-0.381066308,-0.433333267,-0.350338573,-0.370797187,-0.081539293,0.244227798,1.071665483,0.793299593,0.124039914,0.354656186,0.472337284,-0.682238388,0.789546671,1.054859522,0.020017969,0.144300373,-1.412832688,1
-0.326109842,-0.984826704,0.813952089,-0.89735404,0.434483644,-0.297023855,0.869325935,-0.172830445,0.463453485,0.227471012,-0.862248037,0.637662116,-0.623200431,0.850684305,-0.424806802,0.22088148,0.489368945,-0.226562258,-1.046782419,0.537840466,0.043782496,0.260941495,0.926646047,0.908464973,-0.868876257,1.666097659,-0.314409883,0.391084219,-0.861890698,0
-1.291214888,1.324866547,-1.363733315,0.734016997,-1.308032494,-1.619005167,-1.011720068,1.428542796,-0.651759654,-0.917987572,0.596412333,-0.990687859,-0.661946378,-1.00505901,1.082868882,-0.901761404,-0.868550789,-0.80671507,0.329522581,0.644078375,0.248704925,-0.658868657,0.188828267,-0.076662006,0.73341529,-0.608348825,1.380405829,0.464196629,0.657878322,1
-0.158538853,-0.219833721,1.816609359,-0.23522555,0.000962688,0.615839241,0.505170069,-0.140308253,0.452646578,0.750753098,-0.637324948,0.44013934,-0.038627827,0.6922367,3.257937198,0.2456608,0.570356998,0.182166341,0.6828958,-0.043806077,-0.132733661,-0.074464249,-0.09994427,0.219981646,-0.27242533,1.099955965,-0.328099435,0.224039067,0.123667975,0
0.005995134,-0.114959977,1.647109059,-0.629590148,0.252545205,0.116040304,0.683948402,-0.146791968,0.21836248,0.451448964,-0.491417662,0.912503524,0.525247496,0.753272342,1.202561344,0.344250837,0.432495765,-0.203416886,-0.630395292,-0.075208807,-0.174346182,-0.382429093,0.017374024,0.836780569,-0.553651498,0.193003962,0.106739479,0.19444405,-1.301203626,0
-0.724748742,0.705178566,-0.000204177,-0.686731071,0.204294588,-0.068598165,0.841581032,-0.191268372,2.922852749,5.083346939,-0.48427846,0.717054529,0.112387146,0.280909084,1.442396987,-0.134177724,0.387966892,-0.171260689,-0.646264397,2.060194702,-0.286783883,0.366005166,0.188100394,0.076933107,-0.011985447,-0.951675244,2.108415181,1.19608196,-1.118694473,0
-0.233961214,0.157390981,0.112919027,0.363728586,-0.33891616,0.427899541,0.038488538,-0.245857486,-0.142091498,-0.345310874,0.365425703,-0.404135578,0.738312094,-0.682121051,0.144734405,-0.850197233,-0.458006638,-0.766633718,0.607025601,0.107911993,0.341468161,0.211881538,-0.013288954,0.925960731,-0.39116399,-0.55001627,0.449520059,0.092161067,-0.660339348,1
1.601753202,-0.594381009,0.304837866,-0.502698289,0.111771515,0.476630598,0.274611353,-0.131491165,1.090086044,0.578468558,-0.08265116,2.289986498,0.974041588,0.695125875,-0.149887407,0.717393941,0.199727401,0.475205026,-0.04988226,-0.208786214,-0.14288153,-0.272384707,0.341088607,1.615086831,-0.767925011,-1.750980256,-0.210063765,-0.159014697,-0.623266454,0
-2.380681907,3.565595164,-2.147366319,2.042432371,-2.657214847,2.056420271,-3.682179819,-4.203534027,-3.16658922,-2.832223699,0.734187621,-1.439281463,-1.973670249,0.128656193,-3.254333913,-1.381850445,-1.752242829,-1.902106874,-1.35930762,5.757925466,-7.368804692,6.418563625,3.489340301,0.691047042,-1.963101699,-0.860087471,-3.687136746,-1.027266102,0.738163911,1
-0.041698939,-0.673465912,0.423377485,-0.923386302,1.18919637,-0.799987966,0.510706659,-0.189634881,0.604138071,0.403701495,-1.512373043,0.808578092,0.037062654,0.846732943,-0.93174982,0.477146014,0.251435488,-0.120374796,-0.854578511,-0.155974708,-0.089458839,-0.192784961,0.580757022,-0.145693985,-2.821587781,-0.453681049,0.024139567,0.723606093,-1.631530395,0
0.104275383,0.747375125,-0.891342089,1.335954029,0.556139457,-1.417965597,-0.169865195,-0.042779294,-0.973795564,-0.995842658,1.700288407,-1.383865966,-0.162471212,-1.443089226,-1.359066031,-0.499861339,-0.246796822,0.424579425,-1.425030154,0.46309791,0.098942446,-0.528756143,-0.624100051,-0.535387003,2.611373149,1.115711057,0.921400695,1.260800892,-1.602026406,1
0.248059205,0.654466156,-0.81199001,1.298861428,0.711921509,-1.099923106,0.047498212,-0.017406765,-1.136912501,-0.639100238,1.049754015,-0.956301062,-2.193649203,-1.380203481,0.629114723,-0.089637857,0.497574501,0.997033849,-0.937412578,0.259408583,0.050895335,-0.39938945,-0.282639562,-0.766725634,0.577432078,1.092266633,0.470187953,0.694915448,-0.154640276,1
0.650026735,0.256732733,-0.675449273,0.637864852,0.265107627,-0.316623407,-0.045666304,0.028342685,-0.359762942,-0.339091266,0.766834642,-0.376166896,-0.141133116,-0.817958096,0.159269318,-0.523759884,0.077028812,0.503050647,1.612981537,0.200986034,0.051334704,0.078376884,0.153404167,0.828570684,-0.795801651,-0.618338234,0.130043292,-0.208786477,1.727628415,1
0.805067291,-0.669997414,1.213488889,-0.493008582,-0.021680814,0.982132802,0.148614836,-0.056036661,2.296625552,0.317862915,0.352797065,0.018207763,1.048007045,1.628138592,-1.20344167,0.196426175,0.939284525,-0.076189528,-0.377353715,-0.247964283,-0.203954999,-0.339941426,0.06953606,-0.460912405,-0.254045215,1.879823426,-0.289723079,-0.099136301,1.421618089,0
-1.950643922,1.945987834,-2.155335778,2.342714301,-1.774295906,-1.130238482,-2.15554548,0.276464715,-1.911625783,-1.889908013,2.095636743,-1.68833952,0.978785353,-1.622769206,-0.466300408,-1.468398701,-1.345233818,-1.427409534,0.275838616,0.818544959,-1.125952058,0.913567821,1.312178663,-1.710075296,-0.041791799,1.392324171,2.989447632,-3.578770332,-0.167262342,1
-0.239822431,0.001749378,-0.148584427,0.38427143,-0.308930164,0.249483805,0.09121256,0.057208371,-0.547202414,-0.321283265,0.560938281,-0.487141129,-0.480531808,-0.398267486,1.271712618,-0.528820464,-0.480900435,-0.042076756,1.419076577,0.801676558,0.128451019,-0.16311617,0.579667164,-0.454209308,-0.33857636,-0.615410665,0.250187717,0.44629073,1.422076154,1
-0.096435393,-0.277719182,1.279713982,-0.741091848,0.117180132,0.308775171,0.320394341,-0.005733313,0.587327744,0.283311597,-0.385723309,1.251637319,-0.23945154,0.904026451,-0.436771605,0.551676743,0.313914504,1.158540194,0.116108104,-0.314303457,0.073923509,1.218345796,-0.26683577,0.258400369,-0.591283883,-0.333669218,-0.136040294,0.063278011,1.69977895,0
-0.040022283,-0.03146638,-0.433457291,0.07709611,0.188653632,-0.942862106,-0.082637762,-0.03101848,0.120848577,-0.5119561,0.797368946,-0.756003196,0.709562221,-0.381835694,-0.448236606,-0.663321438,-0.353744257,-0.203160718,0.261676758,0.24776278,0.17494094,0.641775934,-0.254054561,-0.003344943,0.561611562,0.118536805,0.316393217,0.098756915,0.022031081,1
0.943739099,-0.060841278,-0.008323756,0.140887145,0.641441899,-0.118314835,0.549064694,-0.161908795,0.554738193,-0.074338,-0.132007731,0.386479784,-0.356712787,-0.604888195,0.428921214,1.127997364,2.640676167,1.314942533,-1.218722828,-0.225070066,-0.258160509,-0.728670492,-0.159298734,-0.558456254,1.041446711,-0.737421527,-0.12037678,0.197566496,-1.071831711,1
0.098218382,-0.200684135,1.756095859,-0.222372413,0.329666037,0.59109634,0.665521473,-0.142159193,0.273337784,0.633947683,0.013415099,0.800764918,-1.192937397,0.880832862,-0.097940313,0.120222882,0.46938481,0.234599209,0.237571482,-0.20399964,-0.124985857,0.052419632,-0.056987492,0.411732134,-1.044597852,-1.318412358,-0.20149828,-0.264451299,-0.861676838,0
1.024726555,-0.355724521,0.563766438,-0.406316794,0.181587914,0.137125424,0.409937222,-0.154234252,0.414725348,0.556466953,0.003351395,1.062105493,-0.180675201,0.690169789,0.498124065,1.065777942,0.332578115,0.574897144,-0.0270011,-0.255099909,-0.211467223,-0.753726788,0.058969432,-0.066408368,0.271082721,0.237868895,-0.2715149,-0.061625855,0.484037718,0
0.860124433,-0.71025319,1.023767921,-0.564438347,-0.120847215,0.547935936,0.21387806,-0.09505476,1.257170394,0.47976308,-0.350474258,1.188787866,-0.833016125,0.604467439,-0.934194701,0.610301251,0.384637469,0.37267097,0.49069276,-0.108309652,-0.170936799,-0.462337373,-0.059618788,0.138691726,0.066525621,1.879077488,-0.303488995,-0.069327717,0.663064423,0
-0.213701043,-0.620032557,1.764046374,-2.108823677,0.286223835,0.265757823,0.353026096,-0.081548318,-0.015817127,0.571069585,-0.41138765,0.283494341,-0.685182184,0.569866944,-0.945186851,2.010042362,0.325188022,-0.112371851,0.132568345,0.2108307,-0.107248894,-0.338938153,-0.136754973,-0.893300699,0.68225907,-1.014000632,0.032925138,0.17353589,0.102659134,0
-1.687874704,1.516354233,-1.974425832,1.480521011,-2.037072117,-3.001081045,-1.816948568,2.188077033,-1.294091097,-2.186764314,1.7151531,-1.812334262,0.622989056,-1.601279874,-0.853905766,-1.792273496,-1.751832698,-1.689285504,1.029992581,-1.535682357,0.957405601,0.48030357,-0.764238657,0.885937835,-0.19005742,-0.030495665,-2.164990435,-1.74759355,-1.185657172,1
0.913400411,-0.419802585,0.524028365,-0.222644525,0.194006686,0.21293766,0.48477458,-0.164530812,0.382918071,0.672487323,-0.131619792,1.017917077,-0.418114034,1.139014381,0.30006125,0.717232533,0.220822314,0.703426434,-0.1917872,-0.187395982,-0.068076324,0.057721956,-0.226785282,0.049048512,1.031603176,-0.791269918,-0.243587535,-0.059959093,0.426002224,0
-0.239596728,-0.053188694,0.410489698,-0.51681622,-0.068906551,-0.059328438,0.34811403,-0.303887077,0.386512483,-0.016054458,0.376945056,-0.328834443,-1.433755772,-0.426038156,0.53399314,0.1487866,-0.215569383,0.239098416,-0.698909725,-0.119868329,0.154766075,-0.12446415,-0.06482649,0.660946721,-0.348565235,0.702105511,-0.381451824,-0.675444442,-0.499977695,1
-0.413129354,-0.381472786,1.340912316,-0.413431439,0.682616568,-0.240879091,0.739087292,-0.272067637,1.032684391,0.417789723,-0.195059267,-0.154484763,2.760338069,1.669699605,-0.30750099,0.079574809,0.798742597,-0.06360583,0.61112494,-0.72204623,-0.325403445,-0.634519582,0.492105156,0.721882292,0.709007679,0.940285498,-0.69931471,0.411840871,-0.640053007,0
-0.362376623,-0.366313293,0.047676145,-0.554000552,-0.072678908,0.206623972,0.074792361,-0.134787419,0.327720411,0.043738679,0.036392861,-0.26165615,0.370419954,-0.496449355,0.070981009,-0.010293419,-0.235378439,-0.445537062,0.113553536,-0.363089163,-0.021123394,0.080482051,-0.250546332,-0.806142095,0.23327986,0.986870801,-1.14143742,1.016607627,-0.386949874,1
-0.029518456,-2.055899041,0.088667187,-0.4455155,-0.37169592,0.026929559,0.835230262,-0.253010429,0.145954133,0.686981198,-1.389097402,0.146523275,-1.503032375,1.102766478,0.28568289,-0.210409067,0.603865817,1.165334472,-0.914336919,1.261681893,-0.043887984,-1.215259395,-0.882456057,0.922020182,-0.095183463,1.964024358,-0.534705604,0.316985452,0.120549667,0
-1.478024363,1.503962625,-1.491920014,0.759263643,-1.492429141,-1.786590681,-1.157815698,1.803597124,-0.612890279,-0.875300234,0.487524066,-0.918596221,-0.429452403,-0.903752423,1.055279374,-0.8296477,-0.808834589,-0.793383184,0.224257914,0.671187232,0.255372588,-0.830945612,-0.213007488,-0.02811046,0.893445647,-0.618635306,1.288761148,0.431593572,-0.22735985,1
-0.448983386,0.420056546,-0.357512435,0.412540125,0.034986217,-0.354199663,-0.151290262,0.101513342,-0.677422234,-0.55561466,0.258256877,-0.815162167,-0.712233082,-0.873475591,-0.057577809,-0.475648789,-0.602812979,-0.323164917,-0.023846656,0.100686218,0.098592982,-0.320763391,-0.365085684,-1.059945073,0.314787789,0.420309595,0.019991404,0.499132072,-1.403223445,1
0.932293397,-0.631910558,-0.25468129,-0.152459201,0.073416666,-0.223411963,0.50393316,-0.194287618,0.933100817,-0.000203345,-0.39247266,0.528657307,0.757580249,-0.224697318,1.163365873,0.378458244,0.744476429,0.847161218,-0.230769559,0.5187405,0.004054904,0.038967361,-0.016313166,-0.051650049,-0.344505717,-1.15424318,-0.19765549,0.0304761,-0.950331861,1
0.230687564,-0.648541933,0.790122669,-1.853302363,-0.277041821,0.236515896,0.175849101,-0.080836724,-0.405787875,0.956477781,-1.543520589,0.371411371,1.661344262,0.398224493,-0.276253415,0.235898344,0.643409577,0.652085052,-0.442977373,-0.433944608,0.01782774,1.210332017,0.167228912,0.076720309,-1.288162873,-0.018061364,-0.174749265,0.046412174,0.804503815,0
0.224341607,0.166398722,-0.266599631,0.557236406,0.052088513,-0.221964487,-0.10359294,-0.003385251,-0.57079561,-0.309959594,0.729792252,-0.593015996,-0.945353748,-0.711635246,-0.003019088,-0.246637134,-0.486562775,-0.044120018,-0.184336241,0.148976584,0.035292479,-0.439486052,-0.191108742,-0.515968805,0.925291682,0.010564897,0.422832315,0.633397677,-1.258388306,1
0.373403327,0.030608846,-0.215384649,0.49511486,-0.039459137,0.023067277,-0.175798444,0.005260036,-0.367179583,-0.2738313,0.512931885,-0.652391679,-1.203669762,-0.661632307,0.507765771,-0.224966172,-0.557884442,-0.061198563,-0.368929864,0.170087799,0.090342358,-0.074566672,-0.289626766,-0.935895973,1.114122638,0.688150987,0.461677324,0.637554218,-0.334525311,1
-0.56673764,-0.219003388,0.058763387,-0.007035406,-0.096778838,0.416786401,0.079674435,-0.243065787,0.442632158,-0.011645906,0.217302473,-0.529482494,0.735673669,-0.772652445,1.781075668,-0.635080781,-0.478262917,-0.588700921,0.957004613,-0.342968928,0.028879457,0.522789297,0.154459217,-0.710619948,-0.406822232,2.129648565,-1.431466921,1.783736316,0.227284517,1
-0.750316434,0.159841899,-0.600583255,0.135816231,0.0990368,-0.735412541,-0.374501784,0.139202468,-0.426266702,-0.63133315,0.808413101,-0.643226538,0.85936153,-0.993482095,-1.166404923,-0.87081574,-0.77894449,-0.538828156,1.111298256,0.280071345,0.230794632,0.580148384,-0.332258113,-0.724476524,-0.302335176,1.038194311,-0.429052166,0.311052051,-0.255203536,1
1.134252955,-0.166091191,0.473060791,0.486139745,0.416087975,0.36581571,0.440857676,-0.180191638,1.032871453,0.529353787,-0.596183675,-0.36093578,1.735123036,0.716030262,-1.313870252,1.13520129,0.963110497,0.587500331,-1.179205448,-0.359892414,-0.278150577,-0.777424945,-0.015684708,-0.527832012,0.546789902,-0.233258135,-0.25367203,-0.038047941,-0.480419634,1
1.007402676,-0.745697168,0.28550745,0.620960849,0.199203362,1.088146879,0.370379476,-0.093181579,0.109733743,1.385664141,-0.560990418,0.669781987,-0.023599289,0.821151165,-0.688689221,2.12374536,0.055697189,1.024445546,-1.655253102,0.289225337,0.059933568,0.317783256,-0.135646502,0.688197482,-0.683583555,-0.143796118,-0.312484858,-0.049728494,1.499889349,0
-0.562667234,0.946247843,-1.30025009,1.322260513,-1.110534766,-0.94034711,-1.481573908,0.857937521,-0.9966169,-1.709695195,2.255754739,-1.817614257,0.803846156,-1.681925805,0.952301328,-1.987204066,-1.940905677,-1.908930195,2.165774255,1.021512779,0.635968212,0.294147583,0.799998764,-1.294141037,-2.587024715,1.044918044,1.88092296,1.334586205,1.22663137,1
-0.000381364,-0.070534263,0.196516515,-1.189564057,0.612867095,0.429936586,0.637282859,-0.051210436,0.346069416,0.527394255,-0.944198839,1.27377688,0.783843622,0.93110115,-1.119717668,0.886338742,0.157861144,0.424398825,0.349874563,-0.095099973,-0.218960486,-0.664515433,-0.08401517,-2.191915509,-0.479610673,0.479576668,0.040478507,0.05249341,0.421427357,0
1.814443907,-0.268907092,-0.244918771,-0.085326673,0.831099295,0.050912063,0.676672677,-0.218986026,0.595407173,0.456753172,-1.316155924,0.521402851,-0.178708065,0.275888499,-0.352995475,0.40891181,0.764933685,0.442553125,-0.439703535,-0.397907224,-0.133552318,-0.030177914,-0.065789486,0.316150588,0.823895528,-1.220126281,-0.238340309,-0.168381215,0.211094749,0
-1.076025185,0.602745379,-0.828829926,0.095750864,-0.428937964,-0.731204896,-0.432517619,-0.049599862,-0.11496919,-0.662200978,0.766142091,-0.961087635,0.326741498,-1.139742556,0.811965301,-0.831563787,-0.829248578,-0.742374964,-0.021310765,-1.137260592,0.499907255,0.023087704,0.303529415,1.674680219,-0.058311404,0.195476095,-1.953330465,3.259189833,-0.663518346,1
1.830103526,-0.759586895,-0.080234619,-0.955686454,0.207024211,0.282587946,0.347076023,-0.173719395,0.128824347,1.153525922,-0.564064958,0.536073078,-0.966097335,1.125886683,-0.746265859,-0.135486732,0.342308668,1.46681041,-0.324958821,-0.738527462,-0.3074536,-0.957878407,0.225642047,0.503441314,-0.454463562,0.975784676,-0.344767931,-0.260805852,0.401955995,0
0.136736596,0.057917048,0.118314082,0.734935457,-0.200669865,0.313694939,-0.241886488,-0.013933272,-0.182703914,-0.306486162,0.548567963,-0.397734582,0.069190209,-0.83991476,-1.68766282,-0.485068144,-0.443723862,-0.307613723,-0.031594178,0.191154602,0.132348979,0.132438336,-0.232330109,0.679055047,0.81458867,0.488921435,0.560176813,0.625424473,1.348028625,1
-0.501858817,-0.014669548,0.25884989,-0.942950276,0.459001531,0.031709723,0.49261062,-0.018932372,0.785154055,0.452300899,-1.488082658,0.190942109,-1.037211835,0.280174606,0.383462611,1.015835711,0.703868622,0.694077602,-0.358990197,-0.568221489,-0.239769428,-0.366487267,0.139012432,0.783218949,1.745835433,1.277386102,-0.484870975,-0.990871111,0.329843321,0
-1.638360001,-5.483327171,-0.17784293,-0.199008664,-0.23557309,-0.269326967,0.275235197,0.194968183,2.841255883,-0.152508886,-1.733402634,2.46239693,0.606807736,0.660140935,-0.474064024,0.71391368,0.837090036,0.006405884,0.135405234,-2.728322396,-0.522404406,-0.00577545,0.163443472,1.125859947,1.727226522,0.381573494,4.596955826,-9.958186404,-0.403401188,0
0.024195153,-0.388694536,0.068960444,-2.861870584,0.061921359,-0.523749563,0.868935911,-0.291726664,0.574158102,0.398769426,-1.107480223,1.450835706,1.674289136,0.745388224,0.74740657,-0.618359974,0.50251973,1.319650818,0.323002089,-1.004120063,-0.164821582,0.441975548,-0.000265724,0.082737259,-0.442073345,-2.133544386,-0.764738629,-0.681774307,0.418950629,0
1.161008993,0.006057612,-0.179096852,0.407784255,0.867187899,-0.146266384,0.635486394,-0.163738069,0.058767535,0.108548728,0.471981631,0.55722473,-0.601493671,-0.586299346,-0.782258647,1.761491014,2.4667777,2.061391672,-1.409307848,-0.263930134,-0.204605752,-0.496684436,-0.138781453,-0.458071068,0.784101918,-0.338433623,-0.175311414,0.115006229,-0.254731021,1
-0.356626872,0.27641399,-0.311905166,0.303873163,-0.277446757,0.321741228,-0.035792097,0.00258312,-0.141137128,-0.567888862,0.495403057,-0.396084396,0.306206152,-0.872507547,-1.119793834,-0.619509349,-0.287108583,-0.267413784,0.101797597,-0.039667922,0.266122614,0.516872284,-0.031107083,0.88353334,-0.293756412,-0.790307659,0.481035232,0.203038012,1.112264035,1
1.626597125,-0.078328594,-0.144095479,0.688083671,0.949868818,0.45747856,0.579811206,-0.156203222,-0.193844913,0.771349762,-0.086218553,0.752224058,0.473383756,-0.184591449,-1.64857745,2.02054749,0.968052681,1.2629113,-1.493273146,-0.312323357,-0.165355867,-0.328055317,0.03220185,-0.541385333,0.103893635,-0.071913236,-0.244601875,-0.092375522,-1.625915129,1
-1.698397842,1.458565575,-1.840687004,2.124599846,-2.053855766,-1.943155541,-1.910010911,2.309227592,-1.655533835,-1.924315532,1.452811332,-1.81798021,0.746530525,-1.438342452,-2.299895793,-1.741742299,-1.942995088,-1.997089163,0.302846423,-1.648533063,0.904077154,-0.282184093,-0.433438649,1.109677496,-1.246480402,-0.382903777,-2.331350837,-1.834041784,0.017782784,1
-0.656405031,0.135397168,0.907884163,-0.358548764,-0.112490978,0.672154345,0.587905134,-0.081718932,2.375870095,2.432521038,-1.009561319,0.410270857,-0.981923379,0.283526982,0.920451448,0.026150288,0.512379073,0.155974018,-0.238721868,0.810424038,-0.245316966,0.653965605,-0.148179502,0.173543629,0.420851408,-0.460922394,0.329433115,-0.022119441,-1.243318411,0
0.95850634,-0.378484212,0.665247102,-0.18950641,0.100242379,0.006450276,0.451015879,-0.161440445,0.418963543,0.690919992,0.021711895,0.884508573,-1.161956321,1.251176954,0.327318621,0.621186615,0.280157239,0.616401802,-0.348436093,-0.348388645,-0.068686459,0.126006005,-0.111371772,1.107725862,0.903390582,-0.857695453,-0.23698205,-0.070559449,-0.678284791,0
0.231754527,-0.016621597,-0.673086185,0.295096879,-0.039718978,0.325584407,-0.406984418,0.105222059,0.07467322,-0.703475742,0.63473434,-0.899665426,-1.037109811,-0.933651678,0.781142984,-1.1349073,-0.745253811,-1.234179795,-0.204430277,0.137827584,0.138955631,0.01904346,0.137903382,-0.951343465,-0.015041606,-0.337715132,0.554959632,0.849622629,1.687697313,1
0.280668161,-0.172199952,0.175432915,-1.086330826,0.88546438,0.460070378,0.720085408,-0.113419528,0.464629886,0.361544747,-0.630712815,0.390047034,-1.137273012,0.418207692,-0.796403488,1.124711013,0.39251466,0.891058865,0.137986716,-0.179795315,-0.25317415,-0.905651898,-0.039471798,-0.74126649,-0.671196256,0.363201019,0.010431208,0.050470931,-0.241987575,0
-0.314345962,0.40328166,-0.590538688,0.893030721,-0.621643099,0.442244257,-0.630712852,-0.266164948,-0.495598548,-0.558777037,0.847987022,-0.881317613,-1.586754153,-0.843370843,0.556151099,-1.152249373,-0.875502917,-1.087251985,1.157466789,0.299531542,0.237953028,0.149657478,0.799443773,-0.12059294,-2.013498271,-0.332839799,0.579311897,0.159992971,0.048276597,1
0.139083024,-0.081869489,1.48609629,0.122490677,0.349168135,0.293270165,0.533708281,-0.14841508,0.853329901,0.47698193,-0.272490865,-0.444943534,0.90259535,1.411377236,-0.390005487,1.121806933,0.667088179,0.467917958,-2.458971921,-0.499551936,-0.082885012,0.238672757,-0.083270659,0.562947697,-0.38421272,-0.254981476,-0.33361393,0.011179028,-0.097895166,1
-0.116807928,-0.485431192,1.372302718,-1.125228181,0.840048467,1.503611185,0.428634843,-0.004574178,0.952239928,0.36932412,-0.958717961,0.379689323,-1.005328867,0.575677118,1.499464523,-0.009809275,0.640378511,-0.45305802,-1.904210206,-0.058573072,0.01150151,1.139173025,-0.085475432,-1.236231963,-0.688093403,1.467062647,0.019444063,-0.175427616,0.474038325,0
-0.7068836,0.587612965,-0.694116779,0.054369971,-0.379396953,-0.709374989,0.105872973,0.55424576,0.160738763,0.291049951,0.166877129,1.606258622,-0.051764214,0.13526522,0.300597179,2.183523695,2.424706488,2.406542997,-0.586038818,-0.191187074,-0.119591962,-0.317584933,0.363345122,0.402229027,-0.212083853,-0.956790769,-0.082709715,-0.689977508,-0.612265677,0
-1.706172663,2.605520601,-1.206877681,0.504437798,-0.951615117,3.222381817,-2.306932261,-6.029695999,0.273115441,-0.700372881,0.991239146,-0.708464989,-1.892818778,-1.183637183,-0.288478921,-1.231559796,-0.723495519,-0.991872219,-0.169494249,-4.118386154,8.084852631,-6.450657575,6.359710144,-1.075428962,0.350308278,-0.240527356,1.533694826,2.15756577,-1.637109537,1
-0.696399053,-0.328776566,-0.296525912,0.68270177,-0.472839736,0.224960958,-0.150986719,0.097540711,-0.679358641,-0.5747574,1.04276444,-0.859983519,-0.937617957,-0.830611196,1.084702774,-0.860642396,-0.94753937,-0.646310127,0.560517266,0.687850089,0.234701464,0.486997171,1.005999087,-0.001244107,-0.032819494,-0.108972608,0.961446953,-0.455501112,-0.233037251,1
-0.309893202,-0.472701427,0.055044185,0.243683075,-0.285353134,1.690100076,3.050893713,-0.45058581,-0.196708578,0.822029147,0.079439626,0.01718232,0.051802935,0.015402999,-1.053585685,0.565709973,-0.183078449,-0.056953172,-0.56003064,-1.187882697,-0.3824312,-0.275183153,0.596938002,0.405665546,0.026572748,-0.266019699,-0.509416719,-2.984507706,0.593698692,1
-0.354929119,0.244829373,0.05794828,-1.201106316,0.545530814,-0.05814058,0.884713244,-0.202870704,1.880445383,1.797156897,-0.99639182,0.36870075,-0.415601449,0.038172678,-0.044979707,0.526870813,0.487079381,0.136289499,-0.580091765,0.910505716,-0.4025013,-0.908928502,0.102747164,0.910084562,-0.180033766,0.183653351,0.30068871,-0.38596477,-0.164291424,0
-1.964161919,2.082626234,-1.932018762,1.483343504,-2.301992673,-0.782159149,-2.552030479,-0.594301944,-2.085541494,-2.434442366,1.26001669,-1.572734352,0.107414869,-1.089851414,-1.478638679,-1.713400681,-1.899935212,-1.991929221,0.900244764,1.055404348,-1.430923199,1.358192999,1.026549571,0.920995365,-1.589500053,-1.664452997,-2.659349254,-1.711008216,0.712359119,1
-0.468304057,0.205281868,1.237732418,-0.337775218,0.11626216,0.503160946,0.622017417,-0.087146911,1.657314159,1.548142265,-1.837245206,0.351354845,-1.520928096,0.436943857,-0.618587348,0.011660547,0.555902683,0.021690004,0.73815543,0.738952521,-0.444891553,-1.366121761,-0.143686677,-0.404209174,1.146154579,-1.903392752,1.252326554,1.330077098,-0.733839222,0
0.835866696,-0.016386047,0.030997534,0.2730168,0.704493709,-0.001353595,0.562938257,-0.168120134,0.370442384,-0.008296509,-0.119393024,0.58755977,0.557622506,-0.625870894,0.22117458,1.052022751,2.591772166,1.264138847,-1.019720276,-0.139251742,-0.235815508,-0.564945273,-0.172750919,-0.257341643,0.879089289,-0.480492363,-0.155755976,0.182662158,-0.692692876,1
-0.255854233,0.107719061,0.026876502,-0.034548739,0.156804164,-0.307995151,-0.008594136,0.005057514,-0.313749707,-0.427261364,0.432407779,-0.571751544,-1.29647877,-0.588870166,-0.518702182,-0.295417215,-0.563483411,-0.101176997,-0.539804674,0.055089081,0.078042162,-0.106182573,-0.273066859,-0.439701989,0.453977393,-0.982972279,0.356317643,0.454154214,0.938209571,1
0.203876681,0.49355331,-0.435134954,0.79513601,2.106844684,-0.789289282,0.628667775,-0.65178476,-0.790492572,-0.195678632,0.358016513,-0.230797376,-2.326341452,-0.880469558,-1.45E-05,3.125484591,4.539866582,3.003535219,-3.573388471,0.221949633,-0.58647165,-0.207692219,-1.232751597,-0.491727876,2.076991177,0.998454191,-0.111430286,0.796262794,-0.344935083,1
1.141647282,-0.822643783,0.856754452,-1.458703286,-0.196190655,0.301266245,0.126911034,-0.151408565,-0.563272252,1.420995624,0.227434009,0.989457722,1.345713807,0.578767985,0.067692502,0.217786454,0.632402434,0.096568927,-0.487152635,-0.434110747,-0.243366005,-0.607778408,0.211205161,0.391274532,-0.064604028,-1.197882288,-0.178725301,-0.048114053,0.733386744,0
-1.529847692,1.331459244,-1.791812843,1.709990614,-1.838822831,-1.992320239,-1.751307188,1.300077323,-1.451470143,-2.095578919,1.884317415,-1.848414034,0.562430518,-1.638117571,0.568882119,-1.917360664,-1.766773848,-1.708783842,2.436407331,-0.888401691,0.606041956,0.806071378,-0.720431298,0.613266996,-0.003430829,0.98865413,-1.186298652,-1.858987543,0.442618267,1
-0.205039403,-0.364332695,2.008030932,-0.235241494,0.535245837,0.084202954,0.466861084,-0.204870215,0.099456829,0.860963263,0.133421112,0.972656293,0.176887303,0.820648182,1.509355108,0.283938277,0.403504689,0.521113905,1.413813687,-0.066230614,-0.193385733,-0.452218416,-0.312432687,0.767718297,-0.383548203,0.697683514,-0.571177683,-0.301022103,-1.539213745,0
-0.456948214,0.462466723,-0.734794112,0.89339053,-0.603133394,0.545926594,-0.676038514,-0.520112258,-0.143620824,-0.244344257,0.862628179,-0.678057354,-1.760174263,-0.746904995,0.46383669,-0.818111462,-0.591244926,-0.508860083,1.290128549,0.046024201,0.335547493,-0.130378858,1.161149475,0.103412801,-2.334480488,-0.629121621,0.261825071,0.902006358,0.828519698,1
1.780886697,-0.530373137,0.209014905,-0.54273927,0.239739326,0.523652494,0.286862039,-0.15386471,1.315581528,0.516707161,-1.604025784,1.275760879,1.341153015,0.556860903,0.705476612,0.72046052,0.193390317,0.279691097,-0.050959996,-0.273531866,-0.193278881,-0.458070213,0.295707413,0.164580704,-0.53582706,-1.56344835,-0.196404025,-0.16923959,1.403075862,0
-0.203223841,-1.02539776,-0.319993294,0.051854046,0.241797974,0.199114843,1.896155482,-0.37677307,0.351297772,0.583816152,-1.422138209,0.396600497,0.107951805,0.602688624,-0.017705146,0.388226347,0.466194179,0.414636947,-0.156929488,-0.928651195,-0.064641561,0.992570551,-0.242996799,-0.558086264,-1.35803897,-0.732660094,0.340908349,0.630367833,-1.355467673,1
-1.700506856,1.327113376,-1.489376079,1.681876778,-1.934378331,-1.472525627,-1.848938561,2.106656835,-2.291885304,-1.94114818,1.369653446,-1.572877078,1.547526993,-1.456056386,0.98672017,-1.855920225,-2.1624615,-2.132698258,2.112167382,-0.864365333,0.86923778,-0.176493002,-0.757830378,1.288493743,0.243047409,0.374859623,-1.10649134,-1.42718394,1.345900142,1
-0.928916165,0.789405189,-1.15234052,1.169895743,-1.151971905,-2.024285198,-1.415790708,0.694658361,-1.665051184,-1.916473954,1.882713882,-1.719303315,0.423359431,-1.908608168,2.001753602,-2.055393354,-2.189989891,-2.093280082,2.536406819,1.113583522,0.632022784,-0.193817519,-0.062728072,0.773620514,0.319747127,0.712551564,2.638826505,1.203777932,0.105445092,1
-0.371574511,0.168973265,-0.078139233,0.423297373,-0.022554111,-0.294287114,-0.174067692,0.138439654,-0.59154196,-0.29900243,0.613795819,-0.483004592,-0.902840727,-0.474262787,0.493158384,-0.309975857,-0.407163265,0.095326044,0.494837575,0.016449577,0.116225783,0.039062521,-0.280931442,0.149864088,-0.063669318,-0.125887927,0.16424256,0.023140718,-1.058124451,1
-0.062239439,-0.304402277,0.263707782,-0.810262789,0.538993387,0.892956403,0.082822805,-0.658807107,-0.458501813,0.67974255,-0.297287737,0.183283641,-0.347035662,0.587718556,0.916873752,1.084819622,1.030169009,0.200974256,1.643389595,0.663007443,-0.515737408,1.076546185,-0.172440545,-2.183874454,-0.079784241,0.494864263,-0.301362792,0.26864343,1.539440417,1
1.515278771,-0.741667577,0.179317047,-0.577472539,0.119572482,0.591302717,0.273337439,-0.114322714,1.091576664,0.654331679,-0.383603347,1.043082408,-0.459434357,0.853157246,-0.069047277,1.081783732,0.189737755,0.511339347,0.123022034,-0.103882635,-0.178628384,-0.736984986,0.303077875,0.542886084,-1.125962311,0.448803,-0.321690882,-0.17917374,0.25184372,0
-0.09222981,-0.056642774,1.152182658,-0.536805125,0.076829498,-0.064020547,0.506676786,-0.028213257,0.26421244,0.320724012,-0.537603152,0.417173364,-1.194900735,0.820277533,1.453508264,0.540220426,0.714149875,-0.007651538,-0.791902134,-0.281693994,-0.173191871,-0.567584938,0.145082137,1.104984355,-0.597118878,0.18459507,-0.089062721,-0.014278486,-1.552332891,0
-0.187774819,0.083933044,-0.533979739,-0.300732483,0.356296499,-0.914823008,0.049128641,-0.057798928,-0.402031868,-0.438504313,0.483411275,-0.642160794,1.230391337,-0.552188484,-1.008177822,-0.768703175,-0.222365756,0.137485398,-0.172550295,-0.104416962,0.052785098,0.035983092,-0.341366855,0.331226431,0.750130402,0.750211034,-0.130394836,-0.01916851,1.020927094,1
-0.184022826,0.222533365,-0.244121447,0.226282388,0.344744577,-0.248987115,0.036012559,0.092743469,-0.21744584,-0.570620404,0.703677577,-0.424563444,-1.802590694,-0.905235459,-1.039546216,0.054851526,0.263653776,0.596631015,-1.058228839,-0.088609587,-0.035236668,-0.534590652,-0.198537257,-0.76918214,0.126121506,-0.984688421,0.242222779,0.376285738,1.195521987,1
-0.156064556,-0.837850746,0.754359538,-0.593478478,-0.216876924,0.85022241,1.345514997,-0.18786989,0.578451984,0.324665829,-0.325804662,0.341407724,-1.522070576,0.97711767,1.467415998,0.241259041,0.444206308,0.609885574,0.245693701,0.604648282,0.055226497,0.609381243,0.803337641,-0.161403982,-0.067388642,0.56484296,-0.414565801,-0.478503676,-1.021802956,1
1.718995209,-0.591775498,0.248013654,-0.559562894,0.154764661,0.625421332,0.21500748,-0.092348631,1.330032071,0.607619079,-0.377807799,1.0438292,-0.822029386,0.890963256,0.153172586,0.828579873,0.201124152,0.678803849,0.046076603,-0.427896623,-0.172604472,-0.427495974,0.362726866,0.468571143,-0.771146109,-1.630761483,-0.209901659,-0.201271694,-0.274468262,0
-0.003382712,-0.425944688,0.865908847,-1.89763912,0.42866233,0.299540584,0.540437616,-0.147264945,-0.264512179,0.766319659,-0.478043444,0.447601191,0.778316635,0.599608257,-0.780955896,1.955305657,0.239319065,0.041071777,0.304128095,0.208351799,0.014343569,0.675948383,-0.269376273,-1.324586453,0.081386389,-0.638465799,0.170675063,0.352405541,0.463335218,0
0.369545919,0.625939323,-0.740336418,1.179687648,1.017679206,-1.220258578,0.203382816,-0.138249031,-0.717428583,-0.685256066,1.441982696,-1.118941433,0.385492866,-1.203892308,-1.312649168,0.18825453,0.756520115,1.586125855,-1.947859305,0.220007674,-0.022684029,-0.504928979,-0.595221344,-0.428757896,2.472199178,1.058044914,0.414825278,0.87127119,-0.193283884,1
-0.727881874,0.77992194,-0.570433161,1.061377382,-0.778879433,-0.267676953,-0.888019047,0.543392752,-1.504881224,-0.964987005,0.73218902,-1.154487693,1.731371115,-1.01270551,0.826738875,-1.445823554,-1.582433107,-1.518602887,1.786550413,0.629392791,0.488409255,0.569557588,-0.128482878,0.029842485,-0.126195198,0.694230957,0.719510209,1.182193823,-1.279160166,1
-0.245289444,0.439171409,-0.823474386,0.619099228,0.139012869,-0.632856593,-0.329377662,0.152703422,-0.590424201,-0.687452036,0.653730712,-1.034799398,-0.079011338,-0.800165383,0.486551866,-1.025981337,-0.544116048,-0.329587066,2.178878769,0.319966628,0.260770864,0.675538214,-0.264535257,0.055732254,-1.107639796,0.901968836,0.544213178,0.726770839,0.474396685,1
-0.048111666,-0.482014465,1.468012116,-0.802775087,0.331563193,0.096205179,0.421866692,-0.162860206,-0.594951717,0.971324192,-0.050918429,0.909627801,0.92933396,0.937314792,0.892807001,-0.305061367,0.557891474,1.410842188,1.196092199,-0.094555709,-0.373699989,-1.426637014,0.104218335,0.051486533,-0.482141041,1.824568021,-0.254609961,0.073532771,1.702794663,0
-1.334721172,1.368129209,-1.392345566,0.739063593,-1.344075313,-1.673322235,-1.051208009,1.512997817,-0.641334164,-0.906868652,0.572256325,-0.974283742,-0.611656361,-0.982645009,1.075691928,-0.886513451,-0.855012965,-0.804759027,0.306134265,0.644141493,0.250090804,-0.701257839,0.056169015,-0.062194254,0.752802206,-0.611077664,1.368680807,0.456748421,-0.957689796,1
0.947550756,-0.072282384,-0.024152591,-0.03066113,0.690900771,-0.232609275,0.649881685,-0.174965812,0.118943649,0.115425253,0.567462639,0.784742193,-0.437529504,-0.271025697,0.70134971,1.154821164,1.816285657,1.47630615,-1.105302195,-0.240817971,-0.152475486,-0.276314112,-0.189803946,-0.162845784,1.13068606,-0.69736988,-0.178373512,0.105445771,-1.437189591,0
1.609785528,-0.048094312,-0.11514273,0.729251476,0.800314404,0.169092539,0.563102376,-0.167929665,-0.163428839,0.673271587,-0.084949236,0.502711975,0.167888537,-0.277777727,-1.046309085,2.309349322,1.188821321,1.385636258,-1.928481059,-0.333954962,-0.162067341,-0.342007876,0.109033606,-0.107496342,-0.137718838,-0.167589919,-0.231399834,-0.044652013,0.542250948,1
1.072240642,-0.366699766,0.399165266,-0.486869842,0.336770143,0.420724051,0.402390499,-0.140910948,0.456621513,0.557903908,-0.335592967,0.787932449,-0.132037586,0.674364702,0.586192083,1.298644794,0.251239484,0.808719655,0.231418398,-0.231020298,-0.234296591,-0.888540529,-0.046116019,-1.472644241,0.451211314,0.351416859,-0.273747405,-0.082086764,0.090386758,0
0.39466324,0.63551629,-0.755656394,1.188475377,1.090203752,-1.241235994,0.224802668,-0.158771306,-0.628971765,-0.717800168,1.045427507,-1.187232199,0.662904466,-1.229130184,-0.631150819,0.09562075,0.857041655,1.041967219,-2.241263867,0.217914276,-0.043470491,-0.58952432,-0.604154859,-0.877616909,2.548712604,1.13262655,0.427362897,0.88695804,-1.320076758,1
1.049615541,-0.710270187,0.373351184,-0.917457468,0.061052824,0.319224722,0.351800433,-0.180953748,0.093557862,0.861475388,-1.382334308,0.478482827,0.104474893,0.741998853,0.273670233,-0.31537919,0.587857602,0.575515186,-0.784591932,-0.568326932,-0.27558194,-0.677515928,-0.124887642,-0.69218131,0.581795763,2.236331178,-0.31314214,-0.099056775,-0.918033243,0
-0.150022372,-0.268943231,1.329463822,-0.546024727,0.258482889,1.809362995,0.034230841,-0.576727377,-0.261926607,0.478898751,-0.830051962,1.327559299,1.362035895,0.679362696,1.472140035,-0.584170002,0.972955812,0.219279618,-2.150823914,-0.026111913,-0.604113479,1.470522517,-0.053821004,-2.075406324,-0.920252873,-0.474588044,0.159796874,0.326614624,0.915255762,0
0.121193152,-0.191489093,0.511543613,-0.807633688,1.689394831,2.275029788,0.549294381,-0.003810444,0.208534427,0.652984164,-0.689331426,0.428708293,0.041806236,0.814499018,1.655738984,0.520838603,0.1994413,0.558736172,0.516762303,0.010924281,-0.180985323,-0.545147569,-0.066558759,2.120296025,-0.809069548,-1.688116189,-0.359989611,-0.242709718,0.759727631,0
-0.940264841,0.390354355,-0.518801055,-0.131304256,-0.582731806,-0.15327234,0.021070917,0.687613587,0.340057952,0.810153135,-1.867502936,1.062095601,-0.976653761,3.497175658,1.20189343,0.620052116,1.066590857,0.190996407,-0.436327339,-0.31957269,-0.024986599,0.127526861,-0.187477456,0.204361765,-0.785444832,-0.878237806,0.125063145,-0.195055597,1.481838422,0
0.900639886,-0.304466057,0.923584226,0.244321362,0.257448192,0.738512764,0.395112736,-0.104862343,0.135196402,0.866995032,-0.021553532,1.721497,0.381912205,0.684893407,-1.127489625,0.531429315,0.39837075,-0.044188595,-0.790707191,-0.328564147,-0.166040347,-0.306542684,0.023499884,0.071929095,0.545649604,-0.161478205,-0.21634328,-0.071737391,-1.294945335,1
-0.333902744,-0.046837716,0.864460043,-1.368642938,0.069547877,0.067907154,0.377988235,0.074481027,0.188993966,0.311306704,0.010411289,1.382257526,-0.369031121,1.340852709,-0.149293682,0.847552279,0.38461502,0.112133745,-0.918826103,-0.504821715,-0.049590178,0.078405672,0.131312226,0.540344163,-0.68535837,1.536119929,-0.491401116,-0.058686259,-1.514096772,0
-0.575938461,-0.266398513,-0.038322125,-0.443417981,-0.109684161,0.184865075,0.011881042,-0.12790304,0.425958287,-0.128949128,0.097914513,-0.420773436,0.564240136,-0.679614966,0.329424752,-0.305646998,-0.449413257,-0.58536429,-0.116659744,-0.533176528,0.010655021,0.220435274,-0.265906868,-0.828169143,0.060977288,1.476154307,-1.407574634,1.37185743,-1.116131045,1
1.097248083,-0.696614189,0.586178157,-0.832243291,-0.132473242,-0.132454656,0.269257612,-0.160677172,0.279446135,0.892947704,-0.779006054,-0.088047513,-2.898629994,0.953390271,0.280039793,0.599303634,0.953934033,-0.596977665,0.015053365,-0.329627464,-0.029865221,0.406048317,-0.069775007,1.249541966,0.832968428,-0.124530013,-0.251030354,-0.09684036,0.673607136,0
-0.108375988,-0.149163658,0.539632619,-0.815201628,1.108129447,-0.079251864,0.999616238,-0.231770681,0.006887819,0.385983679,-1.342754034,0.41917538,0.032403344,1.149628001,0.831803247,0.042635976,0.396904119,0.259458964,0.622423892,-0.111726345,-0.059717052,0.196175474,-0.629137468,1.112108815,1.910590856,0.16902167,-0.402447282,0.114352676,-0.333931416,0
-0.71222062,-1.182650321,-0.38869816,-0.099257392,-0.343852628,0.833304163,0.023819721,0.124534959,0.173019199,-0.512806167,0.223929847,-0.375601576,-0.425164503,-0.238865925,0.264935072,-0.796409925,-0.625376403,-0.788306985,0.303381929,0.028369428,0.205682274,0.770980534,-0.552021579,-1.814406357,-0.019636285,-0.243524743,0.940848312,-1.746787023,-1.522651166,1
-0.635337592,0.718171406,-0.549768417,1.053841239,-0.661921596,-0.357302436,-0.796350053,0.413172799,-1.521520881,-0.93955958,0.793936009,-1.165804005,1.601441714,-1.030760299,0.659805868,-1.477980917,-1.592464596,-1.621585616,1.926279921,0.744330516,0.370321817,-0.182822047,0.008651575,-0.049232176,-0.600567582,0.100756186,1.142460782,1.3908043,1.052386167,1
-0.761537227,-1.626486076,0.88550351,-0.185752159,-0.059103364,0.21894261,-0.080265646,0.036672848,0.673460173,1.092852504,-1.679686087,0.628605131,1.276338916,0.251413831,0.141545126,0.57906512,1.155637038,-0.176953899,2.755720242,-1.784851057,-0.291625722,1.447942002,2.854513281,0.300420319,-0.106583109,0.862422408,1.406567458,-1.048713727,-0.388394873,0
0.64802634,0.509685365,-0.785678802,1.090948891,1.063520499,-0.80730106,0.171099972,-0.081529035,-1.007440675,-0.540393302,1.160992455,-0.750078989,-1.462476171,-1.32407149,-0.482147113,0.427946617,0.528701988,1.360253851,-1.976556225,0.164621738,-0.008585629,-0.56039647,-0.326118566,-0.387915577,1.372886672,0.664055522,0.411757824,0.774581213,-1.375707774,1
0.174803924,-0.091135573,0.281329301,-0.822605297,0.183711881,0.319385348,0.370040286,-0.865845832,0.593497292,0.484016768,-1.072196409,1.740670089,1.308311242,0.77187059,-0.509434972,0.497524114,0.350267155,-0.216666107,-0.522398993,-1.040814602,0.891257578,-1.575729461,0.08604662,0.00562071,0.83341876,0.572446446,0.022781059,0.171607532,0.200208126,0
-1.594474209,1.033279301,-1.758057402,1.888057516,-1.856035705,-0.487876313,-1.886074508,0.269302062,-1.547436537,-1.981435239,1.92178665,-1.752605405,0.954919493,-1.438091288,0.462265171,-1.797993525,-1.836540303,-1.816828871,1.862047101,-0.524654866,-0.246373299,1.316090283,0.461278582,-0.308370831,-1.461642469,0.639694775,0.074065184,-3.451770561,-1.138993819,1
-2.42994985,2.953463777,-2.338831026,1.252156925,-2.961152763,-2.684724845,-2.251785942,4.92958193,-1.113823123,-1.238756949,1.063901248,-0.990989943,0.994702061,-0.837137102,-0.120013789,-1.174903206,-1.388478379,-1.435778444,0.492834986,1.442739304,0.562989052,-1.628066958,-1.191424632,0.350626642,3.092899919,-0.510185918,1.737336905,0.885808822,-1.64719852,1
0.930045341,-0.415986371,0.611275995,-0.139902211,0.262232546,0.657115996,0.409909223,-0.112343338,0.565430375,0.620217253,-0.191886534,1.373628699,-0.508076812,0.896289011,-0.788147283,0.243752729,0.413626481,0.120326936,-0.175102829,-0.341090745,-0.132272788,-0.082486597,-0.145251417,-0.505335119,1.025388131,-0.737433028,-0.202019337,-0.092048656,0.057303506,0
-0.76373569,0.441387491,0.033929889,0.486153573,-0.334086142,0.62722905,0.131092834,-0.763283049,2.536774981,0.963953512,0.623514428,-1.032020768,0.868339944,-0.799592071,-0.816914079,-0.624109691,-0.560963343,-0.500165765,-0.668689897,-0.675302285,0.50888413,-0.100982673,0.157940994,0.902176427,-0.846250067,-0.945431721,-2.562456608,-1.532894515,-1.728674788,1
-0.930640164,1.610389545,-1.436515521,1.732978997,-0.573683922,-1.576836921,-1.23285134,0.888973049,-1.916089655,-1.911977313,2.397629998,-1.92939329,-0.125703833,-2.030256707,-1.344074751,-1.735316918,-1.64952015,-1.55684153,-0.708975164,1.127914988,0.577649606,-0.284153675,-0.371326782,-1.92619952,2.324795778,1.291407407,2.139684196,1.92229293,1.037712202,1
-0.017980583,-0.304893387,0.122646204,-2.711817815,1.1990096,1.902596944,0.422950604,0.123782872,0.673147106,0.051020961,-0.716569708,0.850776038,0.055715635,1.208677799,1.852591336,0.346646266,0.305590404,0.556112441,0.86514355,-0.091366203,-0.121185326,-0.402412994,0.047936006,2.261026895,-0.484685872,-0.654474387,-0.233849031,0.117514898,0.095642219,0
0.967625855,-0.307300128,0.447810261,-0.200303948,0.349435029,0.127999851,0.618096766,-0.193991906,0.12848134,0.683947363,-0.009001603,1.766240864,0.754809319,1.082877781,-0.132551386,0.600881746,0.225964515,0.214359235,-0.003892912,-0.178521888,-0.214845299,-0.806395456,-0.025721264,0.005629132,0.799047429,-1.651163092,-0.248711976,-0.066069392,-0.768277883,0
0.287981051,0.614583446,-0.791288334,1.223755432,0.836070526,-1.04254339,0.105207099,-0.040904581,-1.128379433,-0.627746419,1.140666423,-0.918506641,-2.39760828,-1.358800107,0.209967232,-0.006182456,0.535769656,1.031166576,-1.415370093,0.212245924,0.046987041,-0.369931655,-0.406876029,-0.817286541,1.316234731,1.1357089,0.466063975,0.771614221,0.490605239,1
0.90147527,-0.471660794,1.393544444,-0.116806449,-0.086991162,0.476615219,0.232377447,-0.102627202,0.89092776,0.581755641,-0.05588313,1.845259335,0.108508769,0.613322373,-0.618893827,0.60072974,0.310241995,0.568298416,-0.214660924,-0.280739349,-0.101513139,0.130870264,-0.021539397,1.146869326,0.513008628,-1.075969075,-0.15754878,-0.025486609,0.332374959,0
1.08948543,-0.456077245,0.088343703,-0.912333053,1.295375228,2.114096793,0.263155699,0.039034618,0.463235535,0.598387976,-0.623640957,0.664463776,0.118310523,0.961468721,1.499812618,0.932445467,0.185360424,0.27172469,0.002059201,-0.144788853,-0.231926033,-0.963601979,0.081182918,2.203278196,0.529060048,0.26225026,-0.269568499,-0.071869402,-1.351576291,0
-0.187735645,0.071609569,1.157257604,-0.597345313,0.337773529,0.16186602,0.622582943,-0.153020961,1.516748532,0.594622516,-0.066647664,-0.245105367,2.185269071,1.200401025,0.439046923,0.45483366,0.823291125,0.074016451,-0.881408516,0.276454338,-0.299873089,-0.741046582,0.029778412,-0.0376478,-0.228580387,0.185447713,0.456346571,0.604964643,0.892563498,0
1.175897821,-0.791746455,0.237017949,-1.695206448,0.718726982,2.236194984,-0.003583478,0.068496553,0.193011801,0.91855454,-0.653807945,0.233154385,0.439752469,0.543475332,1.564865948,2.132576197,0.305271814,0.067600801,0.277442574,0.0772973,0.027586477,0.687479627,-0.171771215,2.343218213,0.900303959,-0.066791899,-0.192700903,-0.050460751,1.513132765,0
0.96557582,-0.12607686,0.357855311,0.388927892,0.517664872,0.343901488,0.478846461,-0.15897954,0.612484291,0.408010078,-0.22273834,-0.169899307,0.779118405,0.258832988,-0.784712796,1.326717129,1.19427437,0.892142084,-1.137782224,-0.308437506,-0.262797861,-0.797281477,-0.101505687,-0.725655521,0.810035483,-0.100765193,-0.233842155,0.03152612,-1.010930784,1
-0.720654793,0.649806014,-0.517789989,1.115761969,-0.781264099,-0.102235944,-0.927840846,0.522030693,-1.287611963,-0.918257862,0.853571292,-1.194268435,2.002701252,-1.012806933,0.493722909,-1.381801205,-1.590015237,-1.426076041,1.421282761,0.516958268,0.49387914,0.863927515,-0.245265784,0.009255911,-0.59890975,0.622428171,0.745309574,0.706846722,0.068914073,1
1.612873732,-0.365196678,0.51627783,0.617541544,0.247026216,0.914505306,0.240323546,-0.096527735,0.356399198,1.329910839,-1.825183175,0.43355708,0.103928143,0.565214553,-0.54226796,1.451204039,0.18179232,0.379237603,-1.882551408,-0.434425644,-0.017684627,0.655695681,0.159928735,1.254522794,-0.355445186,0.161118163,-0.221316183,-0.16643139,-0.58608663,0
-0.080710414,0.043042711,0.326329895,-0.344439634,0.394474299,0.491710364,0.555470199,-0.004353989,0.206522159,0.934052384,0.076213388,1.258651341,-0.451805237,1.408361795,0.548660178,0.049553947,0.560887541,0.037217664,-0.3118332,-0.053034002,-0.017870877,0.799508907,0.129335492,-0.49351523,-1.293237478,-0.867471374,0.463947369,0.5466482,1.260919751,0
-0.230422179,-0.119685913,-0.10568517,-0.559334076,-0.072758722,-0.337103565,-0.140633932,-0.095635595,-0.427985727,0.022633188,0.550985398,-0.647332635,-0.262262733,-0.680583814,0.202342013,-0.43731188,-0.49266917,-0.48978872,0.893028391,0.379501499,0.049319282,0.156229346,-0.203918153,0.051015554,-0.633626791,-0.118086874,0.125331822,0.194591443,-0.604101432,1
1.00168038,0.313598524,-0.706894316,1.013410916,0.854364362,-0.354105501,0.122636671,-0.083730814,-0.735999183,-0.296057234,0.591119315,-0.653223936,-0.932663039,-1.061103424,-1.084605838,0.168001189,0.087179454,0.494244333,-1.509675654,0.060080855,-0.008699337,-0.425321543,-0.142988627,0.190232311,0.799436716,0.408895049,0.331675285,0.559758842,0.827928693,1
0.512287008,-0.009538228,-0.503615573,0.442296425,0.025557682,0.003939082,-0.195456728,0.029071151,0.142146521,-0.578538377,0.758116537,-0.470005238,-0.563747111,-1.038073541,-1.28585768,-0.452719435,-0.231108942,0.328421773,-0.027305693,0.276809293,0.139417425,0.552600637,-0.231975636,0.696094752,0.601751773,-0.610204196,0.593663112,0.698615125,1.094426967,1
0.95652251,0.381929244,-0.515450194,0.87931445,1.891830439,-0.786493977,1.18986471,-0.241570615,-0.648833401,-0.050101042,0.258672172,-0.268298937,-1.541767132,-0.950070244,0.444727726,2.880137941,4.452756656,2.994461118,-3.002285783,-0.221588656,-0.174238113,-0.421121356,-0.545041876,-0.99535271,2.223308462,1.154770431,-0.226129675,0.287446295,0.50988008,1
0.790793078,-0.501644425,0.538465064,-0.180042951,0.21873795,0.551345579,0.44928713,-0.127378957,0.386482005,0.665205674,-0.054350421,1.039118267,-0.469463597,1.135402113,0.645310808,0.587777281,0.282962238,0.436232797,-0.614455866,-0.111110077,-0.027838314,0.252440873,-0.253212348,-0.509767225,0.843375531,-0.608945476,-0.231839037,-0.041813878,1.547308436,0
1.15640302,-0.230807518,-0.053635042,0.55881179,1.028101318,0.669040701,0.500616737,-0.151837202,-0.143984779,1.061784135,-0.707171816,0.582278318,0.653774427,0.10876756,-1.302914673,1.136324423,0.702203672,0.807152247,-0.388899085,-0.160691862,-0.056568141,0.425076677,-0.002387864,0.059103077,-0.314804625,2.007905202,-0.321789333,0.011097021,1.399024085,1
-0.702856063,-1.344015664,0.042130256,-0.459953473,-0.071752538,0.288983229,0.414458436,-0.121993473,0.000995258,0.37903666,-1.302314734,0.016950972,0.059499743,0.176342812,-0.295243961,0.005690304,0.132657197,0.237440794,-1.212598282,-1.675555572,-0.251444576,-0.467912657,-1.133242899,-0.676660177,-0.21513271,-1.109727724,-0.198556918,-0.661474393,0.264555376,1
0.047064989,-0.150464614,0.839554555,-0.488687595,0.497698975,-0.299622428,0.83101486,-0.184522139,0.253713901,0.235567094,-0.866161419,0.307764243,-0.861457832,0.401424166,0.262767033,0.82917608,0.52793204,0.568794746,-1.11378913,-0.273677286,-0.111174513,-0.215692097,-0.193661024,0.469664567,0.677912173,-1.068423692,-0.28163713,-0.115921719,-1.638639791,1
-2.496213122,3.121300831,-2.398298206,1.253287013,-3.087962132,-2.691610304,-2.308563481,5.265219377,-1.10256096,-1.216792198,0.991137925,-0.941052311,1.163675747,-0.752675836,-0.164083026,-1.128150152,-1.351917203,-1.420044233,0.425616493,1.477804673,0.567964178,-1.681224292,-0.935683369,0.323497301,3.491557592,-0.474286046,1.633854989,0.831535436,1.357942763,1
0.014063643,-0.586419414,1.788444547,-2.460256757,0.025477427,0.617271894,0.266350646,-0.108734844,-0.629752358,1.001431863,-0.68772206,0.103245122,0.343336778,0.484589223,-0.391109126,0.857452366,0.291261919,1.45048568,-0.390549387,-0.439652596,-0.118445733,0.105029633,-0.456874863,-1.431004376,0.703411951,-0.294459979,-0.170143145,0.009460071,0.741493189,0
1.666637843,-0.476413834,0.284431015,-0.061350451,0.255162687,0.605701688,0.357746473,-0.146509847,1.184643992,0.571629741,-1.521375639,1.834954701,1.094003859,0.461208822,-1.272838321,0.213139244,0.398882735,-0.235096474,-0.052331006,-0.344109862,-0.316191801,-1.048488006,0.438984055,1.174570846,-0.501600428,-3.08206311,-0.169262968,-0.151894936,-1.36018993,0
1.064521698,-0.452901514,0.698660163,-0.658509959,0.200097539,0.570153783,0.270011893,-0.158009053,1.541501024,0.45093049,0.071278103,-0.073346496,2.78226186,1.810339741,-0.176771929,1.246022109,0.311932278,1.072171269,0.056187465,-0.144399813,-0.137349309,-0.013806875,-0.207146605,-1.328679747,0.51082397,2.127189966,-0.337864129,-0.135788171,-0.513749981,0
1.664162555,-0.666704183,0.480420561,-0.49589285,-0.034228855,0.617926819,0.119073385,-0.079954257,1.386071789,0.664487815,-0.259656926,1.195972723,-0.487917734,0.669788296,-0.119730601,1.064398325,0.215450077,0.741045572,-0.187702167,-0.357133325,-0.087056286,0.148181489,0.342453781,1.668938009,-1.027585888,0.67162725,-0.25479975,-0.199130309,-1.488469715,0
-0.883160024,0.511343527,-0.666594632,0.620802372,0.162514318,-0.404813271,-0.409897062,-0.598821906,0.056612498,-0.296603869,1.021257356,-1.038183382,0.090113609,-1.207511939,1.825099474,-0.930400071,-0.628536492,-0.341585955,1.173212121,-0.66645885,0.896373604,-0.0611241,-0.05582316,1.270523315,-0.807629023,0.097630027,-0.92563569,4.145511958,1.672605744,1
1.814216754,-0.394072733,-0.132153774,-0.435717158,0.488497409,-0.428780248,0.756079956,-0.281583792,0.638305921,0.579301499,-1.098274277,1.348426554,0.849928454,0.993347251,-0.323934394,0.000845079,0.400557247,-0.103937,-0.125208972,-0.358785801,-0.043500925,0.635627255,-0.128100816,0.025298773,0.892292702,-0.137815715,-0.289298606,-0.273403411,0.296206634,0
0.987395433,-0.597456843,1.189750505,-0.541153874,-0.172784663,0.186073097,0.207830292,-0.132028525,1.365129117,0.452467625,-1.178756466,0.610434802,-0.75318271,0.567032235,0.408387477,0.596852076,0.432787675,0.143650971,-0.016005555,-0.262464411,-0.153045097,-0.24432858,0.037063779,0.930751393,0.043019896,1.969734544,-0.28485944,-0.060734716,-1.218191324,0
-0.858127142,0.514111619,-0.596596835,0.585119867,-0.471301167,-0.187405383,-0.732893979,-0.046754829,-0.632865905,-0.818382537,0.771506111,-0.999516832,-1.081629625,-0.955525767,0.711708202,-1.333153952,-1.041535994,-1.388637061,0.553072338,-0.42184741,0.874417821,-0.061456246,-0.316788448,-0.126043612,-0.894160176,-0.698325809,-0.011679058,0.233489497,-0.939741463,1
0.902080183,-0.445856924,1.41156196,-0.120289097,-0.059771935,0.490644783,0.251919696,-0.116222741,0.781291969,0.569137289,0.015885927,2.585892499,1.156199788,0.519024157,-0.730186824,0.567735458,0.293912983,0.472558119,-0.220661168,-0.212366856,-0.096752676,0.211276841,-0.034127638,1.209685385,0.572214189,-1.085170742,-0.149613447,-0.020113037,0.728689052,0
1.11481545,-0.528729143,0.045869698,-1.322268445,1.217487272,2.039138933,0.246137241,0.027540371,0.567004941,0.543051982,-0.600264646,0.642644048,0.141579119,0.928485705,1.606196283,0.884222409,0.211696619,0.281790575,0.155771609,-0.095458134,-0.168917959,-0.577109434,-0.019082989,2.378764224,0.578365356,1.940278204,-0.32983098,-0.106015272,-0.751567915,0
-1.807050638,1.597438402,-1.688817267,1.17647811,-2.052465904,-2.22711341,-1.886939457,2.335993239,-2.047581425,-2.12737295,1.382392032,-1.55851307,1.28864662,-1.495193354,-0.400567185,-1.721720062,-2.083173944,-2.10375271,0.730935308,-1.128193884,0.768849821,-0.72438466,-0.13969183,0.967005461,0.887191014,0.026834422,-1.438326818,-1.700190248,0.92513233,1
-0.741221608,0.542028269,-0.978820265,1.555630479,0.062009822,-0.781102233,-0.343176972,-0.188958617,-0.283913684,-0.156954618,1.029664896,-1.264164859,-1.212697988,-1.67436885,1.50326255,-0.919083245,-0.678495743,-0.333637556,0.704568669,-0.34941434,0.10799362,0.639528885,0.39007261,-1.041494116,-0.742987235,0.793855248,-2.436762333,0.913777466,0.360880454,1
0.072177537,0.512051303,-0.415493055,0.778340147,2.175398638,-0.844005272,0.551123411,-0.727589985,-0.794068319,-0.232743277,0.230928504,-0.278930134,-2.552982808,-0.87203031,0.090849776,3.128757186,4.595927195,2.891497385,-3.750076823,0.294699073,-0.670219351,-0.19468753,-1.343341093,-0.411756224,2.030677434,0.969761207,-0.097370842,0.897861753,0.337868845,1
-1.682977311,1.313062422,-1.525085319,1.824835499,-1.936581268,-1.442969636,-1.853783932,2.092439233,-2.2177108,-1.910786738,1.382202809,-1.6228228,1.42966944,-1.443283526,0.439201978,-1.855936031,-2.138388177,-2.1177615,1.988208529,-0.949306568,0.880719129,-0.11882891,-0.769467916,1.305141698,-0.115540809,0.283231424,-1.291990077,-1.446501898,1.289183931,1
-2.36886501,3.503152866,-2.12437464,2.003102287,-2.649909552,1.973582884,-3.643152498,-4.062768446,-3.157266799,-2.785556768,0.71282057,-1.443790312,-1.816717297,0.29439277,-3.113301015,-1.402590573,-1.81370279,-1.949828166,-1.357870347,5.526780307,-7.051281274,6.430265048,3.364241678,0.820690332,-2.145387532,-0.946982298,-3.663640544,-0.990259349,-1.593188792,1
-1.812072934,1.539000655,-2.029236143,2.343298457,-1.481359394,-1.053098794,-2.020315213,-0.174630953,-1.95320809,-1.937781007,2.191338605,-1.742230362,0.684409836,-1.716033482,-0.365536935,-1.531404739,-1.412659554,-1.45459658,0.366413134,0.828811882,-1.143929256,0.947442233,0.497227428,-1.650805089,-0.416232379,1.363354389,3.202571563,-3.414093064,-0.787275285,1
-0.237933421,-0.812183515,0.390817735,-2.916976147,0.843395389,2.047035187,0.08823684,0.183365859,-0.665073598,0.931596884,-1.011460053,0.100355148,0.565389364,0.669343499,0.286170564,0.755785258,0.391731219,0.713633438,-0.628609355,0.00599765,-0.202681924,-0.857283333,0.178530364,2.042334181,-0.029856386,-1.339168546,0.017467195,-0.06009326,0.4461773,0
0.369921402,-0.0374561,-0.125528704,0.333249269,-0.211041945,-0.268105155,-0.193670051,3.84E-06,-0.127624299,-0.308591323,0.71121966,-0.572346021,-1.89311928,-0.550002835,0.158632874,-0.436992331,-0.565832343,-0.157895265,-0.01018124,0.072947649,0.097519112,0.038020769,-0.203839488,0.454816694,1.126639761,-0.361227656,0.495313065,0.621778659,-0.55788892,1
0.471804208,-0.136815673,0.166621191,-0.388419855,0.684819319,0.166956074,0.939660808,-0.227223175,-0.10803796,0.728879376,-0.045013956,1.048967444,0.295078446,1.465828932,0.913043954,-0.204347636,0.583207651,0.654844267,2.10842988,0.097223577,0.044000868,1.177687825,-0.136426547,1.89179885,-1.254141007,0.996266846,0.030079644,0.465314358,0.03011296,0
1.002747574,-0.589434645,1.68508964,-0.301796348,-0.26550316,0.242036441,0.096835754,-0.166549486,1.055549594,0.758094573,-0.269287295,-0.222066235,2.797930321,1.422440358,0.665843509,0.033397327,0.548570015,2.271584883,-1.988684007,-0.668909726,-0.192746789,0.081206383,0.013498174,1.361552112,0.251380123,-0.752770711,-0.148995998,0.021070867,1.465394333,0
1.578929772,-0.683518377,1.085837926,0.06628142,-0.18620149,0.879421103,0.035064077,-0.068556023,2.2997861,0.513033158,-2.016411142,1.778718888,0.764972586,0.150336721,-1.628108058,0.286944172,0.430913144,0.31053264,-0.410363733,-0.423469441,-0.053156234,0.959093475,0.10413184,0.102695045,-0.270436751,-1.164413837,-0.067553089,-0.143429944,1.161265396,0
-0.654403019,0.059538017,-0.604842615,0.63496034,-0.456562325,-0.409253987,-0.417179475,0.277389204,-0.699252223,-0.778374052,0.980436012,-0.873034722,-0.656266668,-0.958002858,0.381070301,-0.893918833,-0.91506574,-0.507514195,1.175391118,0.735436121,0.226645716,-0.113654536,-0.24359997,-0.371830255,-0.071518418,-0.454310154,1.378615335,0.162062476,-1.537430616,1
1.676997603,-0.455812103,0.236161678,0.006991084,0.215614677,0.269001817,0.446515697,-0.189349395,1.138689829,0.577197111,-1.535832449,1.965949419,0.993673302,0.477890631,-1.796617948,0.006876653,0.493007198,-0.278674445,-0.031302819,-0.403506893,-0.233315957,-0.443217723,0.205987647,0.013169478,0.052060194,-2.139095624,-0.180175675,-0.199322486,-0.621945725,0
1.313978148,-0.74432482,0.395655165,-1.380352397,-0.133609423,-0.367659088,0.274016773,-0.23664223,-0.502243867,1.428929697,-1.014676208,0.033619948,-0.255818984,0.76122921,0.3588005,0.094475045,0.706181156,0.211460061,-0.315535544,-0.575100534,-0.178247083,-0.177738473,-0.095813068,0.788162519,1.027090725,-0.173055176,-0.245430659,-0.08971173,-0.727076627,0
-0.991481542,-2.582309881,-0.410513386,0.526749956,2.715890981,-2.601301132,-0.61046608,0.14647,0.071011713,-0.454267904,0.542621379,-0.423119925,-1.334349783,-0.717995094,-0.882896754,-0.411250404,-0.18604009,0.213017543,0.215926402,2.001024059,0.278162878,-0.503319792,-0.262599319,-0.707548144,0.074512529,0.53717333,0.592073156,-2.193943006,0.145559709,1
-0.294066439,0.007312893,1.352384244,-0.354977008,0.174374513,0.469151535,0.52791392,-0.08088436,0.303434659,0.870810061,0.063490619,0.658895772,-1.349527196,1.140341628,1.069357494,0.285499825,0.442987875,0.453404633,0.06495861,-0.237081771,-0.051024794,0.187633524,-0.160863569,0.39762834,-0.257129406,-1.050564346,-0.863081807,-0.349457324,-0.228835194,0
1.644393076,-0.531674107,0.440623808,-0.37908622,-0.028866249,-0.103827675,0.32873488,-0.198123055,1.212176501,0.509920731,-0.725350664,2.01278886,1.557296426,0.557795135,0.495707212,0.467513456,0.299308249,0.02120283,-0.4339967,-0.266013097,-0.153121941,-0.206606815,0.377307005,0.968985869,-0.788913758,-1.672732456,-0.190725233,-0.146885155,-0.182353912,0
1.657352693,-0.233115002,0.358307931,0.678504007,0.383288532,0.416941406,0.421876957,-0.1903809,0.826923217,1.147318943,-0.890045904,-0.361375946,1.728212559,1.93225403,-1.448136421,1.170548796,0.401609719,0.249694703,-1.790162387,-0.520837808,-0.173690056,-0.211575524,0.20013951,-0.35648918,-0.30625411,-0.291191395,-0.294298341,-0.223200702,-0.200925039,1
-1.793411304,1.569222828,-1.752744605,1.434834834,-2.071575884,-2.236725437,-1.898359681,2.442385869,-1.94121978,-2.088346881,1.40401246,-1.62013829,1.212175872,-1.505299358,-0.867461178,-1.711644166,-2.028747081,-2.049490739,0.600278062,-1.355061317,0.848007164,-0.620632331,-0.280772162,0.973344419,0.330709069,-0.015817289,-1.74998321,-1.827840798,-1.449726402,1
-1.177181501,-1.9473509,-0.45801542,0.644636516,1.17084159,-1.472807196,-0.715264411,-0.187610314,0.304097423,-0.010585658,0.634172295,-0.37580385,0.29995077,-0.581991576,0.13147618,-0.654656248,-0.690161925,-0.639936654,1.600359838,-1.977398313,-0.398938201,-0.297686261,-3.411314826,0.730563443,-1.289946743,0.398880826,1.999765915,-2.937461818,-0.156588135,1
0.045457282,-0.096101719,1.423201952,-0.558446393,0.200289077,-0.253959455,0.688955274,-0.16882206,0.286034145,0.40506746,-0.590178629,0.532544509,-0.185258083,0.533339987,1.048992836,0.66598266,0.489891742,0.187243012,-0.397765095,-0.078558486,-0.204137587,-0.619541735,0.002421465,1.404947491,-0.429045782,0.134314754,0.054803166,0.144035524,-0.452447343,0
0.767695717,-0.577905936,0.873268329,-0.505875476,0.240163137,1.305644762,0.216034058,0.007083399,0.588223356,0.545998525,0.371544016,1.506606583,-0.457624116,1.022829434,2.155544167,0.201025179,0.615004286,-0.470295892,-1.622621826,-0.319177484,-0.080412904,0.102799352,0.175787556,-1.669548515,-0.480073219,0.856428191,-0.19421879,-0.086618209,0.564243832,0
-0.208097312,0.036798148,0.126142898,-1.37621843,0.451393132,0.183524211,0.576674472,0.051549434,0.349974165,0.348652194,-1.111366968,0.689053034,-1.107186825,1.616292801,-0.971609186,0.636003871,0.27794557,0.684419823,0.421250841,-0.326030222,-0.136133152,-0.305709369,-0.228197585,-1.82149923,0.023234406,-0.123773603,-0.009139431,0.209531513,-0.537849674,0
0.977678082,-0.521245465,0.840153829,-0.706108795,-0.011812596,0.251613065,0.278524168,-0.109041956,0.706643657,0.578337948,0.148460188,0.836172866,-1.397309565,1.121759329,1.099981147,0.677661555,0.382965145,0.153508089,-0.306581474,-0.352504475,-0.127355345,-0.245723291,0.135896291,0.529260857,-0.1818779,1.823723192,-0.312891004,-0.113076105,1.162606355,0
0.792830737,-0.59620801,1.200109914,-0.04383064,-0.080500179,0.637976137,0.234832928,-0.081856225,1.230704747,0.523869806,-1.226198968,0.447373064,-1.520836249,0.700506403,0.630004032,0.413141352,0.476868829,0.128072066,-0.784205282,-0.269826585,-0.106142051,-0.078003295,-0.049183744,0.121959534,0.332333015,-0.885310341,-0.165931547,0.010049144,-0.19140105,0
0.927189153,-0.555347812,0.771697896,-0.634669888,0.122092062,0.765213319,0.283876709,-0.085499277,0.817734942,0.479715338,0.096999168,2.072309663,0.14739678,0.680964182,-0.570633091,0.094187857,0.614305914,-0.288766805,-0.194388298,-0.282998602,-0.113129103,0.159697916,-0.023033595,-0.302350697,0.305653896,2.19827812,-0.276504099,-0.135847662,-1.598870528,0
-0.656810217,0.677171362,-0.457114903,1.058988308,-0.772623029,-0.109772974,-0.875994538,0.468350124,-1.411280967,-0.951057094,0.772561145,-1.172180057,1.757710291,-1.067842599,1.203045078,-1.425828909,-1.607452457,-1.471594468,1.685854751,0.758776833,0.485208445,0.720557019,-0.163636906,0.031072364,-0.05079595,0.802071796,1.06302494,1.234986076,0.213444317,1
0.911502091,-0.479688777,1.207261298,-0.109053552,-0.100892188,0.20617282,0.259382219,-0.130985981,0.93099291,0.607490003,-1.072237862,0.360300561,-1.003951314,0.827437477,1.91185028,1.017968848,0.254131031,0.678776241,-0.845834976,-0.284052504,-0.059280313,0.158272717,-0.051204503,0.711776599,0.384310784,-0.868643466,-0.183486531,0.007394141,-0.907610466,0
-0.062275964,-0.124058828,1.98343054,-0.334341907,0.08487131,0.074023004,0.618523404,-0.168859102,0.455298205,0.499650768,-0.79796393,1.061914646,0.450044143,0.515394998,-0.373383346,0.01159501,0.632231972,-0.007899654,0.453226895,0.010379276,-0.102848968,0.285878279,-0.257872887,2.216326822,0.0920909,1.042494641,-0.000248807,0.293569341,-1.264461637,0
-0.041196133,-3.06340906,-0.526237007,-0.741129032,-0.33610669,-0.360645146,1.410658332,-0.394718606,-0.568740288,1.12586505,-1.308291047,0.134408037,0.32642103,1.147535326,-0.544883982,-0.095836812,0.779477571,0.263992737,-0.669313533,2.368396972,0.301883158,0.012769516,-1.458295109,0.393156024,0.033474479,0.31211142,-0.627248998,0.343538212,-1.305612318,0
-0.790913029,1.60301287,-1.576014343,2.004943792,-0.722452759,-1.617320811,-1.348260645,0.978297176,-1.77569218,-1.775960397,2.40204523,-1.909414721,0.212566756,-2.010713467,-0.617380807,-1.794942471,-1.590386158,-1.510964596,0.514579425,1.203701562,0.617507442,0.1217893,0.292451989,-1.925339158,-0.432344914,1.314528893,2.208339934,1.706227443,-1.052370465,1
-0.151910767,-0.346186228,1.346423544,-1.573763059,0.311174064,-0.375388095,0.64385591,-0.216617463,1.592412715,0.031188177,-0.909693852,0.297891095,-1.667688507,0.180451449,0.839969764,0.35512882,0.658283404,0.915425525,-0.244169255,-0.362420407,-0.114789607,0.098246853,-0.274431728,0.55081017,0.208278806,-2.180792112,-0.556183537,-0.113499968,0.555559388,0
0.080497616,-0.253177038,0.514546435,-1.015914529,1.27423314,2.305398951,0.413536575,0.045492425,0.139310007,0.566935375,-0.58060246,0.441162863,0.234710373,0.902856165,2.695156745,0.431294665,0.365398819,0.451375654,1.549756324,0.167607001,-0.209914687,-0.854439612,0.024369132,2.288562035,-0.899393814,1.425298446,-0.283443882,0.181771745,0.537952076,0
-0.489154522,-0.731507893,1.056900246,-0.509185389,0.786293185,0.343607504,0.438630164,-0.071906252,0.225722621,0.575365881,0.160116724,1.46226349,0.425686272,0.889889855,0.752751159,0.37624238,0.397763939,0.026072661,-0.497593966,-1.063606661,-0.104863553,0.907495506,1.426667613,-0.425975087,-0.485701497,0.748812301,-0.255085252,-1.047993172,0.771222598,0
-0.056404064,-0.313545997,1.391513486,-1.820605868,0.405148618,-0.039495167,0.670925096,-0.184055466,-0.538360262,0.60539857,-0.023397971,0.769551318,0.95952736,0.677694494,-0.962508205,1.498978445,0.365518376,-0.35661218,0.37357125,0.024070638,-0.12197871,-0.381116625,-0.29338257,0.059805467,0.777810368,-1.333873303,-0.247685347,0.001457336,1.610875387,0
1.603792879,-0.44782569,-0.15350987,-0.376482037,0.523608405,0.068751334,0.58657623,-0.195254908,0.493684276,0.494213861,0.045687579,1.428819062,0.166491249,0.401602362,-0.705631318,0.603866451,0.624267225,0.430454227,-0.134810801,-0.155055433,-0.140338583,-0.328746649,0.101481471,1.36063919,-0.146640085,0.379791966,-0.325047571,-0.170890409,0.855661114,0
-0.195108421,-0.184787847,0.453439721,-0.858732463,0.552391261,-0.318985407,0.663748721,-0.08861222,0.423390997,-0.046420366,-1.13477112,0.686758904,-0.042961086,0.168582053,-0.569509661,0.503560086,1.00093788,0.45057473,-0.286966968,-0.174027146,-0.140045786,-0.406734794,-0.18765003,-0.216724639,0.058710378,-0.191926585,-0.251757228,-0.040975523,-0.326181886,0
-0.202452706,0.52113254,-0.844594634,0.920038792,-0.414263032,-0.970828165,-0.759868905,0.18408977,-1.297524931,-1.215554618,1.619694818,-1.314970983,-0.294729511,-1.582915623,-0.174896881,-1.26549722,-1.451670373,-1.197124046,0.655187911,0.89115412,0.303790166,-0.483376813,-0.308632622,-0.700950534,1.436891129,2.187162365,1.677626738,1.60344587,0.324946219,1
-0.35307277,0.227990468,0.013953152,-1.039935033,0.466653154,0.386766698,0.320735405,-0.76341064,0.983477699,0.677248281,-1.328159865,0.6007035,-0.265858714,0.3071494,-0.275530684,0.762419661,0.663022442,0.261487134,-0.443741315,-0.683825428,0.857069836,-1.689070223,0.51297899,0.639953685,-0.482903237,0.288425297,-0.029875577,-0.270495878,-1.046953163,0
-0.168139579,-0.129040578,0.834834725,-1.223614377,0.557171335,-0.257133613,0.827607084,-0.184236083,0.613506482,0.487285494,-1.427130587,0.406802793,-0.920038973,0.808478918,-0.562774559,0.479390768,0.295551853,-0.120374849,-0.737607707,-0.240937907,-0.231043112,-0.686976785,-0.177962625,-0.08421622,-0.314076401,0.280003793,0.115968479,0.4568023,0.912768919,0
1.501133157,-0.955156835,0.00531941,-0.94239633,-0.037607907,0.311404266,0.161532633,-0.125571904,0.467164301,0.683506181,-0.015057871,0.247469003,-1.045238792,0.084399591,-0.181498153,2.252641061,0.949116906,0.429254727,0.100375401,0.173539016,0.046125198,0.612577774,-0.022809885,1.244161961,-0.537584675,-0.344824146,-0.256477913,-0.070656083,0.100295116,0
-0.291849417,-1.751177904,1.201412572,-1.236107837,-0.756571708,1.764665436,1.101240783,-0.082277893,-0.233891429,0.596341678,-0.67554926,0.372583261,-0.340897058,0.212631642,-2.498343209,-0.084454534,0.97722987,0.471226018,0.257920926,1.220718353,-0.048939789,-0.289253418,2.034908974,-0.713604464,0.228514349,-0.565830484,-0.41028821,0.081190938,-1.515184857,0
0.291192131,-1.089775729,1.14491533,0.138052621,-0.218021427,0.858841548,0.384134374,-0.109639223,1.473982247,0.335038923,-1.161530081,1.878915022,0.311125718,0.336940691,-1.531572184,-0.049288085,0.756219302,-0.27665667,-0.378994324,0.564411264,-0.087667947,-0.377671606,-0.366567745,0.960103335,0.34974314,-1.142337131,-0.208545034,0.175556907,1.186963258,0
-0.196705018,-0.44274748,0.288968751,-0.587580183,0.759502345,0.876881374,0.094332883,-0.638984274,-0.415421185,0.85691814,-0.279945651,0.205052152,-0.357626867,0.549310451,1.076033517,0.960499522,0.964832726,0.184358559,1.617514866,0.39256821,-0.511774831,1.160020719,-0.152237294,-2.109540703,-0.15696582,0.58171839,-0.352417969,0.416998856,-0.445259918,1
-0.034084953,0.841266448,-0.913628717,1.459194242,0.563476509,-0.874867688,-0.19646347,0.081899016,-1.469775281,-0.828631439,1.228646859,-1.006762008,0.410507688,-1.565324349,0.722567768,-0.483698285,-0.133899467,0.620155562,0.593572796,0.685639494,0.123995673,-0.365132002,-0.242732687,-1.626095431,-0.33049649,1.137295429,0.782864341,0.821442909,-0.423225129,1
-0.874909685,0.43720599,-0.63424841,0.855668886,-0.571781809,-0.170321165,-0.538334754,0.06917574,-0.624253463,-0.434739272,0.564769853,-0.993197414,0.267977015,-0.962017785,0.147187024,-1.06923439,-1.224088994,-1.200427618,0.314980879,-0.577047265,0.424103105,0.214833465,0.15513763,1.316184475,-0.627027753,-0.648332838,-0.98239043,2.430074015,0.820008654,1
0.263901294,-0.208045712,0.324611123,-0.689776891,0.639314756,-0.437278612,0.867337243,-0.247898872,0.684517564,0.394947598,-1.024608194,0.208911762,-0.904031986,0.32996295,0.942702573,0.45599499,0.576420767,0.937392281,-0.374097375,-0.042714892,-0.016502887,0.885706578,-0.188124392,-0.096738342,-0.666645884,-0.378439886,0.009683923,-0.171969257,0.227868297,0
0.338227209,0.05953292,-0.086010626,0.698776386,-0.124781141,0.125794012,-0.208623373,0.019748182,-0.327364894,-0.301329345,0.704349159,-0.427719483,-0.134001472,-0.807125991,-1.293926568,-0.351555393,-0.469438456,-0.201857002,-0.279768246,0.181485516,0.052444065,-0.081819724,-0.222412204,0.194753787,1.135793898,0.361267026,0.521219341,0.67102664,0.393879896,1
0.062593604,0.763861466,-0.898102763,1.343308855,0.509904537,-1.455004634,-0.190238081,-0.027652912,-0.98827098,-1.011780191,1.714949305,-1.396144688,-0.269686529,-1.44937377,-1.365370714,-0.525233556,-0.270313504,0.378971231,-1.425994596,0.460496828,0.107820626,-0.523250112,-0.611390024,-0.446459364,2.567105757,1.106043551,0.921917352,1.258959647,-0.79382691,1
-2.181204911,2.545669368,-2.132448961,1.204005371,-2.578388743,-2.481552258,-2.035327775,3.913854377,-1.178245899,-1.316159659,1.273533655,-1.145132162,0.422133908,-1.081661553,-0.056493948,-1.320494654,-1.501506324,-1.469540045,0.732094404,1.379619755,0.553297484,-1.30272827,-0.872248052,0.285840371,2.387680246,-0.520218169,2.022372268,1.023496182,0.433032144,1
-0.056066382,-0.185898513,1.529843065,-0.783153056,0.56583508,1.195268888,0.532965515,0.001579709,0.104663285,0.462090395,0.439386373,1.71182369,0.123851705,0.964214615,1.437368343,0.014377288,0.672107014,-0.577903943,-1.435095529,-0.182491324,-0.120284848,0.021119443,0.095923255,-1.369374948,-0.964306187,0.389720807,0.169046461,0.138156033,-0.221491709,0
-0.551349889,0.667792906,-1.042654639,0.701044925,-0.471943837,-0.663315161,-0.088032037,0.084452499,-0.537302834,-1.007444925,1.218807718,-1.18276527,0.748677393,-1.269819048,-0.716566401,-1.030062492,-0.742536738,-0.517094784,0.64288841,-0.230401287,0.16358411,0.467266534,0.044373906,-0.87869706,-0.281383599,-0.898379479,0.409119438,-0.77981332,-0.76592976,1
-1.145813245,0.443537447,-1.133903329,0.995799162,-0.743152381,-1.36537034,-0.96248506,0.781250715,-1.344471163,-1.239974171,1.440671833,-1.23341913,0.129958622,-1.43184024,-0.236653966,-1.14732416,-1.388840918,-1.139959394,0.624887308,0.321018318,0.320687462,-0.448448484,-0.138068451,-0.623129894,0.349743308,1.804592626,1.708676336,-0.577931913,0.68149972,1
